Zip,city,state,metro,county,2010-01,2010-02,2010-03,2010-04,2010-05,2010-06,2010-07,2010-08,2010-09,2010-10,2010-11,2010-12,2011-01,2011-02,2011-03,2011-04,2011-05,2011-06,2011-07,2011-08,2011-09,2011-10,2011-11,2011-12,2012-01,2012-02,2012-03,2012-04,2012-05,2012-06,2012-07,2012-08,2012-09,2012-10,2012-11,2012-12,2013-01,2013-02,2013-03,2013-04,2013-05,2013-06,2013-07,2013-08,2013-09,2013-10,2013-11,2013-12,2014-01,2014-02,2014-03,2014-04,2014-05,2014-06,2014-07,2014-08,2014-09,2014-10,2014-11,2014-12,2015-01,2015-02,2015-03,2015-04,2015-05,2015-06,2015-07,2015-08,2015-09,2015-10,2015-11,2015-12,2016-01,2016-02,2016-03,2016-04,2016-05,2016-06,2016-07,2016-08,2016-09,2016-10,2016-11,2016-12,2017-01,2017-02,2017-03,2017-04,2017-05,2017-06,2017-07,2017-08,2017-09,2017-10,2017-11,2017-12,2018-01,2018-02,2018-03
98052,Redmond,WA,Seattle,King,,,,,,,,,,,,,,,,,,,,,,,,,,,,,,,,,,,,,,,,578450.0,600400.0,605000.0,593475.0,550000.0,567450.0,589750.0,539900.0,599000.0,599250.0,649900.0,599950.0,624999.0,624999.0,617000.0,615000.0,589500.0,582450.0,598901.0,599975.0,550000.0,539975.0,525000.0,562475.0,592995.0,634950.0,644950.0,635000.0,625000.0,615997.5,617000.0,616997.5,625000.0,645947.5,625000.0,649950.0,670495.0,694995.0,694497.5,679875.0,698950.0,699950.0,699974.5,700000.0,699999.0,679000.0,600000.0,622000.0,655000.0,699950.0,699000.0,668000.0,697425.0,698500.0,675000.0,677000.0,650000.0,724999.0,700000.0,725000.0
98012,Bothell,WA,Seattle,Snohomish,334725.0,339000.0,329950.0,319950.0,319958.5,319000.0,314355.0,308950.0,308950.0,293475.0,283725.0,279925.0,274900.0,269925.0,274900.0,275000.0,279950.0,283990.0,279900.0,279990.0,282990.0,275000.0,274950.0,265000.0,274925.0,289900.0,284970.0,289950.0,299000.0,299975.0,300000.0,305000.0,300497.5,299950.0,349000.0,355000.0,375000.0,379950.0,375000.0,365495.0,374975.0,375000.0,379970.0,379000.0,380000.0,385000.0,389950.0,419995.0,389950.0,395000.0,389950.0,419000.0,395000.0,408475.0,419475.0,424950.0,429900.0,435000.0,439000.0,425000.0,438975.0,439950.0,439950.0,447950.0,444950.0,449950.0,454997.5,459500.0,470000.0,469950.0,474997.5,474995.0,479990.0,484950.0,487995.0,488497.5,489000.0,484950.0,489975.0,495000.0,485500.0,499999.0,522450.0,524995.0,517950.0,532950.0,549950.0,540000.0,549000.0,550000.0,549950.0,549950.0,549950.0,550000.0,564950.0,549950.0,579000.0,597093.0,599999.5
98103,Seattle,WA,Seattle,King,,,,,,,,,,,,,,,,,,,,,,,,,,,,,,,,,,,,,,,,,,,,,,,,,,,,,,,,,,,,,,,,,575000.0,572475.0,599900.0,590000.0,575000.0,599900.0,599000.0,575000.0,560000.0,560000.0,575000.0,596500.0,638000.0,625000.0,632450.0,619450.0,623000.0,623975.0,637500.0,679000.0,625000.0,689000.0,649999.5,685000.0,686875.0,699000.0,699725.0,696500.0,699450.0,760000.0,719999.5,720000.0,799000.0,799000.0,785950.0
98115,Seattle,WA,Seattle,King,439000.0,438000.0,431950.0,424950.0,425000.0,425000.0,409999.0,419000.0,419000.0,417000.0,410000.0,417000.0,399950.0,400000.0,399900.0,422475.0,400000.0,410000.0,419475.0,399900.0,399000.0,357250.0,330711.0,320000.0,319500.0,315000.0,359500.0,400000.0,429000.0,424475.0,425000.0,399950.0,409000.0,399925.0,449000.0,442500.0,429000.0,417000.0,439000.0,440000.0,469000.0,485000.0,489950.0,475000.0,450000.0,450000.0,450000.0,450000.0,475000.0,475000.0,475000.0,475000.0,474900.0,499925.0,525000.0,525000.0,517500.0,525000.0,500000.0,487000.0,475000.0,474500.0,525000.0,540000.0,544000.0,550000.0,575000.0,575000.0,580000.0,550000.0,550000.0,617450.0,619950.0,629000.0,612470.0,632000.0,672450.0,650000.0,662250.0,649475.0,625000.0,625000.0,646975.0,649000.0,649950.0,678000.0,650000.0,679000.0,722222.0,749950.0,750000.0,724975.0,699000.0,717000.0,732000.0,729500.0,769000.0,799975.0,799900.0
98133,Shoreline,WA,Seattle,King,,,,,,,,,,,,,,,,,,,,,,,,,,,,,,,,,,,,,,,,,,,,,,,319950.0,310000.0,295000.0,308900.0,325000.0,339850.0,340000.0,350000.0,350000.0,349950.0,339950.0,339950.0,332950.0,319975.0,350000.0,349975.0,370000.0,367500.0,375000.0,375000.0,379975.0,379950.0,389450.0,384900.0,375000.0,384950.0,383325.0,379950.0,408000.0,419975.0,420000.0,429900.0,425000.0,425000.0,429000.0,429000.0,450000.0,449500.0,458888.0,474900.0,474900.0,489950.0,499950.0,499475.0,499950.0,529000.0,525000.0,524975.0,537000.0,525000.0,566500.0,524975.0,549950.0
98122,Seattle,WA,Seattle,King,,,,,,,,,,,,,,,,,,,,,,,,,,,,,,,,,,,,,,,,,,,,,,,,,419950.0,402500.0,454475.0,499475.0,499950.0,499000.0,475000.0,475000.0,474800.0,459950.0,449950.0,489000.0,554950.0,538750.0,559950.0,599950.0,575000.0,580000.0,569000.0,572000.0,539950.0,575000.0,604975.0,649950.0,649999.0,649900.0,629950.0,599975.0,599974.5,619950.0,619950.0,620000.0,622475.0,687000.0,687000.0,690000.0,680000.0,634725.0,619950.0,649000.0,690000.0,703500.0,665000.0,699000.0,743340.0,799999.0,779000.0,775000.0,798000.0,784450.0,805000.0
98208,Seattle Hill-Silver Firs,WA,Seattle,Snohomish,,,,,,,,,,,,,,,,,,,,,,,,,,,,,,,,,,,,262950.0,264975.0,269950.0,270000.0,279975.0,284950.0,299000.0,299950.0,304975.0,309000.0,309900.0,309950.0,314000.0,300000.0,314900.0,309900.0,314950.0,309500.0,325000.0,344950.0,344500.0,349925.0,340000.0,324992.5,319950.0,335000.0,355450.0,360000.0,352950.0,352950.0,349950.0,354950.0,349975.0,349950.0,349900.0,348000.0,350000.0,354947.5,359950.0,359450.0,369000.0,369900.0,379950.0,375000.0,369975.0,375000.0,375000.0,374990.0,374950.0,374970.0,385900.0,399950.0,399999.0,405000.0,419000.0,409250.0,409725.0,400000.0,399950.0,409950.0,389975.0,394950.0,412000.0,430000.0
98034,Kirkland,WA,Seattle,King,,,,,,,,,,,,,,,,,,,,,,,,,,,,,,,,,,,,,,,,,,,,,,,,,,,,,,,,,,,,,,,,,,,,,,,,,,478000.0,469500.0,475000.0,500000.0,499000.0,495000.0,499950.0,516500.0,500000.0,499450.0,499995.0,504950.0,499970.0,549000.0,550000.0,574725.0,574975.0,569950.0,562500.0,549950.0,569900.0,600000.0,599975.0,550000.0,625000.0,650000.0
98125,Seattle,WA,Seattle,King,,,,,,,,,,,,,,,,,,,,,,,,,,,,,,,,,,,,,319900.0,339925.0,325000.0,335000.0,339000.0,350000.0,349975.0,350000.0,359975.0,372500.0,375000.0,369000.0,378500.0,378000.0,387450.0,370000.0,399000.0,425000.0,423525.0,399950.0,399900.0,395000.0,383950.0,375000.0,382425.0,375000.0,399950.0,398000.0,399997.0,402500.0,425000.0,439000.0,430000.0,425000.0,437000.0,416000.0,399500.0,399725.0,425000.0,449975.0,475000.0,475000.0,495000.0,499950.0,490000.0,489975.0,457361.0,455000.0,472000.0,497475.0,495000.0,512500.0,549250.0,557500.0,572000.0,597225.0,575000.0,579911.0,575000.0,615000.0,550000.0,586000.0,620000.0
98003,Federal Way,WA,Seattle,King,,,,,,,,,,,,,,,,,,,,,,,,,,,,,,,,,,,,,,,,,,,,,,,,,,,,,,,,,,,,,,,229950.0,239950.0,252450.0,243900.0,244400.0,230000.0,234950.0,232950.0,230000.0,231475.0,239000.0,266450.0,289450.0,286475.0,284950.0,282450.0,275000.0,295000.0,295000.0,300000.0,304950.0,325000.0,292449.5,294900.0,312000.0,309000.0,309000.0,309950.0,318000.0,319250.0,319950.0,319950.0,329900.0,338000.0,334700.0,344900.0,347000.0
98109,Seattle,WA,Seattle,King,,,,,,,,,,,,,,,,,,,,,,,,,,,,,,,,,,,,,,,,,,,,,,,,,,,,,,,,,,,,,,,,,,,,,,,,,,,,,,,,,,,,,,,,597500.0,600000.0,675000.0,654975.0,649950.0,725000.0,750000.0,688000.0,658000.0,654000.0,600000.0,607500.0
98391,Bonney Lake,WA,Seattle,Pierce,,,,,,,,,,,,,,,,,,,,,,,,,,,,,,,,,,,,,,,,,,,,,,299950.0,295950.0,295000.0,289970.0,299950.0,295995.0,299950.0,304975.0,310000.0,316450.0,319995.0,323500.0,313900.0,299995.0,279975.0,302840.0,305970.0,314425.0,314970.0,317445.0,319950.0,328900.0,329950.0,339475.0,339950.0,339900.0,339900.0,334999.5,324995.0,339900.0,348970.0,349999.0,352995.0,350000.0,359475.0,355000.0,361900.0,364925.0,373925.0,375000.0,380077.0,394990.0,404990.0,399994.5,400000.0,399900.0,419000.0,411607.5,427500.0,427000.0,430415.0,441007.0,445448.0,449999.5
98270,Marysville,WA,Seattle,Snohomish,,,,,,,,,,,,,,,,,,,,,,,,,,,,,,,,,,,,,,,,,,,,,,,255000.0,255000.0,250000.0,249950.0,255000.0,259950.0,260575.0,269945.0,269970.0,274950.0,269900.0,269950.0,259975.0,259925.0,259925.0,269900.0,275000.0,275250.0,279950.0,282497.0,284346.5,280000.0,281000.0,285000.0,289999.0,290000.0,289950.0,290000.0,295000.0,310000.0,315000.0,319950.0,320000.0,324950.0,325000.0,319975.0,324000.0,319925.0,320000.0,320000.0,335000.0,340000.0,349000.0,348999.5,349500.0,345000.0,345000.0,340000.0,349900.0,349900.0,354950.0,372450.0,369950.0
98105,Seattle,WA,Seattle,King,,,,,,,,,,,,,,,,,,,,,,,,,,,,,,,,,,,,,,,,,,,,,,,,,,,,,,,,,,,,,,,,,,,,,,,829880.0,829000.0,734950.0,750000.0,784500.0,759000.0,759000.0,769000.0,649475.0,698500.0,759000.0,776500.0,748800.0,699999.0,679000.0,699000.0,745000.0,788000.0,828000.0,793500.0,819000.0,849999.0,862499.5,895000.0,887500.0,830000.0,907000.0,925000.0,975000.0
98118,Seattle,WA,Seattle,King,,,,,,,,,,,,,,,,,,,,,,,,,,,,,,,,,,,,,,,,,,,,,,,315000.0,315000.0,315000.0,315000.0,329000.0,339950.0,327000.0,339950.0,339950.0,335000.0,360000.0,354888.0,339000.0,335000.0,356250.0,360750.0,380000.0,385000.0,380000.0,382500.0,387450.0,399950.0,399950.0,399950.0,392000.0,382500.0,374975.0,388000.0,419000.0,449475.0,449000.0,439950.0,439000.0,439900.0,467450.0,452500.0,449925.0,459500.0,459500.0,454500.0,449900.0,499000.0,549400.0,550000.0,564900.0,545000.0,499950.0,524950.0,574999.0,568800.0,564400.0,574999.0,596900.0
98204,Paine Field-Lake Stickney,WA,Seattle,Snohomish,,,,,,,,,,,,,,,,,,,,,,,,,,,,,,,,,,,,,,,,,,,,,,,,,,,,225000.0,246950.0,225000.0,229900.0,239000.0,239950.0,231900.0,195000.0,186000.0,195000.0,229900.0,212250.0,199950.0,213500.0,224500.0,222000.0,224000.0,220000.0,215000.0,200000.0,199900.0,200000.0,216180.0,242500.0,230000.0,249450.0,232725.0,238225.0,227450.0,224950.0,259000.0,249975.0,259925.0,247450.0,249975.0,282500.0,250000.0,257475.0,282000.0,295000.0,310000.0,289725.0,275475.0,295000.0,299900.0,305000.0,299495.0,285000.0
98023,Federal Way,WA,Seattle,King,,,,,,,,,,,,,,,,,,,,,,,,,,,,,,,,,,,,,,,,,,,,,,,285000.0,290000.0,268500.0,265000.0,277000.0,280000.0,279950.0,279925.0,279900.0,278500.0,279980.0,265000.0,249950.0,214975.0,248000.0,259900.0,269000.0,269975.0,284900.0,285000.0,289900.0,295000.0,291000.0,290000.0,289900.0,279900.0,289900.0,290350.0,308800.0,318500.0,325000.0,322425.0,324975.0,324925.0,325000.0,329000.0,323225.0,319900.0,324000.0,324950.0,335000.0,335000.0,345000.0,350000.0,357000.0,349950.0,349999.0,350000.0,350000.0,352500.0,349950.0,349975.0,366400.0
98387,Spanaway,WA,Seattle,Pierce,,,,,,,,,,,,,,,,,,,,,,,,,,,,,,,,,,,,,,,,,,,,,,,212000.0,209995.0,203950.0,199950.0,209900.0,210000.0,209950.0,214500.0,205000.0,209000.0,205000.0,204900.0,199000.0,185000.0,199950.0,214250.0,214950.0,214925.0,219000.0,217399.5,219500.0,217250.0,219974.5,219950.0,219500.0,217950.0,223950.0,220000.0,224925.0,228450.0,229950.0,234950.0,237500.0,239700.0,239997.5,239950.0,237500.0,233250.0,229900.0,230000.0,249950.0,254900.0,259950.0,259997.5,259950.0,264900.0,264950.0,265000.0,269900.0,269950.0,274950.0,274475.0,285000.0
98258,Lake Stevens,WA,Seattle,Snohomish,279950.0,262500.0,261250.0,259950.0,249994.5,245000.0,247000.0,239950.0,239700.0,224950.0,223900.0,219000.0,215000.0,205000.0,204250.0,199950.0,202600.0,204975.0,200000.0,200000.0,200000.0,205000.0,209750.0,209950.0,211527.5,217000.0,215000.0,214997.5,214900.0,210000.0,214925.0,224995.0,239995.0,228250.0,254900.0,254972.5,258450.0,269000.0,269995.0,278472.5,279950.0,282950.0,284650.0,277725.0,270000.0,274500.0,275000.0,289950.0,288000.0,299000.0,317450.0,314999.5,299950.0,314970.0,315000.0,319950.0,315750.0,300000.0,299000.0,289950.0,289950.0,291497.5,295000.0,309950.0,314950.0,314950.0,315000.0,324925.0,325000.0,325000.0,322000.0,319950.0,310000.0,309950.0,319950.0,324950.0,329950.0,329995.0,334000.0,339450.0,349950.0,349950.0,349990.0,349950.0,339950.0,340000.0,375000.0,384950.0,384900.0,379997.5,375000.0,379888.0,380000.0,390000.0,389974.5,389950.0,385000.0,399950.0,400000.0
98033,Kirkland,WA,Seattle,King,,,,,,,,,,,,,,,,,,,,,,,,,,,,,,,,,,,,,,,,649000.0,699950.0,680000.0,699999.5,700000.0,688500.0,654975.0,699000.0,729950.0,749950.0,750000.0,749975.0,773415.0,749950.0,794990.0,759975.0,725000.0,750000.0,725000.0,749000.0,719000.0,822999.0,850000.0,799900.0,829950.0,799950.0,819900.0,800000.0,849000.0,849900.0,799900.0,848000.0,880990.0,909975.0,940000.0,929000.0,934970.0,952475.0,929475.0,915000.0,899950.0,988747.5,1008495.0,1051722.5,1075000.0,1075000.0,1098000.0,1094000.0,1098500.0,1050000.0,1098000.0,996500.0,998900.0,1099475.0,1195000.0,1166944.0,1260000.0,1250000.0,1199999.5,1196500.0
98042,Covington,WA,Seattle,King,,,,,,,,,,,,,,,,,,,,,,,,,,,,,,,,,,,,237750.0,234972.5,240000.0,259925.0,269950.0,279970.0,284950.0,279950.0,282000.0,289900.0,289950.0,289725.0,289725.0,274500.0,279000.0,269000.0,274950.0,274950.0,295000.0,293000.0,297000.0,299500.0,299000.0,284975.0,270000.0,279900.0,304900.0,319950.0,325000.0,333475.0,333475.0,333450.0,332500.0,329900.0,329900.0,329450.0,324950.0,345975.0,329975.0,335000.0,349697.5,352475.0,354950.0,370000.0,368000.0,369975.0,370000.0,379975.0,389000.0,369950.0,379950.0,389450.0,419000.0,399999.5,399970.0,416500.0,425000.0,418750.0,414999.0,424950.0,437700.0,439975.0,440000.0,435000.0
98092,Auburn,WA,Seattle,King,,,,,,,,,,,,,,,,,,,,,,,,,,,,,,,,,,,,,,,,,,,,,,,298950.0,298798.0,289950.0,294995.0,303200.0,314975.0,299995.0,319565.0,322100.0,330000.0,325000.0,323900.0,315995.0,319900.0,319900.0,328990.0,335990.0,340950.0,349450.0,350000.0,354900.0,359950.0,369953.0,364994.5,351400.0,352475.0,358950.0,341950.0,349925.0,359450.0,366975.0,375000.0,374999.0,371950.0,364950.0,369500.0,372000.0,371950.0,369950.0,375000.0,377162.5,389950.0,394975.0,395000.0,398000.0,390000.0,399500.0,400000.0,405000.0,409975.0,414900.0,400000.0,427250.0
98058,Renton,WA,Seattle,King,,,,,,,,,,,,,,,,,,,,,,,,,,,,,,,,,,,,,,250000.0,254975.0,257500.0,265000.0,285000.0,287777.5,295000.0,279900.0,267000.0,265000.0,282500.0,269500.0,265000.0,294500.0,301450.0,289950.0,306950.0,329495.0,325000.0,325000.0,324975.0,307500.0,258000.0,289000.0,319900.0,322475.0,339500.0,347999.0,348000.0,344950.0,348500.0,349250.0,347999.0,345000.0,349900.0,349000.0,339975.0,349925.0,369475.0,395000.0,392425.0,399500.0,400000.0,400000.0,419000.0,419000.0,399999.0,396318.0,389499.5,399950.0,382500.0,415000.0,425000.0,429950.0,429950.0,410694.0,424950.0,429900.0,425000.0,425000.0,448000.0,459950.0
98223,Arlington,WA,Seattle,Snohomish,,,,,,,,,,,,,,,,,,,,,,,,,,,,,,,,,,,,,,,,,,,,,259950.0,265000.0,257450.0,250000.0,247700.0,249900.0,259900.0,262475.0,280000.0,280000.0,287000.0,295000.0,299450.0,295000.0,280000.0,275000.0,279975.0,294900.0,289950.0,294900.0,299500.0,299999.0,314900.0,319500.0,319700.0,319975.0,314950.0,300000.0,300000.0,299937.0,299937.0,312445.0,324925.0,324950.0,329950.0,339000.0,339000.0,329900.0,330000.0,320000.0,315000.0,340000.0,359450.0,349950.0,364900.0,377000.0,374950.0,384950.0,379475.0,389950.0,385000.0,389950.0,399950.0,399975.0,388000.0
98036,Lynnwood,WA,Seattle,Snohomish,,,,,,,,,,,,,,,,,,,,,,,,,,,,,,,,,,,,,,,,,,,,,,,364945.0,369995.0,384997.5,389950.0,385000.0,385000.0,399000.0,392000.0,399000.0,399950.0,389500.0,399995.0,399972.5,375000.0,379972.5,372497.5,375000.0,380000.0,397500.0,399936.5,399250.0,399950.0,399950.0,384975.0,383975.0,374725.0,365000.0,369950.0,389925.0,399000.0,413500.0,422425.0,429900.0,419950.0,419950.0,412000.0,400000.0,401900.0,417400.0,427475.0,449900.0,454900.0,459000.0,458450.0,459900.0,462900.0,460000.0,475000.0,498800.0,519000.0,499000.0,499800.0,495000.0
98026,Edmonds,WA,Seattle,Snohomish,,,,,,,,,,,,,,,,,,,,,,,,,,,,,,,,,,,,,,,,,,,,,,,345950.0,352500.0,375000.0,379998.0,385000.0,381285.0,390285.0,402400.0,402430.0,400000.0,400000.0,400000.0,375000.0,362545.0,382475.0,400000.0,409950.0,409225.0,439950.0,439475.0,429999.5,430000.0,429999.0,437250.0,419450.0,399972.5,394500.0,399950.0,434950.0,439950.0,445950.0,439950.0,426475.0,427950.0,439900.0,438500.0,448700.0,468650.0,485950.0,469900.0,479000.0,485000.0,475000.0,499950.0,517475.0,524950.0,500000.0,522500.0,499925.0,495000.0,470950.0,475000.0,499925.0
98056,Renton,WA,Seattle,King,,,,,,,,,,,,,,,,,,,,,,,,,,,,,,,,,,,,,,,,,,,,,418000.0,399950.0,389950.0,395000.0,399950.0,410000.0,419950.0,424950.0,419950.0,419950.0,424950.0,439894.0,439000.0,404972.5,384475.0,369000.0,398500.0,429925.0,437425.0,460000.0,450000.0,412000.0,399450.0,419000.0,429000.0,439900.0,439900.0,442200.0,449747.0,434500.0,429950.0,444000.0,479900.0,507475.0,499975.0,484500.0,439500.0,448800.0,439400.0,449000.0,477400.0,472650.0,492500.0,549400.0,550000.0,500000.0,485500.0,499950.0,500000.0,550000.0,550000.0,550000.0,542000.0,551950.0,550975.0
98087,Picnic Point-North Lynnwood,WA,Seattle,Snohomish,,,,,,,,,,,,,,,,,,,,,,,,,,,,,,,,,,,,,,,,,,,,,,,322950.0,329950.0,329950.0,329950.0,329000.0,324000.0,324950.0,335000.0,325000.0,328000.0,317450.0,319950.0,319950.0,319950.0,329950.0,342000.0,349950.0,339900.0,335000.0,349475.0,350000.0,369972.5,379925.0,364900.0,358000.0,379700.0,365000.0,396450.0,399925.0,395000.0,398000.0,399000.0,379900.0,379700.0,369000.0,364500.0,379974.5,366950.0,392000.0,399950.0,409475.0,419999.0,424975.0,429950.0,444950.0,447900.0,449950.0,475000.0,494950.0,509950.0,554950.0,559950.0,559950.0
98198,Des Moines,WA,Seattle,King,,,,,,,,,,,,,,,,,,,,,,,,,,,,,,,,,,,,,,,,,,,,,,,235000.0,229950.0,224950.0,245000.0,249000.0,237000.0,229000.0,250000.0,256000.0,249950.0,265000.0,249950.0,239950.0,230000.0,249950.0,239999.0,249999.0,279950.0,279950.0,292500.0,298999.0,297749.5,284950.0,279250.0,285900.0,289700.0,292475.0,298950.0,295000.0,307800.0,309500.0,310000.0,308600.0,312500.0,315000.0,309950.0,299973.0,300000.0,282474.5,314475.0,345590.0,349900.0,339950.0,329900.0,349000.0,350000.0,365068.0,385000.0,389500.0,396750.0,394245.0,399950.0,389990.0
98107,Seattle,WA,Seattle,King,,,,,,,,,,,,,,,,,,,,,,,,,,,,,,,,,,,,,,,,,,,,,,,,,,,,,,,,,,,,,,,,,,,,,,,,,,,,,,,,,,,,,,,699950.0,695000.0,709900.0,699950.0,695000.0,699950.0,725000.0,769000.0,770000.0,749000.0,711987.5,699950.0,749975.0
98374,South Hill,WA,Seattle,Pierce,,,,,,,,,,,,,,,,,,,,,,,,,,,,,,,,,,,,,,,,,,,,,,,257500.0,260975.0,259950.0,254950.0,255472.5,255950.0,259900.0,260000.0,255950.0,254950.0,259950.0,254950.0,245000.0,224975.0,249950.0,267300.0,275000.0,269950.0,265700.0,269950.0,269950.0,269900.0,265450.0,269900.0,269950.0,269950.0,269950.0,269950.0,279250.0,289925.0,297650.0,299900.0,295000.0,289950.0,289700.0,285000.0,289950.0,289950.0,289000.0,289900.0,311000.0,315000.0,324975.0,330000.0,345900.0,345925.0,349000.0,354000.0,364995.0,370995.0,384997.5,384995.0,399950.0
98006,Bellevue,WA,Seattle,King,,,,,,,,,,,,,,,,,,,,,,,,,,,,,,,,,,,,644475.0,599400.0,676999.5,678999.0,675000.0,675000.0,675000.0,709000.0,698000.0,699995.0,698000.0,700000.0,721500.0,726500.0,726500.0,792500.0,788000.0,748000.0,762475.0,779950.0,765000.0,749950.0,749950.0,719000.0,649975.0,725000.0,749915.0,749000.0,749000.0,749975.0,760000.0,750000.0,727000.0,725000.0,717500.0,708000.0,699500.0,669950.0,724500.0,777500.0,853975.0,822500.0,850000.0,850000.0,830000.0,808800.0,798000.0,793000.0,793000.0,900000.0,899999.0,899999.0,925000.0,998000.0,1024000.0,998375.0,1011875.0,1088000.0,999225.0,998000.0,986500.0,950000.0,987475.0,1143250.0
98117,Seattle,WA,Seattle,King,420000.0,420000.0,434750.0,439500.0,430000.0,424950.0,420000.0,420000.0,425000.0,419500.0,415000.0,399825.0,399000.0,395000.0,400000.0,406225.0,402475.0,404500.0,417000.0,419000.0,414950.0,399950.0,399950.0,399000.0,375000.0,399950.0,422250.0,399975.0,399950.0,425000.0,422475.0,425000.0,399475.0,412475.0,435000.0,449950.0,454975.0,425000.0,430000.0,420000.0,425000.0,439000.0,485000.0,479900.0,450000.0,449450.0,465000.0,472450.0,484975.0,489000.0,522500.0,500000.0,499950.0,512500.0,524725.0,524975.0,549950.0,549950.0,549475.0,542000.0,549975.0,549950.0,525000.0,548475.0,562500.0,568000.0,585000.0,585000.0,550000.0,550000.0,550000.0,576500.0,586000.0,599950.0,649000.0,650000.0,650000.0,669000.0,649950.0,649000.0,658250.0,666999.5,698000.0,699450.0,679950.0,669475.0,695000.0,699925.0,748800.0,744400.0,722500.0,699000.0,699950.0,699000.0,679000.0,679000.0,682000.0,700000.0,722479.5
98032,Kent,WA,Seattle,King,,,,,,,,,,,,,,,,,,,,,,,,,,,,,,,,,,,,,,,,,,,,,,,196950.0,198900.0,198950.0,208225.0,211950.0,214450.0,229000.0,227500.0,220000.0,215000.0,229500.0,228250.0,229000.0,215900.0,224000.0,224000.0,220000.0,242450.0,245000.0,249950.0,248975.0,239950.0,227450.0,229900.0,225000.0,229925.0,239900.0,254225.0,254950.0,250000.0,249999.5,253475.0,250000.0,269000.0,265000.0,259250.0,240000.0,245000.0,239900.0,260000.0,269000.0,264950.0,261000.0,277474.5,289500.0,288779.5,289000.0,284950.0,299000.0,297000.0,299950.0,299950.0,315000.0
98155,Shoreline,WA,Seattle,King,,,,,,,,,,,,,,,,,,,,,,,,,,,,,,,,,,,,,,,,,,,,,,,322000.0,315000.0,319000.0,325000.0,335000.0,348000.0,340000.0,351000.0,365000.0,381975.0,371975.0,364950.0,365000.0,367000.0,385000.0,375000.0,375000.0,369950.0,400000.0,399000.0,399000.0,399950.0,419250.0,414950.0,415000.0,425000.0,425000.0,429000.0,442470.0,469000.0,489000.0,499000.0,479975.0,475000.0,477500.0,466126.0,434975.0,419750.0,428687.0,486000.0,509000.0,499900.0,553198.0,549475.0,550000.0,548000.0,552475.0,557500.0,550000.0,547475.0,582500.0,574950.0,649475.0
98059,Renton,WA,Seattle,King,,,,,,,,,,,,,,,,,,,,,,,,,,,,,398888.0,394950.0,398888.0,399725.0,398944.0,419000.0,449950.0,454950.0,474950.0,469925.0,486975.0,489950.0,477450.0,479425.0,459950.0,469950.0,475000.0,472450.0,477444.0,477475.0,520000.0,521950.0,499997.5,523450.0,499925.0,514975.0,521950.0,524950.0,519900.0,499000.0,499990.0,445000.0,499999.0,465000.0,460000.0,499950.0,450000.0,529900.0,522975.0,529925.0,569950.0,549875.0,549975.0,550000.0,527450.0,499000.0,524950.0,519950.0,539000.0,499000.0,459000.0,449950.0,455000.0,459475.0,495000.0,475000.0,544925.0,549970.0,549950.0,597700.0,590000.0,598825.0,599950.0,579875.0,599000.0,594000.0,600000.0,614950.0,617450.0,639950.0,695750.0
98031,East Hill-Meridian,WA,Seattle,King,249950.0,249950.0,250000.0,249900.0,245000.0,245000.0,241000.0,239900.0,235000.0,216726.5,206390.0,199000.0,189700.0,179900.0,189000.0,190000.0,184950.0,189500.0,183600.0,192450.0,198000.0,200000.0,199950.0,199950.0,189000.0,205000.0,225000.0,232500.0,229925.0,229950.0,227450.0,229975.0,234500.0,219950.0,249950.0,249000.0,238000.0,237000.0,249900.0,239000.0,249900.0,249900.0,253900.0,259000.0,250000.0,250000.0,239950.0,233972.5,219900.0,230000.0,250000.0,265000.0,264975.0,275000.0,271950.0,284950.0,284475.0,299925.0,286950.0,250000.0,279000.0,299950.0,312450.0,323950.0,309950.0,299975.0,319950.0,325000.0,325000.0,339925.0,342350.0,325000.0,339925.0,339700.0,340000.0,329500.0,339950.0,329000.0,335000.0,349900.0,350000.0,339950.0,339950.0,339925.0,339900.0,329900.0,350000.0,359450.0,375000.0,389000.0,389950.0,389725.0,407500.0,425000.0,425000.0,447500.0,429975.0,469950.0,449950.0
98203,Everett,WA,Seattle,Snohomish,,,,,,,,,,,,,,,,,,,,,,,,,,,,,,,,,,,,,,,,,,,,,,,250000.0,249950.0,232475.0,225000.0,235000.0,229925.0,228450.0,261225.0,259950.0,259950.0,269975.0,269950.0,256950.0,229950.0,257000.0,274925.0,274950.0,274999.0,279000.0,279950.0,298468.5,309950.0,319900.0,309950.0,295000.0,279950.0,279950.0,282467.5,296725.0,300000.0,319950.0,320000.0,315000.0,324999.5,334500.0,339950.0,329950.0,329950.0,329950.0,339000.0,352425.0,364950.0,367450.0,367450.0,367450.0,364950.0,369975.0,379950.0,379950.0,384950.0,384950.0,384950.0,385000.0
98002,Auburn,WA,Seattle,King,,,,,,,,,,,,,,,,,,,,,,,,,,,,,,,,,,,,,,,,,,,,,,,179900.0,176000.0,173942.5,166500.0,169950.0,183800.0,189000.0,199950.0,210000.0,197000.0,198500.0,185000.0,184324.5,160000.0,184899.0,199000.0,200000.0,200000.0,205000.0,205000.0,216225.0,212495.0,218000.0,224975.0,217495.0,219500.0,229950.0,234925.0,239950.0,264975.0,249950.0,259900.0,264975.0,264975.0,250000.0,255000.0,253000.0,255000.0,251500.0,264950.0,275000.0,282450.0,284975.0,284472.5,289900.0,289950.0,290000.0,289995.0,285750.0,282470.0,277475.0,279950.0,285000.0
98116,Seattle,WA,Seattle,King,498500.0,485000.0,474950.0,469250.0,469000.0,459969.0,469000.0,450000.0,449975.0,429475.0,429475.0,407450.0,400000.0,399000.0,399925.0,399950.0,414975.0,419975.0,414975.0,419950.0,422450.0,399990.0,394500.0,389450.0,394500.0,399000.0,399000.0,435000.0,430000.0,425000.0,439000.0,425000.0,440000.0,449000.0,475000.0,470000.0,452500.0,470000.0,509950.0,499950.0,518000.0,519000.0,519000.0,525000.0,499925.0,499950.0,504499.5,499500.0,509500.0,509500.0,477000.0,520000.0,527500.0,550000.0,569950.0,569000.0,550000.0,527475.0,549950.0,549000.0,504750.0,549950.0,565000.0,549000.0,550000.0,584988.0,625000.0,625000.0,650000.0,607500.0,659900.0,649475.0,649000.0,646495.0,649000.0,649316.0,649250.0,649950.0,649950.0,649970.0,649990.0,649950.0,650000.0,695000.0,659990.0,640000.0,650000.0,669970.0,685000.0,699000.0,692500.0,692000.0,699900.0,749975.0,749950.0,749950.0,750000.0,775000.0,799000.0
98144,Seattle,WA,Seattle,King,375000.0,374999.5,359000.0,360000.0,333975.0,359950.0,351900.0,349500.0,347450.0,330000.0,319970.0,319950.0,299925.0,319000.0,299950.0,299950.0,306000.0,304995.0,304995.0,328250.0,339000.0,349000.0,341975.0,299950.0,299900.0,289990.0,300000.0,317500.0,355000.0,359475.0,369475.0,349500.0,359950.0,349000.0,396500.0,365700.0,389500.0,387250.0,399950.0,389975.0,425000.0,432475.0,425000.0,419900.0,424950.0,409000.0,425000.0,404500.0,419000.0,439500.0,425000.0,425000.0,415000.0,450000.0,465000.0,437775.0,422443.5,424944.0,439999.0,429900.0,429700.0,429900.0,475000.0,487225.0,499900.0,529950.0,499950.0,500000.0,554900.0,549950.0,529950.0,529475.0,539950.0,559975.0,549950.0,577000.0,582000.0,599950.0,595000.0,579500.0,579000.0,589950.0,599950.0,599950.0,619000.0,619900.0,625000.0,635000.0,669900.0,699900.0,699900.0,694450.0,698500.0,699950.0,699950.0,719975.0,700000.0,720000.0,735950.0
98201,Everett,WA,Seattle,Snohomish,,,,,,,,,,,,,,,,,,,,,,,,,,,,,,,,,,,,,,,,,,,,,,,199975.0,195000.0,184995.0,186091.0,192450.0,219950.0,229800.0,238000.0,239975.0,239400.0,238000.0,228950.0,198500.0,187580.0,199500.0,205000.0,209700.0,219950.0,229950.0,245000.0,249950.0,249997.5,249925.0,249900.0,249900.0,249000.0,249400.5,249923.0,249950.0,249950.0,259000.0,264950.0,264950.0,264725.0,265000.0,269500.0,269500.0,269500.0,267950.0,269950.0,275000.0,286912.0,289450.0,282475.0,294950.0,297450.0,294500.0,300000.0,304500.0,317500.0,292475.0,295450.0,314997.5
98444,Parkland,WA,Seattle,Pierce,,,,,,,,,,,,,,,,,,,,,,,,,,,,,,,,,,,,,,,,,,,,,,,,,,,,,,,,,,,,,,149500.0,149950.0,159000.0,159950.0,159475.0,163750.0,165000.0,169500.0,174000.0,166250.0,159950.0,157000.0,159900.0,169950.0,179950.0,196500.0,196250.0,199990.0,199995.0,199950.0,194475.0,185000.0,179950.0,185000.0,199000.0,209200.0,209950.0,218950.0,219925.0,220000.0,225000.0,225000.0,229450.0,229950.0,229950.0,229950.0,229975.0,229950.0
98499,Lakewood,WA,Seattle,Pierce,,,,,,,,,,,,,,,,,,,,,,,,,164975.0,171950.0,170000.0,179950.0,175000.0,174900.0,172500.0,165000.0,159950.0,155000.0,179000.0,181300.0,199900.0,199844.5,219950.0,212000.0,226575.0,225600.0,215000.0,218500.0,227975.0,220000.0,211000.0,213500.0,197900.0,198945.0,212000.0,185900.0,211900.0,212000.0,217000.0,225000.0,221975.0,215500.0,199000.0,175000.0,190000.0,207500.0,209500.0,199950.0,199950.0,199973.0,199973.0,210000.0,210000.0,199950.0,199996.0,199900.0,210000.0,224950.0,224950.0,239900.0,247500.0,250000.0,247900.0,239950.0,247250.0,239950.0,244900.0,235500.0,242475.0,249900.0,259000.0,274700.0,262250.0,260975.0,269950.0,269925.0,272200.0,277000.0,275000.0,274250.0,272000.0,270975.0,284950.0
98168,Burien,WA,Seattle,King,,,,,,,,,,,,,,,,,,,,,,,,,,,,,,,,,,,,,,,,,,,,,,,214950.0,214950.0,208850.0,217000.0,219475.0,219975.0,219000.0,225000.0,219000.0,225000.0,229000.0,224900.0,214900.0,199900.0,229925.0,240750.0,250000.0,257450.0,270000.0,279725.0,265160.0,265000.0,263000.0,265000.0,275000.0,257500.0,252475.0,249950.0,259950.0,250000.0,261425.0,279950.0,288000.0,300000.0,309900.0,319950.0,299999.5,299875.0,279972.5,300000.0,324950.0,329475.0,330000.0,342000.0,349250.0,350000.0,349950.0,351500.0,359900.0,369500.0,398800.0,399925.0,425000.0
98030,Kent,WA,Seattle,King,,,,,,,,,,,,,,,,,,,,,,,,,,,,,,,,,,,,,,,,,,,,,,249950.0,249450.0,259900.0,260000.0,264725.0,264950.0,265000.0,255100.0,270000.0,265000.0,269995.0,267450.0,269950.0,234977.0,218000.0,254500.0,267000.0,274000.0,269950.0,269997.5,278975.0,279950.0,299950.0,299950.0,299950.0,299950.0,302000.0,299000.0,300000.0,299000.0,312425.0,329900.0,325000.0,339000.0,355000.0,361875.0,359950.0,359950.0,379950.0,399950.0,400000.0,399950.0,392450.0,369950.0,365000.0,376388.5,379950.0,378950.0,379950.0,382475.0,412472.5,399975.0,419950.0,424975.0
98290,Snohomish,WA,Seattle,Snohomish,,,,,,,,,,,,,,,,,,,,,,,,,,,,,,,,,,,,,,,,,,,,,,,399000.0,399000.0,365000.0,379000.0,372475.0,389950.0,380000.0,400000.0,417000.0,410000.0,409494.0,399950.0,399950.0,391725.0,400425.0,424950.0,435000.0,454700.0,454700.0,449990.0,459925.0,449995.0,439999.0,414950.0,415840.0,414950.0,415395.0,419950.0,422950.0,441255.0,446152.5,469950.0,475000.0,469950.0,475250.0,475000.0,474950.0,485500.0,484950.0,489950.0,494345.0,500000.0,500000.0,504950.0,500000.0,499999.0,510000.0,525000.0,530000.0,537000.0,542425.0,549950.0,582475.0
98038,Maple Valley,WA,Seattle,King,309925.0,316475.0,305990.0,299950.0,299950.0,299900.0,299000.0,299000.0,297500.0,275000.0,265950.0,260000.0,267000.0,262250.0,265000.0,254900.0,249995.0,259972.5,256250.0,259950.0,250000.0,254997.5,249950.0,239900.0,239000.0,249925.0,259925.0,255000.0,264950.0,270000.0,269950.0,269950.0,249975.0,244900.0,284950.0,284950.0,288527.5,292450.0,294950.0,299950.0,301225.0,309000.0,319950.0,321450.0,339950.0,335000.0,309990.0,309900.0,309950.0,324950.0,324925.0,327475.0,327950.0,359970.0,355000.0,357000.0,359950.0,350000.0,349495.0,329995.0,344000.0,347000.0,355000.0,360000.0,369950.0,369950.0,369950.0,384974.5,389250.0,384900.0,384950.0,379950.0,385000.0,363000.0,397950.0,415000.0,415000.0,410000.0,408000.0,400000.0,408500.0,420000.0,417450.0,420950.0,409475.0,424950.0,434450.0,459950.0,475000.0,464975.0,465000.0,464950.0,464974.5,488900.0,494900.0,475000.0,480900.0,499900.0,529475.0
98335,Gig Harbor,WA,Seattle,Pierce,422500.0,404500.0,409000.0,399000.0,400000.0,400000.0,399000.0,399000.0,399475.0,385000.0,370000.0,349950.0,339000.0,339000.0,349000.0,349900.0,349900.0,399250.0,379950.0,385000.0,364900.0,364700.0,349000.0,349450.0,349000.0,342450.0,349000.0,354950.0,371750.0,355000.0,349700.0,349000.0,339000.0,325000.0,364700.0,364500.0,349900.0,359900.0,369000.0,365950.0,400000.0,408000.0,419500.0,419000.0,422200.0,425000.0,408000.0,412500.0,399950.0,399500.0,399500.0,424947.5,437000.0,435000.0,424750.0,449000.0,424500.0,425000.0,425000.0,397475.0,425000.0,439000.0,464990.0,484000.0,489475.0,499500.0,485000.0,499725.0,477495.0,477250.0,484750.0,492475.0,470000.0,479000.0,492500.0,499950.0,499000.0,498930.0,479250.0,482450.0,499949.5,499900.0,499000.0,479000.0,499990.0,530492.0,559900.0,548225.0,566500.0,539000.0,565025.0,549000.0,561500.0,564500.0,579500.0,573450.0,559950.0,569950.0,587250.0
98466,University Place,WA,Seattle,Pierce,294000.0,279900.0,289250.0,281000.0,285000.0,285000.0,285000.0,279000.0,279000.0,269000.0,250450.0,249500.0,220000.0,230425.0,230425.0,244750.0,249450.0,244750.0,239475.0,225000.0,214975.0,209950.0,209950.0,209950.0,204900.0,210000.0,215000.0,214500.0,215000.0,229000.0,231475.0,235000.0,229900.0,219950.0,250000.0,249450.0,261000.0,266225.0,264970.0,274500.0,285000.0,296975.0,300000.0,299000.0,285000.0,284950.0,275000.0,287000.0,269925.0,259000.0,259000.0,264950.0,279500.0,286000.0,279700.0,279925.0,289950.0,289950.0,261750.0,263500.0,269950.0,269950.0,285000.0,289950.0,294000.0,289950.0,295000.0,290000.0,295000.0,285000.0,275000.0,274500.0,284950.0,299000.0,299900.0,315000.0,324900.0,319950.0,319925.0,319900.0,320000.0,316387.5,319950.0,319500.0,320000.0,325000.0,339000.0,347000.0,349500.0,349950.0,349950.0,345225.0,339950.0,339900.0,359950.0,354950.0,372375.0,369375.0,384450.0
98498,Lakewood,WA,Seattle,Pierce,,,,,,,,,,,,,,,,,,,,,,,,,,,,,,,,,,,,225450.0,205000.0,200000.0,200000.0,219925.0,216000.0,219950.0,229500.0,229500.0,225000.0,219500.0,233097.0,219500.0,215000.0,199900.0,210000.0,234500.0,253000.0,250000.0,244000.0,238000.0,236475.0,232475.0,221000.0,206048.0,219900.0,230000.0,239500.0,248950.0,250000.0,269950.0,275750.0,275000.0,271225.0,269950.0,259999.0,269950.0,252450.0,259999.5,270000.0,267900.0,279000.0,289000.0,298250.0,280000.0,265000.0,250000.0,249975.0,268000.0,265000.0,255000.0,259000.0,265000.0,259950.0,289450.0,289000.0,298500.0,289000.0,294750.0,295000.0,294975.0,300000.0,320000.0,320000.0
98445,Parkland,WA,Seattle,Pierce,,,,,,,,,,,,,,,,,,,,,,,,,,,,,,,,,,,,,,,,,,,,,,,189725.0,189950.0,189950.0,191250.0,180000.0,184900.0,179250.0,189000.0,189250.0,195250.0,199950.0,194950.0,189000.0,164750.0,185000.0,199999.5,201000.0,204975.0,201000.0,211500.0,200000.0,215000.0,219000.0,213550.0,213550.0,205000.0,212950.0,215460.5,215000.0,219900.0,229925.0,235000.0,239000.0,234950.0,230000.0,235000.0,229900.0,225000.0,230000.0,235000.0,237500.0,246495.0,249000.0,249950.0,249950.0,250000.0,257000.0,255000.0,255475.0,255000.0,254975.0,254975.0,258950.0
98404,Tacoma,WA,Seattle,Pierce,,,,,,,,,,,,,,,,,,,,,,,,,,,,,,,,,,,,,,,,,,,,,,,137500.0,139950.0,129950.0,132750.0,135000.0,139450.0,147975.0,149950.0,150000.0,155000.0,149997.5,144950.0,125000.0,125000.0,147000.0,154900.0,150500.0,145650.0,150000.0,159900.0,155000.0,167899.0,169000.0,164900.0,159950.0,160750.0,159000.0,159950.0,169950.0,179950.0,183974.5,189450.0,189950.0,193700.0,199000.0,199950.0,195000.0,196251.5,195000.0,199925.0,206975.0,214950.0,222400.0,225000.0,229900.0,229500.0,233150.0,234925.0,231000.0,230000.0,230440.0,235000.0,247225.0
98001,Auburn,WA,Seattle,King,,,,,,,,,,,,,,,,,,,,,,,,,,,,,,,,,,,,,,,,,,,,,,,269000.0,274995.0,264950.0,283900.0,274950.0,274925.0,279250.0,289000.0,299700.0,289000.0,285000.0,267900.0,259999.0,259997.5,275250.0,290000.0,309975.0,310000.0,305000.0,316715.0,315950.0,329950.0,314900.0,303975.0,308950.0,314900.0,309900.0,293750.0,322475.0,315000.0,324950.0,325000.0,324950.0,329950.0,334925.0,329950.0,335000.0,324500.0,319925.0,329950.0,345000.0,372475.0,379950.0,392500.0,385000.0,389000.0,385000.0,379000.0,405000.0,407250.0,434950.0,475900.0,475450.0
98021,Bothell,WA,Seattle,Snohomish,385750.0,375000.0,357450.0,350000.0,354600.0,351000.0,355900.0,359950.0,350000.0,329950.0,319000.0,299950.0,309950.0,319950.0,319950.0,324975.0,328475.0,328475.0,329950.0,344975.0,339950.0,339650.0,339875.0,339950.0,342475.0,350000.0,349950.0,343950.0,355013.5,379475.0,379950.0,379475.0,374970.0,364925.0,414975.0,420950.0,423450.0,409000.0,424990.0,405475.0,429000.0,415000.0,429975.0,399450.0,394300.0,398000.0,409950.0,422475.0,452975.0,452975.0,472499.5,509950.0,515000.0,509950.0,500000.0,499880.0,532450.0,544950.0,539950.0,479950.0,512475.0,530500.0,535225.0,521975.0,525000.0,525000.0,509950.0,524975.0,506900.0,506875.0,498800.0,499950.0,519915.0,565000.0,565000.0,539475.0,498975.0,502497.5,512500.0,525000.0,554950.0,605000.0,649975.0,686900.0,699995.0,719900.0,679900.0,654000.0,659000.0,650000.0,676887.5,674950.0,734000.0,764995.0,793475.0,775000.0,824990.0,795995.0,778497.5
98146,Burien,WA,Seattle,King,,,,,,,,,,,,,,,,,,,,,,,,,,,,,,,,,,,,,,,,,,,,,,,,,,,,,,,,,,,,,,,,,,,,,,,,,,359475.0,375000.0,395200.0,418250.0,400000.0,390847.5,386950.0,389975.0,399950.0,424950.0,445000.0,399000.0,395000.0,399250.0,399000.0,413650.0,449950.0,419975.0,411244.0,424975.0,444400.0,449950.0,439950.0,449475.0,484350.0,497838.5
98271,Marysville,WA,Seattle,Snohomish,,,,,,,,,,,,,,,,,,,,,,,,,,,,,,,,,,,,,,,,,,,,,,,287195.0,288097.5,243400.0,239945.0,246500.0,249974.5,262250.0,250000.0,279000.0,269950.0,275000.0,269950.0,242450.0,214854.0,239900.0,269000.0,269950.0,267000.0,259975.0,260000.0,265000.0,274925.0,275000.0,282450.0,292500.0,290000.0,280000.0,289475.0,298500.0,299999.0,299950.0,299995.0,300000.0,300000.0,299900.0,299900.0,295000.0,295000.0,280000.0,289950.0,307475.0,300000.0,305000.0,319974.5,325000.0,325000.0,325000.0,329475.0,325000.0,324950.0,325000.0,335000.0,349950.0
98040,Mercer Island,WA,Seattle,King,,,,,,,,,,,,,,,,,,,,,,,,,,,,,,,,,,,,,,,,,,,,,,,,,,,,,,,,,,,,,,,,,,,,,,,,,,,,,,,,,,,,,,,,1986000.0,1750000.0,1750000.0,1649000.0,1599000.0,1550000.0,1645000.0,1850000.0,1750000.0,1800000.0,1800000.0,1799500.0
98405,Tacoma,WA,Seattle,Pierce,,,,,,,,,,,,,,,,,,,,,,,,,,,,,,,,,,,,,,,,,,,,,,,146150.0,143495.5,145000.0,145000.0,149900.0,145000.0,149950.0,149950.0,159950.0,153000.0,149950.0,158250.0,139500.0,129999.5,149900.0,159925.0,169975.0,173600.0,168000.0,175450.0,174950.0,179975.0,182950.0,175500.0,175000.0,175000.0,174970.0,171800.0,169975.0,189950.0,199900.0,218000.0,219900.0,219950.0,218250.0,211000.0,211000.0,215000.0,212475.0,219900.0,224500.0,229000.0,229500.0,238750.0,239970.0,245000.0,232499.5,245000.0,252450.0,235000.0,234950.0,254975.0,255000.0
98037,Lynnwood,WA,Seattle,Snohomish,,,,,,,,,,,,,,,,,,,,,,,,,,,,,,,,,,,,,,,,,,,,,,,316975.0,309950.0,309950.0,310000.0,314950.0,305000.0,311080.0,349950.0,359900.0,339975.0,354950.0,359950.0,374977.0,345000.0,374975.0,399950.0,437000.0,439900.0,445000.0,432475.0,399950.0,394425.0,372500.0,352000.0,349950.0,390000.0,399000.0,359900.0,359900.0,375000.0,395000.0,400000.0,410000.0,399950.0,398000.0,375000.0,399950.0,400000.0,399950.0,424250.0,469950.0,477000.0,462450.0,464975.0,479000.0,479950.0,479000.0,498500.0,509950.0,506155.0,509950.0,492450.0,517757.0
98112,Seattle,WA,Seattle,King,,,,,,,,,,,,,,,,,,,,,,,,,,,,,,,,,,,,,,,,,,,,,,,,,,,,,,,,,,,,,,,,,,,,,,,,,1150000.0,1012475.0,967475.0,899900.0,949000.0,994950.0,880000.0,861000.0,895000.0,861000.0,850475.0,809950.0,875000.0,997500.0,1087000.0,1151500.0,1250000.0,1250000.0,1099000.0,1136500.0,1128000.0,1175000.0,1149000.0,1124500.0,1140000.0,1099800.0,1295000.0
98106,Seattle,WA,Seattle,King,,,,,,,,,,,,,,,,,,,,,,,,,,,,,,,,,,,,225000.0,224995.0,220000.0,220000.0,235000.0,246133.0,239950.0,249900.0,244444.0,250000.0,255500.0,262475.0,262475.0,260000.0,279000.0,299950.0,305000.0,299880.0,319950.0,319950.0,317000.0,309500.0,315000.0,310750.0,319990.0,327000.0,330000.0,329700.0,330000.0,329900.0,339990.0,359900.0,359900.0,359900.0,359900.0,339990.0,330000.0,330000.0,350000.0,350000.0,350000.0,359950.0,364950.0,369925.0,384900.0,386000.0,399999.0,399974.5,399950.0,404995.0,475000.0,427450.0,449875.0,450000.0,459000.0,450000.0,444975.0,459900.0,472472.5,489950.0,506000.0,539000.0,485000.0,488000.0
98072,Woodinville,WA,Seattle,King,,,,,,,,,,,,,,,,,,,,,,,,,,,,,,,,,,,,,,,,,,,,,,,,,,,,,,,,,,,,,,,,,,,,,,,,,,,,662000.0,679000.0,699950.0,628900.0,621950.0,620000.0,644499.0,674977.0,722500.0,704975.0,699950.0,682000.0,675000.0,675000.0,680000.0,699950.0,699990.0,675000.0,726500.0,850000.0,864000.0,917990.0,999995.0,934990.0
98409,Tacoma,WA,Seattle,Pierce,,,,,,,,,,,,,,,,,,,,,,,,,,,,,,,,,,,,,,,,,,,,,,,,,,,,,,,,,,,,,,,,,,,,,,,,,157130.0,159900.0,159900.0,159900.0,170000.0,169925.0,179950.0,180500.0,185000.0,180630.0,183225.0,185000.0,187500.0,189950.0,200000.0,209000.0,219950.0,220000.0,216500.0,220000.0,217950.0,219950.0,226500.0,226500.0,224975.0,229900.0,239925.0
98375,South Hill,WA,Seattle,Pierce,,,,,,,,,,,,,,,,,,,,,,,,,,,,,,,,,,,,,,,,,,,,,,,229000.0,229950.0,228950.0,235500.0,235000.0,239500.0,235000.0,241200.0,249000.0,244950.0,245000.0,249500.0,249500.0,249950.0,244950.0,249950.0,250000.0,259950.0,257500.0,256250.0,254950.0,258475.0,259950.0,259950.0,262950.0,259950.0,259999.0,259950.0,263950.0,264900.0,264950.0,269950.0,275565.0,274925.0,274925.0,270000.0,269950.0,269950.0,269000.0,274900.0,284949.5,289950.0,294475.0,289950.0,294950.0,289950.0,289950.0,285000.0,285000.0,285000.0,284950.0,285000.0,289950.0
98126,Seattle,WA,Seattle,King,357475.0,349950.0,349950.0,349950.0,335000.0,329000.0,319972.5,320000.0,319950.0,302495.0,295000.0,279950.0,265000.0,259500.0,275000.0,269000.0,254900.0,262475.0,252450.0,269000.0,245000.0,250000.0,254975.0,248500.0,225000.0,236000.0,245000.0,259950.0,249000.0,259962.5,269000.0,269950.0,275000.0,274975.0,312475.0,307475.0,299999.0,321225.0,329900.0,325000.0,336750.0,338950.0,339925.0,341995.0,349950.0,350000.0,341250.0,350000.0,369900.0,356950.0,356950.0,350000.0,344500.0,372450.0,379925.0,374950.0,379000.0,379500.0,379950.0,386500.0,369825.0,385000.0,399950.0,399950.0,410000.0,420000.0,425000.0,420000.0,410000.0,431975.0,444975.0,434950.0,429950.0,425000.0,429475.0,432500.0,435000.0,453888.5,457777.0,452500.0,449950.0,470000.0,450000.0,462000.0,469900.0,500000.0,495000.0,509475.0,525000.0,540000.0,549700.0,549950.0,549950.0,615000.0,628000.0,628975.0,560000.0,540000.0,549000.0
98338,Graham,WA,Seattle,Pierce,220000.0,224450.0,232950.0,230000.0,229990.0,229990.0,229950.0,229990.0,239950.0,224950.0,215000.0,215000.0,203000.0,207425.0,214950.0,219950.0,219990.0,225975.0,224990.0,227725.0,229950.0,229950.0,228745.0,219950.0,224925.0,220500.0,224950.0,219925.0,224950.0,227445.0,229950.0,229950.0,229950.0,229475.0,262950.0,263975.0,261950.0,249972.5,254950.0,254950.0,259900.0,249925.0,257225.0,259950.0,264950.0,264950.0,257950.0,255129.0,256475.0,249994.5,249990.0,260475.0,256488.5,269970.0,269970.0,275950.0,270900.0,265000.0,249950.0,252000.0,274950.0,279950.0,265000.0,270950.0,275475.0,270000.0,269500.0,269950.0,284950.0,278450.0,270000.0,269975.0,269000.0,272500.0,284975.0,294974.5,307425.0,321000.0,321000.0,319725.0,312500.0,310000.0,314950.0,310000.0,314950.0,311250.0,319900.0,315000.0,337225.0,332450.0,319950.0,324950.0,320475.0,324999.5,327950.0,318450.0,319900.0,326475.0,339950.0
98372,Puyallup,WA,Seattle,Pierce,,,,,,,,,,,,,,,,,,,,,,,,,,,,,,,,,,,,,,,,,,,,,,,,,,,,,,,,,,,,,,,,,,,,,,,,,,,,,,,,,,,,,,,,369450.0,364950.0,364500.0,369950.0,366975.0,357500.0,374950.0,394950.0,389950.0,409950.0,425000.0,409950.0
98188,Seatac,WA,Seattle,King,,,,,,,,,,,,,,,,,,,,,,,,,,,,,,,,,,,,,,,,,,,,,,,,,,,,,,,,,,,,,,,,,,,,,,,,,,,,,,,,,,,,,,,292383.0,295000.0,336500.0,339950.0,349950.0,300000.0,309999.0,344975.0,349975.0,334500.0,337000.0,337000.0,339000.0
98272,Monroe,WA,Seattle,Snohomish,,,,,,,,,,,,,,,,,,,,,,,,,,,,,,,,,,,,,,,,,,,,,,,302500.0,309950.0,299999.0,305000.0,313450.0,319950.0,319950.0,325000.0,324975.0,325000.0,329950.0,329950.0,310000.0,279475.0,314950.0,332500.0,350000.0,349900.0,360000.0,362500.0,359950.0,349974.5,354950.0,342450.0,350000.0,344900.0,359000.0,356975.0,385000.0,399950.0,394950.0,387000.0,395000.0,439925.0,424950.0,399900.0,402475.0,410000.0,409950.0,459325.0,444950.0,487490.0,495000.0,490000.0,474975.0,439950.0,449925.0,479900.0,505000.0,500495.0,558757.5,558757.5,539990.0
98371,Puyallup,WA,Seattle,Pierce,,,,,,,,,,,,,,,,,,,,,,,,,,,,,,,,,,,,,,,,,,,274950.0,269200.0,259949.5,249999.0,276225.0,260000.0,275000.0,277000.0,279950.0,269900.0,269900.0,265000.0,284999.5,279000.0,274999.0,279450.0,249950.0,232000.0,249950.0,255000.0,259950.0,267000.0,269475.0,269000.0,295000.0,307000.0,301995.0,303495.0,324000.0,315000.0,318100.0,329995.0,344995.0,339995.0,327475.0,319950.0,329975.0,339950.0,349996.5,348000.0,348500.0,349996.0,349975.0,325000.0,350000.0,335000.0,389975.0,399500.0,424900.0,424995.0,419950.0,434450.0,431995.0,439900.0,439900.0,439995.0,439900.0
98199,Seattle,WA,Seattle,King,,,,,,,,,,,,,,,,,,,,,,,,,,,,,,,,,,,,,,,,,,,,,,,,,,,,,,,,,,,,,,,,,,,,,,,,,,,,,,,,,,,,,,,,825000.0,849000.0,889000.0,850000.0,869950.0,872475.0,918000.0,918000.0,949500.0,840000.0,949500.0,1089000.0
98406,Tacoma,WA,Seattle,Pierce,,,,,,,,,,,,,,,,,,,,,,,,,,,,,,,,,,,,,,,,,,,,,,,252472.5,249925.0,259950.0,250000.0,260000.0,275000.0,280000.0,279950.0,275000.0,265000.0,267900.0,270000.0,268425.0,245450.0,269950.0,274500.0,275000.0,296900.0,299475.0,294950.0,285000.0,299900.0,307475.0,315000.0,289950.0,275000.0,294950.0,299000.0,295000.0,299777.0,299999.5,304975.0,309975.0,309950.0,298500.0,299950.0,315000.0,309999.0,304974.5,299950.0,331250.0,337000.0,350000.0,360000.0,367000.0,354945.0,339925.0,349925.0,359725.0,369000.0,365000.0,354975.0,369000.0
98008,Bellevue,WA,Seattle,King,,,,,,,,,,,,,,,,,,,,,,,,,,,,,,,,,,,,,,,525000.0,524975.0,499950.0,492475.0,499999.5,499965.0,495450.0,485000.0,497450.0,489500.0,495000.0,495000.0,495000.0,545000.0,569450.0,599999.0,575000.0,550000.0,549450.0,542000.0,530000.0,499475.0,549000.0,544950.0,549900.0,550000.0,599000.0,584975.0,585000.0,591500.0,599890.0,629000.0,635000.0,675000.0,655000.0,649950.0,655000.0,668500.0,664000.0,672000.0,675000.0,684950.0,699000.0,687000.0,647900.0,649800.0,729997.5,742475.0,725000.0,740000.0,768000.0,790000.0,824000.0,849900.0,835000.0,835000.0,829950.0,799000.0,824888.0,808000.0,829000.0
98055,Renton,WA,Seattle,King,,,,,,,,,,,,,,,,,,,,,,,,,,,,,,,,,,,,,,,,,,,,,,,264900.0,263500.0,257475.0,264900.0,262250.0,269925.0,274975.0,280000.0,279000.0,289550.0,287475.0,299950.0,272475.0,250000.0,276750.0,285000.0,255888.0,255888.0,280000.0,284950.0,299950.0,310450.0,294975.0,299950.0,309925.0,309900.0,299500.0,280000.0,309500.0,314900.0,314900.0,325000.0,324450.0,309000.0,309000.0,314999.5,314999.5,315000.0,287500.0,325000.0,349950.0,368000.0,389975.0,419950.0,409950.0,399950.0,395000.0,382450.0,397500.0,387500.0,367499.5,330000.0,362475.0
98028,Kenmore,WA,Seattle,King,,,,,,,,,,,,,,,,,,,,,,,,,,,,,,,,,,,,350000.0,347000.0,342475.0,339950.0,388850.0,400000.0,400000.0,425000.0,419000.0,397000.0,395000.0,397000.0,399000.0,439000.0,413500.0,449000.0,442250.0,429995.0,445000.0,450000.0,475000.0,475000.0,477500.0,450000.0,449974.5,494950.0,520000.0,532470.0,532475.0,541990.0,549950.0,550000.0,550000.0,575000.0,550000.0,572250.0,579000.0,599000.0,499975.0,532450.0,527450.0,500000.0,530000.0,525000.0,549975.0,534925.0,540000.0,550000.0,550000.0,575000.0,554500.0,570000.0,594500.0,632000.0,655100.0,677000.0,665000.0,662700.0,637250.0,625000.0,634875.0,632475.0,619500.0,624950.0
98178,Bryn Mawr-Skyway,WA,Seattle,King,,,,,,,,,,,,,,,,,,,,,,,,,,,,,,,,,,,,,,,,,,,,,,,259975.0,260000.0,232000.0,245000.0,260000.0,271500.0,269950.0,287450.0,292500.0,299990.0,299965.0,299950.0,269400.0,229975.0,265500.0,269000.0,274950.0,283000.0,305700.0,312475.0,315000.0,329925.0,334475.0,326400.0,329250.0,326500.0,328000.0,328500.0,327000.0,358000.0,360000.0,359500.0,369000.0,370000.0,375000.0,389475.0,395000.0,399950.0,419900.0,419700.0,420000.0,422500.0,419900.0,429000.0,445000.0,449000.0,449950.0,449950.0,449000.0,450000.0,475000.0,449990.0,447919.0
98275,Mukilteo,WA,Seattle,Snohomish,442475.0,439950.0,439950.0,429500.0,429937.5,435000.0,429950.0,429888.0,429950.0,414950.0,384975.0,379925.0,369000.0,379379.0,379925.0,394500.0,389950.0,398500.0,389250.0,364750.0,350000.0,369950.0,369750.0,368475.0,359750.0,385000.0,392725.0,384950.0,387475.0,399950.0,399950.0,399950.0,399950.0,409950.0,439950.0,439950.0,444950.0,449950.0,437450.0,449962.5,454950.0,454950.0,454950.0,475000.0,482450.0,459950.0,459975.0,464950.0,469950.0,472475.0,522437.5,524462.5,539000.0,564000.0,553975.0,527000.0,522437.5,515000.0,515000.0,499900.0,499925.0,489950.0,488475.0,474999.0,484975.0,485000.0,481975.0,475000.0,474999.5,479000.0,473450.0,455000.0,444975.0,448975.0,490000.0,504900.0,517250.0,499950.0,499950.0,500000.0,514950.0,515000.0,500000.0,499950.0,504925.0,474475.0,499900.0,522412.5,549923.0,555000.0,559900.0,560000.0,534950.0,550000.0,549975.0,524950.0,524950.0,511975.0,559950.0
98166,Burien,WA,Seattle,King,,,,,,,,,,,,,,,,,,,,,,,,,,,,,,,,,,,,,,,,,,,,,,,449000.0,402475.0,382500.0,389000.0,442200.0,429250.0,445000.0,454000.0,459400.0,429950.0,409500.0,419000.0,414000.0,427475.0,449000.0,440000.0,470000.0,478950.0,488950.0,479450.0,498950.0,499950.0,499950.0,507425.0,499500.0,512475.0,584000.0,535000.0,540000.0,529500.0,523000.0,530000.0,475000.0,549497.5,557250.0,579950.0,579975.0,524475.0,509475.0,529000.0,549000.0,499950.0,525000.0,529000.0,504475.0,530000.0,595000.0,595000.0,595000.0,599000.0,597475.0,631500.0,635000.0
98292,Stanwood,WA,Seattle,Snohomish,,,,,,,,,,,,,,,,,,,,,,,,,,,,,,,,,,,,,,,292500.0,299970.0,309000.0,299970.0,320000.0,329000.0,335000.0,324200.0,320950.0,299975.0,317500.0,334970.0,334990.0,332445.0,334990.0,339475.0,349925.0,342450.0,348750.0,330000.0,299975.0,314500.0,304950.0,320000.0,344475.0,329950.0,346000.0,359875.0,349990.0,339950.0,339925.0,329975.0,329000.0,325000.0,329950.0,339950.0,349950.0,349950.0,354950.0,359950.0,369975.0,374925.0,376975.0,369950.0,374950.0,372900.0,385000.0,424975.0,435000.0,447000.0,449975.0,435000.0,442500.0,429950.0,429450.0,424950.0,422450.0,448375.0,442425.0,439000.0,459000.0
98020,Edmonds,WA,Seattle,Snohomish,,,,,,,,,,,,,,,,,,,,,,,,,,,,,,,,,,,,,,,,,,,,,,,,,,,,,,,,,,,,,,,599250.0,628888.0,599999.0,598500.0,587000.0,554975.0,585000.0,570000.0,582400.0,550000.0,595000.0,570000.0,595000.0,637400.0,640000.0,587000.0,627000.0,599450.0,619950.0,599950.0,589200.0,589950.0,578975.0,565000.0,599972.5,649950.0,680000.0,729475.0,729950.0,650000.0,674500.0,735000.0,722475.0,717090.0,764950.0,815000.0,768975.0
98074,Sammamish,WA,Seattle,King,527950.0,550000.0,550000.0,538000.0,545000.0,555950.0,545000.0,529900.0,519990.0,500000.0,500000.0,499950.0,489900.0,489450.0,499000.0,498000.0,499900.0,499900.0,498000.0,499000.0,475000.0,477500.0,480000.0,473813.0,475000.0,477450.0,509975.0,499950.0,529475.0,518000.0,525000.0,519950.0,497500.0,499250.0,525000.0,535000.0,549150.0,555000.0,590000.0,599950.0,599950.0,618000.0,635000.0,639975.0,649250.0,644750.0,688000.0,670000.0,724997.5,724500.0,690000.0,649000.0,644500.0,650000.0,650000.0,650000.0,660000.0,670000.0,699925.0,699950.0,670000.0,689000.0,698800.0,730000.0,735000.0,730000.0,724950.0,704500.0,700000.0,709000.0,745000.0,764497.5,728972.5,689250.0,699975.0,760000.0,795000.0,849000.0,857995.0,825000.0,825000.0,873995.0,934745.0,863995.0,923997.5,925000.0,945000.0,945000.0,925000.0,899950.0,900000.0,878975.0,894000.0,941500.0,1099995.0,1142995.0,1111995.0,1047997.5,1087997.5
98022,Enumclaw,WA,Seattle,King,,,,,,,,,,,,,,,,,,,,,,,,,,,,,,,,,,,,,,,,,,,,,,,299950.0,299000.0,285000.0,284500.0,285000.0,279500.0,289000.0,299950.0,312250.0,300000.0,299995.0,300000.0,299000.0,285000.0,285000.0,287000.0,298475.0,322200.0,329000.0,334000.0,329000.0,329000.0,325000.0,329000.0,337500.0,317000.0,300000.0,300000.0,299995.0,336975.0,345000.0,359975.0,350000.0,359000.0,349950.0,358000.0,338500.0,336500.0,332000.0,338950.0,354500.0,359000.0,359990.0,399950.0,404475.0,404475.0,395500.0,389950.0,399500.0,399250.0,379950.0,389925.0,399990.0
98043,Mountlake Terrace,WA,Seattle,Snohomish,,,,,,,,,,,,,,,,,,,,,,,,,,,,,,,,,,,,,,,,,,,,,,,255000.0,255000.0,250000.0,274900.0,279500.0,269950.0,270000.0,285000.0,289000.0,290000.0,275000.0,260000.0,265000.0,255000.0,260000.0,260900.0,265000.0,272000.0,274975.0,282475.0,299950.0,319975.0,322475.0,319975.0,317500.0,317500.0,301500.0,299950.0,320000.0,334975.0,366500.0,364950.0,350000.0,361950.0,350000.0,372500.0,378725.0,404975.0,357438.0,362475.0,365000.0,365000.0,372450.0,375000.0,366900.0,364500.0,374950.0,394975.0,402475.0,409500.0,399950.0,389000.0,417500.0
98296,Snohomish,WA,Seattle,Snohomish,,,,,,,,,,,,,,,,,,,,,,,,,,,,,,,,,,,,395000.0,379950.0,382500.0,395000.0,399950.0,399950.0,419950.0,446475.0,443000.0,449975.0,435000.0,444950.0,422500.0,439950.0,419000.0,409000.0,427450.0,409000.0,459950.0,459000.0,459500.0,475000.0,479450.0,465000.0,432500.0,459000.0,479950.0,449475.0,465000.0,471500.0,485000.0,499000.0,512500.0,517000.0,514950.0,509950.0,524950.0,539000.0,530000.0,560000.0,569995.0,575000.0,589900.0,574375.0,538975.0,525000.0,534000.0,525000.0,540000.0,549000.0,544500.0,549000.0,549000.0,549500.0,549990.0,587000.0,595000.0,587497.5,596725.0,598000.0,598225.0,599900.0,599175.0,599175.0
98104,Seattle,WA,Seattle,King,,,,,,,,,,,,,,,,,,,,,,,,,,,,,,,,,,,,,,,,,,,,,,,,,,,,,,,,,,,,,,,,,,,,,,,,,,,,,,,,,,,,,615950.0,599000.0,580900.0,569900.0,569900.0,599000.0,629900.0,622450.0,629900.0,650450.0,650450.0,659000.0,666900.0,671900.0,689900.0
98005,Bellevue,WA,Seattle,King,,,,,,,,,,,,,,,,,,,,,,,,,,,,,,,,,,,,,,,,,,,,,,,,,,,,,,,,,,,,,,,,,,,,,,,,,,,,,,,,,,,,,,995000.0,917500.0,875000.0,817500.0,925000.0,916000.0,930000.0,935000.0,900000.0,888000.0,835000.0,859990.0,881000.0,902000.0
98053,Redmond,WA,Seattle,King,549222.0,549950.0,549000.0,549900.0,567495.0,579990.0,579990.0,549450.0,535000.0,514970.0,489000.0,479000.0,459000.0,470000.0,475000.0,494500.0,499000.0,509925.0,519900.0,545949.5,549000.0,534990.0,519950.0,504900.0,494500.0,499975.0,499475.0,509900.0,523500.0,525000.0,550000.0,529990.0,510000.0,529395.0,574990.0,582490.0,559000.0,598888.0,619000.0,619000.0,639950.0,649925.0,648495.0,648490.0,654950.0,622400.0,624900.0,526500.0,557475.0,599950.0,660000.0,688800.0,700000.0,735000.0,699000.0,685000.0,684475.0,699950.0,629000.0,599475.0,587000.0,635000.0,619000.0,699000.0,715000.0,715000.0,699950.0,695000.0,697419.0,677000.0,671750.0,630000.0,655000.0,700000.0,750000.0,747500.0,759000.0,727000.0,725000.0,722000.0,715000.0,725000.0,730000.0,712500.0,700000.0,717000.0,798975.0,789990.0,799950.0,789970.0,799000.0,797500.0,759000.0,772500.0,759250.0,746200.0,758750.0,726250.0,799890.0
98075,Sammamish,WA,Seattle,King,637495.0,622000.0,629990.0,625000.0,628995.0,649950.0,629900.0,639950.0,645000.0,635000.0,639950.0,625000.0,625000.0,629975.0,642475.0,649950.0,639950.0,639950.0,632475.0,627990.0,619900.0,619950.0,622450.0,632000.0,639950.0,641970.0,649970.0,649950.0,669950.0,676450.0,683725.0,685000.0,694900.0,679945.0,683725.0,669900.0,669950.0,699700.0,714949.5,714999.0,745000.0,759900.0,766500.0,768975.0,772950.0,799750.0,808990.0,824995.0,846475.0,852990.0,849950.0,829975.0,789925.0,800000.0,825000.0,829000.0,799950.0,869950.0,884950.0,884950.0,897950.0,888700.0,878950.0,859500.0,849000.0,839900.0,829950.0,832475.0,829950.0,827475.0,862450.0,872400.0,889900.0,899950.0,918000.0,959000.0,939000.0,910000.0,925000.0,949950.0,955000.0,975450.0,995000.0,1025000.0,998925.0,986975.0,959000.0,969000.0,999000.0,992495.0,980000.0,983995.0,1020000.0,1006813.5,1050000.0,1025000.0,1145000.0,1149950.0,1195000.0
98422,Tacoma,WA,Seattle,Pierce,,,,,,,,,,,,,,,,,,,,,,,,,,,,,,,,,,,,,,,,,,,,,,,339947.5,334995.0,327000.0,324975.0,324950.0,329950.0,339995.0,353000.0,349950.0,350000.0,341750.0,335000.0,300000.0,299725.0,300000.0,339950.0,359925.0,359450.0,359925.0,374970.0,359000.0,359450.0,350000.0,354950.0,349000.0,350000.0,349000.0,370000.0,372450.0,389000.0,374900.0,369925.0,369000.0,374950.0,385000.0,394950.0,385000.0,375000.0,377000.0,380450.0,381000.0,399950.0,414898.0,420000.0,429950.0,419000.0,425000.0,449950.0,449000.0,449000.0,429975.0,425000.0,443000.0
98136,Seattle,WA,Seattle,King,499450.0,497000.0,475000.0,474950.0,488500.0,469225.0,439950.0,439950.0,400000.0,385000.0,385000.0,379950.0,364850.0,350000.0,350000.0,335000.0,349900.0,352500.0,350000.0,394475.0,399475.0,399000.0,344475.0,339000.0,305000.0,349000.0,349500.0,364975.0,394250.0,404000.0,400000.0,437450.0,467000.0,449000.0,449000.0,435000.0,421500.0,425000.0,450000.0,450000.0,459490.0,459980.0,455000.0,455000.0,459000.0,459000.0,454500.0,459950.0,474500.0,425000.0,410000.0,435000.0,459900.0,507475.0,459000.0,500000.0,519000.0,514900.0,519900.0,492450.0,489950.0,509000.0,498888.0,475000.0,518000.0,516500.0,487000.0,497000.0,549950.0,579725.0,576975.0,596000.0,535000.0,545000.0,497500.0,585000.0,599950.0,599975.0,599950.0,585000.0,583950.0,588450.0,581475.0,592950.0,579000.0,579000.0,619975.0,675000.0,659750.0,649450.0,675000.0,649949.5,694500.0,675000.0,699000.0,759950.0,799950.0,725000.0,722475.0
98408,Tacoma,WA,Seattle,Pierce,,,,,,,,,,,,,,,,,,,,,,,,,,,,,,,,,,,,,,,,,,,,,,,149000.0,143450.0,129900.0,129900.0,137500.0,148200.0,144950.0,149900.0,149700.0,149250.0,145000.0,143100.0,133705.0,129850.0,139500.0,142000.0,143550.0,146375.0,154974.5,166500.0,159950.0,160000.0,165000.0,165000.0,164950.0,166750.0,169000.0,164900.0,174900.0,172400.0,174900.0,182450.0,189950.0,199000.0,195975.0,199000.0,189950.0,196000.0,189900.0,189995.0,200000.0,200000.0,214950.0,215000.0,220000.0,220000.0,219950.0,225000.0,223175.0,225000.0,224500.0,235483.0,239500.0
98332,Gig Harbor,WA,Seattle,Pierce,467250.0,450000.0,422500.0,412200.0,400000.0,410000.0,449900.0,450000.0,449250.0,399250.0,385000.0,377190.0,325950.0,327025.0,335000.0,334950.0,339950.0,359250.0,389000.0,374900.0,410000.0,362903.0,319900.0,306450.0,302507.5,300000.0,297950.0,303900.0,334990.0,339000.0,359990.0,379000.0,359950.0,329450.0,349000.0,339000.0,329000.0,332000.0,324200.0,350000.0,362475.0,379000.0,380550.0,398950.0,399999.0,407000.0,429500.0,427225.0,399950.0,399000.0,399950.0,409500.0,413900.0,424975.0,427450.0,418750.0,421900.0,437900.0,450000.0,437900.0,431792.0,449500.0,449500.0,463900.0,475000.0,495950.0,479000.0,474888.5,479450.0,489925.0,504900.0,459900.0,459450.0,539950.0,539950.0,559925.0,549950.0,539900.0,539450.0,539900.0,549900.0,510475.0,515000.0,521708.0,524950.0,523220.5,533425.0,535000.0,549950.0,565000.0,569900.0,569950.0,599500.0,569900.0,584950.0,559900.0,592425.0,615984.0,635425.0
98467,University Place,WA,Seattle,Pierce,,,,,,,,,,,,,,,,,,,,,,,,,,,,,,,,,,,,,,,,,,,,284950.0,280000.0,299950.0,279500.0,292474.5,295000.0,275000.0,296950.0,328475.0,327000.0,327000.0,319000.0,324900.0,318475.0,309950.0,293000.0,275000.0,322500.0,339950.0,360000.0,355000.0,335475.0,329950.0,329950.0,336975.0,339000.0,339475.0,334900.0,339550.0,349250.0,349950.0,349725.0,339000.0,355000.0,354900.0,337500.0,349000.0,363450.0,375000.0,382000.0,399995.0,415000.0,415000.0,416497.5,410000.0,415000.0,422250.0,412499.5,409997.0,389250.0,399995.0,414995.0,414995.0,435000.0,442495.0,449995.0
98321,Buckley,WA,Seattle,Pierce,,,,,,,,,,,,,,,,,,,,,,,,,,,,,,,,,,,,,,,,,,,,,,,,,,,,,,,,,,,,,,,,,,364975.0,364975.0,370000.0,376732.5,359925.0,365000.0,361732.5,329950.0,299000.0,299900.0,332450.0,329900.0,348950.0,353900.0,359250.0,363900.0,363900.0,366450.0,359900.0,341900.0,329925.0,339925.0,349975.0,359900.0,378900.0,379950.0,385925.0,399450.0,400949.5,399950.0,402900.0,415950.0,422950.0,432900.0
98390,Sumner,WA,Seattle,Pierce,,,,,,,,,,,,,,,,,,,,,,,,,,,,,,,,,,,,,,,,,,239950.0,252500.0,270950.0,245000.0,249500.0,248000.0,239900.0,234500.0,229972.5,229900.0,224975.0,235000.0,254500.0,269900.0,269950.0,270000.0,284900.0,249950.0,248000.0,269950.0,264970.0,259950.0,270000.0,284975.0,299950.0,314945.0,275000.0,279950.0,309900.0,317425.0,312425.0,314950.0,284950.0,269950.0,289975.0,300000.0,300000.0,299950.0,309950.0,299950.0,285000.0,289000.0,300000.0,289975.0,315000.0,349900.0,354450.0,325000.0,329990.0,355950.0,350000.0,339975.0,335000.0,329950.0,313000.0,345975.0,349950.0,329950.0
98065,Snoqualmie,WA,Seattle,King,434490.0,419995.0,452495.0,454990.0,454990.0,449990.0,429990.0,419975.0,419000.0,421925.0,409875.0,409875.0,407425.0,396950.0,385000.0,379400.0,379900.0,379970.0,375000.0,375000.0,358990.0,359000.0,372895.0,369000.0,355000.0,369500.0,392430.0,399450.0,394225.0,411447.5,390000.0,364225.0,356725.0,340000.0,379950.0,366950.0,381500.0,374150.0,366450.0,386750.0,385775.0,394770.0,409950.0,401350.0,415000.0,427000.0,419032.5,441605.0,410000.0,413150.0,425000.0,445950.0,425000.0,469888.0,500000.0,479500.0,487500.0,517450.0,515000.0,474950.0,437800.0,451225.0,469000.0,492250.0,475000.0,489000.0,450000.0,465000.0,465000.0,479500.0,499974.5,475000.0,479000.0,532500.0,535000.0,554500.0,577000.0,596950.0,590000.0,587000.0,590000.0,595000.0,604475.0,599475.0,614900.0,659000.0,659475.0,653990.0,642945.0,680000.0,697995.0,663495.0,654500.0,635015.0,632495.0,615000.0,615000.0,659000.0,662365.0
98360,Orting,WA,Seattle,Pierce,,,,,,,,,,,,,,,,,,,,,,,,,,,,,,,,,,,,,,,,,,,,,,,245950.0,235000.0,222475.0,237925.0,249925.0,254990.0,261200.0,273495.0,267495.0,269700.0,267000.0,254950.0,254950.0,239950.0,255000.0,254900.0,264900.0,266950.0,254950.0,250000.0,249950.0,253325.0,250000.0,254950.0,250000.0,254950.0,262475.0,260000.0,265000.0,273970.0,266250.0,266250.0,272745.0,271900.0,269925.0,269975.0,269960.0,269950.0,264749.5,263794.0,294900.0,299950.0,299950.0,319500.0,324925.0,321110.0,316497.5,319950.0,324950.0,324950.0,318974.5,318974.5,335000.0
98019,Duvall,WA,Seattle,King,,,,,,,,,,,,,,,,,,,,,,,,,,,,,,,,,,,,,,,,,,,,,,,391900.0,407450.0,411450.0,418450.0,409000.0,399900.0,399999.0,437499.0,440000.0,449950.0,449995.0,402500.0,359925.0,349975.0,377450.0,427000.0,419950.0,459990.0,475000.0,487000.0,517000.0,494970.0,515000.0,500000.0,499974.5,499950.0,489000.0,489000.0,489000.0,489000.0,489495.0,512490.0,524975.0,562000.0,555000.0,549975.0,549950.0,525000.0,522500.0,525000.0,589950.0,590000.0,590000.0,585000.0,590000.0,585000.0,589995.0,600000.0,544450.0,579900.0,590000.0,624950.0,649000.0
98077,Woodinville,WA,Seattle,King,,,,,,,,,,,,,,,,,,,,,,,,,,,,,,,,,,,,,,,,,,,,,,,,,,,,742475.0,735000.0,749400.0,746900.0,748800.0,743475.0,699950.0,650000.0,650000.0,698875.0,799950.0,747000.0,822500.0,821000.0,821000.0,784750.0,789000.0,764500.0,729000.0,745000.0,837250.0,865000.0,829950.0,825000.0,799900.0,837000.0,799900.0,849950.0,854400.0,874900.0,886950.0,889000.0,884900.0,867445.0,849945.0,869500.0,882400.0,889950.0,834250.0,824950.0,850000.0,849975.0,849950.0,797475.0,797475.0,850000.0,822500.0,849900.0
98328,Eatonville,WA,Seattle,Pierce,,,,,,,,,,,,,,,,,,,,,,,,,,,,,,,,,,,,,,,,,,,,,,,,,,,,,,,,,,,,,,237750.0,239000.0,239990.0,240000.0,244950.0,244700.0,249990.0,239950.0,249950.0,249950.0,256950.0,254900.0,249950.0,264950.0,259950.0,254900.0,254900.0,244000.0,244950.0,274925.0,297425.0,299950.0,305725.0,329900.0,334950.0,334975.0,334950.0,348600.0,342462.0,340000.0,354950.0,347250.0,339500.0,333068.5,295000.0,315000.0,364975.0,399900.0
98446,Summit,WA,Seattle,Pierce,,,,,,,,,,,,,,,,,,,,,,,,,,,,,,,,,,,,,,,,,,,,,,,,,,,,,,,,,219387.5,229000.0,199975.0,194000.0,199950.0,224975.0,224950.0,222225.0,224950.0,224950.0,233700.0,241250.0,232850.0,237100.0,238500.0,239000.0,239900.0,245000.0,247000.0,248450.0,258450.0,267450.0,273700.0,275000.0,275000.0,273750.0,272500.0,271200.0,272500.0,293000.0,299925.0,289950.0,279950.0,280592.5,279900.0,299000.0,294225.0,294950.0,299975.0,320000.0,299900.0,335000.0,335000.0
98327,Dupont,WA,Seattle,Pierce,,,,,,,,,,,,,,,,,,,,,,,,,,,,,,,,,,,,,,,,,,,,,,272200.0,273700.0,275000.0,276499.5,274900.0,279975.0,302425.0,306700.0,298000.0,284945.0,275080.0,274900.0,269450.0,264925.0,263900.0,269900.0,286450.0,299900.0,299950.0,304950.0,299999.0,302474.5,299950.0,297300.0,297600.0,288900.0,297300.0,299725.0,302250.0,294999.0,299900.0,310750.0,299950.0,290950.0,295000.0,304990.0,304990.0,299950.0,289000.0,289750.0,299950.0,305000.0,315000.0,314950.0,319450.0,310000.0,315750.0,315750.0,290000.0,290000.0,310495.0,316500.0,320000.0,328750.0
98418,Tacoma,WA,Seattle,Pierce,,,,,,,,,,,,,,,,,,,,,,,,,,,,,,,,,,,,,,,,,,,,,,,124950.0,135000.0,129900.0,137425.0,143000.0,137750.0,134700.0,134500.0,129950.0,147900.0,144950.0,137000.0,138950.0,119475.0,130000.0,135950.0,148250.0,149900.0,155000.0,159950.0,149925.0,160000.0,169000.0,164999.0,165500.0,164950.0,154900.0,149745.0,164999.0,164499.5,172000.0,189900.0,199000.0,199475.0,199950.0,199950.0,199950.0,199950.0,199950.0,195000.0,195000.0,195000.0,195000.0,195000.0,195000.0,209000.0,209000.0,200000.0,210000.0,210000.0,210000.0,212000.0,224950.0
98580,Roy,WA,Seattle,Pierce,,,,,,,,,,,,,,,,,,,,,,,,,,,,,,,,,,,,,,,,,,,,,,,,,,,314900.0,309950.0,294950.0,309900.0,299725.0,305000.0,302500.0,299900.0,279250.0,249999.5,275000.0,279250.0,294925.0,292450.0,319950.0,315000.0,289900.0,279125.0,279900.0,279125.0,289500.0,319900.0,324975.0,332425.0,344950.0,359950.0,368500.0,359950.0,359950.0,349000.0,336250.0,330000.0,324900.0,319475.0,314500.0,304475.0,324973.0,327500.0,339950.0,339995.0,370950.0,364900.0,382475.0,379000.0,344950.0,379000.0,379950.0,340500.0,399000.0
98329,Gig Harbor,WA,Seattle,Pierce,,,,,,,,,,,,,,,,,,,,,,,,,,,,,,,,,,,,,,,,,,,,,,,,,,,,,,,,,,,,,,225000.0,218000.0,219912.0,219912.0,250000.0,248500.0,249950.0,255000.0,259900.0,259900.0,250000.0,248000.0,249000.0,249900.0,259950.0,299900.0,309950.0,334725.0,339500.0,325625.0,304925.0,309950.0,299875.0,290000.0,289750.0,294750.0,295000.0,304475.0,321500.0,337449.5,324950.0,349250.0,329950.0,312000.0,307500.0,300000.0,327475.0,349950.0
98465,Tacoma,WA,Seattle,Pierce,,,,,,,,,,,,,,,,,,,,,,,,,,,,,,,,,,,,,,,,,,,,,,,,,,,,,,,,,,,,,,,,,,,,,,,,,,,,,,,,,,,,,,,259475.0,264750.0,269000.0,289000.0,295000.0,312450.0,322968.5,302000.0,349950.0,349950.0,349950.0,339950.0,325000.0
98014,Carnation,WA,Seattle,King,,,,,,,,,,,,,,,,,,,,,,,,,,,,,,,,,,,,,,,,,,,,,,,,,,,,,,,,,,,,,,,,,,,,,,,,,,,,,,,,,,,,,,,660880.0,667880.0,676640.0,690880.0,685000.0,690880.0,692880.0,699900.0,712400.0,729880.0,729880.0,729880.0,740000.0
98294,Sultan,WA,Seattle,Snohomish,,,,,,,,,,,,,,,,,,,,,,,,,,,,,,,,,,,,,,,,,,,,,,,,,,,,,,,,,,,,,,,,,,269725.0,247900.0,247450.0,269950.0,265000.0,265000.0,265000.0,239900.0,237400.0,234700.0,240000.0,239950.0,249970.0,249970.0,247750.0,249950.0,249950.0,249972.5,249995.0,250000.0,250000.0,252475.0,264975.0,264975.0,290625.0,289950.0,299950.0,299475.0,289975.0,289975.0,289950.0,288250.0,299475.0,319475.0
98333,Fox Island,WA,Seattle,Pierce,,,,,,,,,,,,,,,,,,,,,,,,,,,,,,,,,,,,,,,,,,,,,,,,,,,,,,,,,,,,,,,,,,,,,,,,,,,590000.0,590000.0,675000.0,699450.0,687000.0,699900.0,675000.0,649950.0,699950.0,624725.0,599500.0,605750.0,699950.0,689000.0,699950.0,687475.0,699950.0,768250.0,659000.0,625000.0,699950.0,775750.0,786500.0,861475.0,799000.0
