RegionID,Neighborhood,RegionType,StateName,state,city,metro,county,1996-01-31,1996-02-29,1996-03-31,1996-04-30,1996-05-31,1996-06-30,1996-07-31,1996-08-31,1996-09-30,1996-10-31,1996-11-30,1996-12-31,1997-01-31,1997-02-28,1997-03-31,1997-04-30,1997-05-31,1997-06-30,1997-07-31,1997-08-31,1997-09-30,1997-10-31,1997-11-30,1997-12-31,1998-01-31,1998-02-28,1998-03-31,1998-04-30,1998-05-31,1998-06-30,1998-07-31,1998-08-31,1998-09-30,1998-10-31,1998-11-30,1998-12-31,1999-01-31,1999-02-28,1999-03-31,1999-04-30,1999-05-31,1999-06-30,1999-07-31,1999-08-31,1999-09-30,1999-10-31,1999-11-30,1999-12-31,2000-01-31,2000-02-29,2000-03-31,2000-04-30,2000-05-31,2000-06-30,2000-07-31,2000-08-31,2000-09-30,2000-10-31,2000-11-30,2000-12-31,2001-01-31,2001-02-28,2001-03-31,2001-04-30,2001-05-31,2001-06-30,2001-07-31,2001-08-31,2001-09-30,2001-10-31,2001-11-30,2001-12-31,2002-01-31,2002-02-28,2002-03-31,2002-04-30,2002-05-31,2002-06-30,2002-07-31,2002-08-31,2002-09-30,2002-10-31,2002-11-30,2002-12-31,2003-01-31,2003-02-28,2003-03-31,2003-04-30,2003-05-31,2003-06-30,2003-07-31,2003-08-31,2003-09-30,2003-10-31,2003-11-30,2003-12-31,2004-01-31,2004-02-29,2004-03-31,2004-04-30,2004-05-31,2004-06-30,2004-07-31,2004-08-31,2004-09-30,2004-10-31,2004-11-30,2004-12-31,2005-01-31,2005-02-28,2005-03-31,2005-04-30,2005-05-31,2005-06-30,2005-07-31,2005-08-31,2005-09-30,2005-10-31,2005-11-30,2005-12-31,2006-01-31,2006-02-28,2006-03-31,2006-04-30,2006-05-31,2006-06-30,2006-07-31,2006-08-31,2006-09-30,2006-10-31,2006-11-30,2006-12-31,2007-01-31,2007-02-28,2007-03-31,2007-04-30,2007-05-31,2007-06-30,2007-07-31,2007-08-31,2007-09-30,2007-10-31,2007-11-30,2007-12-31,2008-01-31,2008-02-29,2008-03-31,2008-04-30,2008-05-31,2008-06-30,2008-07-31,2008-08-31,2008-09-30,2008-10-31,2008-11-30,2008-12-31,2009-01-31,2009-02-28,2009-03-31,2009-04-30,2009-05-31,2009-06-30,2009-07-31,2009-08-31,2009-09-30,2009-10-31,2009-11-30,2009-12-31,2010-01-31,2010-02-28,2010-03-31,2010-04-30,2010-05-31,2010-06-30,2010-07-31,2010-08-31,2010-09-30,2010-10-31,2010-11-30,2010-12-31,2011-01-31,2011-02-28,2011-03-31,2011-04-30,2011-05-31,2011-06-30,2011-07-31,2011-08-31,2011-09-30,2011-10-31,2011-11-30,2011-12-31,2012-01-31,2012-02-29,2012-03-31,2012-04-30,2012-05-31,2012-06-30,2012-07-31,2012-08-31,2012-09-30,2012-10-31,2012-11-30,2012-12-31,2013-01-31,2013-02-28,2013-03-31,2013-04-30,2013-05-31,2013-06-30,2013-07-31,2013-08-31,2013-09-30,2013-10-31,2013-11-30,2013-12-31,2014-01-31,2014-02-28,2014-03-31,2014-04-30,2014-05-31,2014-06-30,2014-07-31,2014-08-31,2014-09-30,2014-10-31,2014-11-30,2014-12-31,2015-01-31,2015-02-28,2015-03-31,2015-04-30,2015-05-31,2015-06-30,2015-07-31,2015-08-31,2015-09-30,2015-10-31,2015-11-30,2015-12-31,2016-01-31,2016-02-29,2016-03-31,2016-04-30,2016-05-31,2016-06-30,2016-07-31,2016-08-31,2016-09-30,2016-10-31,2016-11-30,2016-12-31,2017-01-31,2017-02-28,2017-03-31,2017-04-30,2017-05-31,2017-06-30,2017-07-31,2017-08-31,2017-09-30,2017-10-31,2017-11-30,2017-12-31,2018-01-31,2018-02-28,2018-03-31,2018-04-30,2018-05-31,2018-06-30,2018-07-31,2018-08-31,2018-09-30,2018-10-31,2018-11-30,2018-12-31,2019-01-31,2019-02-28,2019-03-31,2019-04-30,2019-05-31,2019-06-30,2019-07-31,2019-08-31,2019-09-30,2019-10-31,2019-11-30,2019-12-31,2020-01-31,2020-02-29,2020-03-31
271427,Highland Hills,Neighborhood,TX,TX,San Antonio,San Antonio-New Braunfels,Bexar County,48462.0,48311.0,48416.0,48930.0,49876.0,50653.0,51161.0,51072.0,50757.0,50260.0,50298.0,50499.0,50597.0,50761.0,51079.0,51068.0,50341.0,49551.0,48950.0,48956.0,49225.0,49817.0,49970.0,49962.0,50070.0,50553.0,51052.0,51335.0,51716.0,52337.0,53309.0,54662.0,56152.0,57322.0,57848.0,58072.0,58336.0,58474.0,57898.0,57453.0,57338.0,57822.0,58189.0,58212.0,57798.0,57679.0,57623.0,57904.0,57931.0,58184.0,58646.0,59207.0,58996.0,58291.0,57328.0,56422.0,56193.0,55588.0,56086.0,56215.0,56324.0,55597.0,55333.0,55292.0,56000.0,56110.0,56255.0,56539.0,56565.0,56730.0,56011.0,55627.0,55602.0,55778.0,55292.0,54100.0,52557.0,51837.0,51241.0,50619.0,49691.0,49214.0,49099.0,48955.0,48531.0,48201.0,48248.0,48523.0,49034.0,49159.0,49194.0,49431.0,50160.0,50743.0,50943.0,50987.0,51144.0,51291.0,51717.0,52499.0,53209.0,53658.0,54213.0,54716.0,54818.0,54388.0,53968.0,53744.0,53493.0,53386.0,53044.0,52099.0,50732.0,49456.0,48467.0,47456.0,46534.0,46059.0,45760.0,45666.0,45475.0,45715.0,45532.0,45776.0,46242.0,47223.0,47848.0,48166.0,49034.0,49855.0,50769.0,51201.0,51759.0,52020.0,52475.0,53267.0,54444.0,55606.0,56856.0,58440.0,59434.0,60128.0,60717.0,61487.0,62384.0,62781.0,63465.0,63764.0,64142.0,64458.0,65169.0,65960.0,66652.0,67410.0,68040.0,68840.0,69563.0,70899.0,72029.0,72449.0,72425.0,72577.0,72501.0,71802.0,70605.0,69971.0,69651.0,69610.0,69606.0,69593.0,69756.0,70605.0,71006.0,70728.0,70590.0,71228.0,72701.0,73059.0,72949.0,72106.0,71318.0,70389.0,69722.0,68582.0,67665.0,66379.0,65146.0,63588.0,61987.0,60735.0,59768.0,59278.0,58724.0,58155.0,57534.0,57573.0,58019.0,59179.0,59673.0,59929.0,59875.0,60608.0,62154.0,63836.0,65370.0,66332.0,66943.0,67640.0,67946.0,67862.0,67874.0,68589.0,69299.0,69345.0,68120.0,67077.0,66855.0,67373.0,67559.0,66829.0,66463.0,66596.0,67317.0,67800.0,68662.0,69476.0,70642.0,70940.0,70043.0,68859.0,67877.0,67278.0,66179.0,65203.0,64257.0,63448.0,62873.0,63199.0,63267.0,63581.0,64108.0,65376.0,67085.0,68753.0,70744.0,72640.0,74361.0,75811.0,76653.0,76855.0,76997.0,77343.0,78486.0,79177.0,79623.0,80336.0,81491.0,82365.0,83507.0,84128.0,84590.0,83986.0,84243.0,85148.0,85525.0,85731.0,86636.0,88712.0,90151.0,90701.0,90325.0,89797.0,89616.0,90711.0,92044.0,93521.0,94359.0,95933.0,96323.0,95937.0,95315.0,95715.0,96680.0,98017.0,99189.0,99899.0,99849.0,99168.0,99016.0,98396.0,98303.0
271622,Vance Jackson,Neighborhood,TX,TX,San Antonio,San Antonio-New Braunfels,Bexar County,54530.0,54337.0,54289.0,54011.0,53549.0,53033.0,52632.0,52603.0,52680.0,52846.0,52989.0,53074.0,53207.0,53465.0,53577.0,53784.0,54197.0,54675.0,54700.0,54327.0,53805.0,53417.0,53108.0,53071.0,53359.0,53458.0,53559.0,53342.0,53191.0,53059.0,53553.0,54007.0,54607.0,54960.0,55225.0,55275.0,54685.0,54208.0,53706.0,53793.0,54175.0,54765.0,55199.0,55523.0,55659.0,55627.0,55776.0,55863.0,56117.0,56068.0,55858.0,55692.0,55480.0,55383.0,55308.0,55254.0,55274.0,55117.0,55000.0,55114.0,55485.0,56159.0,57006.0,57311.0,56902.0,56143.0,55200.0,54818.0,54272.0,54410.0,54222.0,54025.0,53682.0,53430.0,53296.0,53312.0,53588.0,53901.0,54439.0,54822.0,55473.0,55863.0,56522.0,57053.0,57414.0,57400.0,57284.0,57251.0,57499.0,57770.0,57983.0,58172.0,58094.0,58097.0,57876.0,58053.0,58355.0,59004.0,59534.0,60227.0,60521.0,60896.0,61161.0,61566.0,62449.0,63521.0,64968.0,65783.0,66440.0,66838.0,67342.0,67560.0,68183.0,68707.0,69255.0,69237.0,68929.0,67811.0,66459.0,65369.0,65167.0,65224.0,65281.0,65292.0,65201.0,65279.0,65348.0,65638.0,65862.0,66493.0,67124.0,67605.0,67627.0,67448.0,67371.0,67334.0,67298.0,67270.0,67411.0,67751.0,68061.0,68376.0,68595.0,68936.0,68802.0,68711.0,68553.0,68741.0,68903.0,69013.0,69071.0,68718.0,68316.0,67798.0,67568.0,67538.0,67771.0,67987.0,67802.0,67354.0,66659.0,65977.0,65065.0,64531.0,64041.0,63893.0,63659.0,63321.0,63007.0,62731.0,62582.0,62252.0,62353.0,62484.0,62756.0,62602.0,62589.0,62325.0,61923.0,61480.0,61084.0,60706.0,60760.0,61081.0,61063.0,60692.0,60322.0,60173.0,59952.0,59679.0,59526.0,59343.0,59109.0,58946.0,58428.0,58137.0,58017.0,58310.0,58290.0,58505.0,58610.0,59157.0,59550.0,60077.0,60447.0,60644.0,61115.0,61223.0,61322.0,61082.0,61565.0,62156.0,62986.0,63294.0,63716.0,64038.0,64636.0,65270.0,65632.0,66116.0,66571.0,67246.0,67552.0,67503.0,67460.0,67532.0,68054.0,68512.0,68983.0,69378.0,70054.0,70462.0,70897.0,71375.0,71972.0,72483.0,72863.0,73468.0,73357.0,73518.0,73485.0,73765.0,73826.0,74309.0,75076.0,75869.0,76317.0,76936.0,77506.0,78071.0,78906.0,79774.0,80803.0,81787.0,82680.0,83310.0,83586.0,83856.0,84558.0,85314.0,86098.0,86452.0,87020.0,87199.0,87608.0,87797.0,88531.0,89357.0,90236.0,90829.0,91190.0,91408.0,91532.0,91913.0,91815.0,92363.0,92631.0,93591.0,93817.0,94065.0,94159.0,94586.0,95025.0,95480.0,95979.0,96466.0,97153.0,97489.0,97879.0,97831.0,98102.0
272738,Alamo Farmsteads-Babcock Road,Neighborhood,TX,TX,San Antonio,San Antonio-New Braunfels,Bexar County,,,,,,,,,,,,,,,,,,,,,,,,,,,,,,,,,,,,,,,,,,,,,,,,,,,,,,,,,,,,,,,,,,,,,,,,,,,,,,,,,,,,,,,,,,,,,,,,,,,,,,,,,,,,,,,,,,,,,,,,,,,,,,,,,,,,,,,,,,,,,,,,,,,,,,,,,,,,,,,,,,,,,,,,,,,,,,,,,,,,,,,,,,,,,,,,,,,,,,,,,,,,,,,,,,,,,,,,,,,,,,,,,,,,,,,,,,,,,,,,,,,,,,,,,,,,,193944.0,193667.0,193282.0,192305.0,191800.0,190969.0,190717.0,190257.0,189938.0,189634.0,189511.0,189639.0,190404.0,190569.0,191360.0,192296.0,192881.0,194447.0,195130.0,196602.0,198122.0,199917.0,201587.0,203001.0,203207.0,205098.0,205648.0,207127.0,207697.0,208132.0,208956.0,209326.0,209608.0,209669.0,209691.0,209744.0,210253.0,209753.0,209791.0
274946,Palm Heights,Neighborhood,TX,TX,San Antonio,San Antonio-New Braunfels,Bexar County,,,,,,,,,,,,,,,,,,,,,,,,,,,,,,,,,,,,,,,,,,,,,,,,,,,,,,,,,,,,,,,,,,,,,,,,,,,,,,,,,,,,,,,,,,,,,,,,,,,,,,,,,,,,,,,,,,,,,,,,,,,,,,,,,,,,,,,,,,,48765.0,48689.0,48627.0,48461.0,48589.0,48643.0,48995.0,49414.0,49998.0,50461.0,50794.0,51247.0,51635.0,52001.0,52399.0,53090.0,53256.0,53133.0,52365.0,51364.0,50082.0,48837.0,47969.0,47310.0,46724.0,46184.0,45650.0,45293.0,45162.0,45612.0,46145.0,46925.0,47556.0,48565.0,49392.0,49815.0,50186.0,50732.0,51376.0,51072.0,50476.0,49819.0,49779.0,49768.0,50506.0,50831.0,50983.0,50581.0,50422.0,50155.0,49574.0,49179.0,49307.0,49340.0,49315.0,49006.0,48446.0,48367.0,48701.0,50319.0,51628.0,52642.0,53365.0,54707.0,55817.0,56580.0,56908.0,57608.0,58555.0,59243.0,59788.0,59434.0,59533.0,60153.0,60736.0,60485.0,60231.0,61118.0,62003.0,62003.0,61240.0,60745.0,60483.0,60602.0,60586.0,60666.0,60922.0,61377.0,61709.0,61630.0,61317.0,61108.0,61201.0,61190.0,60676.0,59528.0,58099.0,56612.0,56100.0,56120.0,56021.0,55377.0,55048.0,55594.0,56350.0,56846.0,57549.0,58395.0,59541.0,60470.0,60829.0,61063.0,61385.0,62140.0,62850.0,62887.0,62439.0,62003.0,62183.0,62835.0,63871.0,64837.0,65382.0,65729.0,66557.0,67243.0,67849.0,68466.0,69849.0,71151.0,72038.0,72737.0,73319.0,74043.0,74151.0,74396.0,73822.0,74251.0,74837.0,76803.0,77855.0,78867.0,79001.0,79557.0,79876.0,80107.0,81092.0,82009.0,83213.0,83473.0,83539.0,82498.0,81791.0
273458,Dellview Area,Neighborhood,TX,TX,San Antonio,San Antonio-New Braunfels,Bexar County,118052.0,117368.0,116742.0,116123.0,115984.0,116258.0,116263.0,115887.0,115320.0,115031.0,114996.0,114682.0,114350.0,114389.0,114948.0,114924.0,114521.0,113910.0,113762.0,113783.0,114512.0,114919.0,115646.0,116533.0,117463.0,118054.0,118386.0,118604.0,118394.0,117735.0,117140.0,117715.0,117627.0,117342.0,115981.0,115203.0,114604.0,114721.0,114935.0,115598.0,116706.0,117820.0,118786.0,118537.0,118430.0,119000.0,119823.0,120313.0,120363.0,119868.0,119213.0,118454.0,117525.0,117090.0,116281.0,115857.0,115164.0,114409.0,114060.0,113976.0,113813.0,113754.0,113932.0,113751.0,113276.0,111847.0,111257.0,110919.0,111025.0,110856.0,110289.0,109796.0,109591.0,109522.0,109415.0,109343.0,109625.0,110742.0,112184.0,113854.0,115659.0,117611.0,120057.0,121251.0,121768.0,121802.0,122440.0,123302.0,124390.0,125051.0,124989.0,124783.0,124525.0,124776.0,124772.0,125671.0,127713.0,130819.0,133109.0,135119.0,136389.0,138168.0,138603.0,138806.0,138516.0,137568.0,136378.0,134819.0,133625.0,131878.0,130801.0,129493.0,127541.0,125377.0,125914.0,126760.0,127618.0,128572.0,128707.0,129832.0,127982.0,126278.0,123830.0,122710.0,124431.0,125483.0,125044.0,123895.0,122846.0,121551.0,121130.0,120111.0,121952.0,123374.0,124233.0,124812.0,122805.0,121743.0,119894.0,118023.0,116118.0,113817.0,112709.0,112145.0,111632.0,111507.0,111972.0,111939.0,112097.0,112124.0,112360.0,113843.0,114863.0,116507.0,116197.0,115882.0,115038.0,114299.0,113479.0,112528.0,111955.0,111504.0,111578.0,111116.0,111313.0,112121.0,113462.0,114094.0,113654.0,112845.0,112315.0,112710.0,113619.0,113747.0,113648.0,113065.0,113272.0,112325.0,111430.0,110239.0,110010.0,109890.0,110105.0,109567.0,108870.0,108441.0,108107.0,108348.0,107835.0,108200.0,108414.0,108167.0,107747.0,107709.0,107917.0,107901.0,107853.0,108049.0,108452.0,108034.0,107873.0,108245.0,109076.0,111154.0,112666.0,114140.0,113961.0,113970.0,113143.0,112598.0,112236.0,113102.0,113762.0,113350.0,113682.0,113928.0,114951.0,114473.0,115577.0,116614.0,118223.0,118751.0,119563.0,119640.0,119148.0,117747.0,116116.0,114770.0,113936.0,114693.0,114768.0,115088.0,115563.0,117192.0,118356.0,119415.0,121229.0,124149.0,125708.0,126407.0,126306.0,126427.0,126487.0,127242.0,128400.0,129426.0,129598.0,129610.0,129832.0,130282.0,131471.0,133281.0,135848.0,137778.0,139309.0,139735.0,139816.0,139842.0,140522.0,141398.0,141456.0,141945.0,143240.0,144417.0,143662.0,142334.0,142254.0,142295.0,141830.0,141021.0,140887.0,141233.0,140915.0,141462.0,142110.0,143853.0,145171.0,146985.0,147186.0,148341.0,149440.0,151203.0,152228.0,152713.0,154005.0,154221.0,153764.0,152301.0,151930.0,151492.0,151635.0
274001,Highland Park,Neighborhood,TX,TX,San Antonio,San Antonio-New Braunfels,Bexar County,,,,,,,,,,,,,,,,,,,,,,,,,,,,,,,,,,,,,,,,,,,,,,,,,,,,,,,,,,,,,,,,,,,,,,,,,,,,,,,,,,,,,,,,,,,,,,,,,,,,,,,,,,,,,,,,,,,,,,,,,,,,,,,,,,,,,,,,,,,,,,,,,,,,,,,,,,,,,,,,,,,,,,,,,,,,,,,,,,,,,,,,,,,,,,,,,,,,,,,,,,,,,,,,,,,,,,,,,,,,,,,,,,,,,,,,,,,,,,,,,,,,,,,,,121624.0,120061.0,118981.0,117299.0,116327.0,116042.0,115688.0,115721.0,115568.0,115563.0,115547.0,115950.0,117074.0,119393.0,121862.0,122944.0,123161.0,122758.0,123452.0,123777.0,124618.0,125485.0,126835.0,127565.0,126810.0,124917.0,123064.0,123951.0,125558.0,126464.0,125157.0,123748.0,122976.0,122428.0,121619.0,121087.0,121252.0,121894.0,122539.0,121907.0,121037.0,120683.0,121515.0
275353,Shearer Hills - Ridgeview,Neighborhood,TX,TX,San Antonio,San Antonio-New Braunfels,Bexar County,,,,,,,,,,,,,,,,,,,,,,,,,,,,,,,,,,,,,,,,,,,,,,,,,,,,,,,,,,,,,,,,,,,,,,,,,,,,,,,,,,,,,,,,,,,,,,,,,,,,,,,,,,,,,,,,,,,,,,,,,,,,,,,,,,,,,,,,,,,,,,,,,,,,,,,,,,,,,,,,,,,,,,,,,,,,,,,,,,,,,,,,,,,,,,,,,,,,,,,,,,,,,,,,,,,,,,,,,,,,,,,,,,,,,,,,,,,,,,,,,,,,,,,,,,,,,,,,,,,,,,100650.0,99823.0,98658.0,97083.0,95813.0,95630.0,95467.0,95496.0,95331.0,95345.0,95523.0,95805.0,96121.0,96605.0,98112.0,99177.0,99985.0,98793.0,97877.0,96830.0,96502.0,96090.0,95646.0,95226.0,94846.0,94421.0,93560.0,92911.0,92401.0,92797.0
274356,Los Angeles Heights - Keystone,Neighborhood,TX,TX,San Antonio,San Antonio-New Braunfels,Bexar County,61788.0,61483.0,61470.0,61309.0,61455.0,61646.0,61909.0,61980.0,62112.0,62200.0,62631.0,62851.0,62807.0,62722.0,62492.0,62729.0,62511.0,62241.0,61715.0,61455.0,61262.0,61213.0,60959.0,60772.0,61052.0,61600.0,62399.0,62413.0,62510.0,62560.0,62924.0,63353.0,63564.0,63738.0,63592.0,63853.0,63946.0,64388.0,64440.0,64969.0,65456.0,66029.0,66533.0,66934.0,67402.0,67743.0,67950.0,68161.0,68236.0,68054.0,67890.0,67615.0,67282.0,66986.0,66485.0,66183.0,65956.0,65836.0,66016.0,65911.0,65878.0,65793.0,65801.0,66019.0,66118.0,65985.0,66218.0,66668.0,67134.0,67349.0,67213.0,67317.0,67383.0,67385.0,67362.0,67019.0,67037.0,67385.0,67466.0,67169.0,66497.0,66330.0,66601.0,66612.0,66494.0,66423.0,66781.0,67053.0,67183.0,66922.0,66771.0,66799.0,67247.0,67840.0,68105.0,68737.0,69513.0,70210.0,70320.0,70857.0,71559.0,72615.0,73307.0,73876.0,74783.0,74972.0,75610.0,75348.0,75599.0,75876.0,76657.0,76897.0,76790.0,76554.0,77055.0,77910.0,77947.0,78197.0,77798.0,78682.0,79028.0,79880.0,80376.0,81390.0,82254.0,83053.0,83088.0,82847.0,82928.0,83518.0,84261.0,84576.0,84436.0,84217.0,83717.0,83607.0,83751.0,84270.0,85290.0,86657.0,87762.0,88099.0,88254.0,88310.0,88822.0,89049.0,89521.0,89409.0,89591.0,89571.0,89300.0,87719.0,86362.0,85435.0,84956.0,84169.0,83632.0,83149.0,83093.0,82214.0,81114.0,79605.0,78532.0,78439.0,78505.0,78589.0,78676.0,78641.0,78621.0,78329.0,77721.0,77472.0,77333.0,77934.0,78714.0,79520.0,80218.0,80383.0,80598.0,81498.0,81870.0,82278.0,81977.0,82848.0,83210.0,83200.0,81717.0,79768.0,78346.0,77312.0,76731.0,75174.0,74352.0,73444.0,73512.0,72607.0,71710.0,70557.0,70388.0,71369.0,71735.0,72355.0,72100.0,72457.0,72304.0,72333.0,72716.0,73408.0,74534.0,75308.0,76326.0,76224.0,75865.0,75273.0,74820.0,75028.0,74713.0,74184.0,72412.0,70953.0,70021.0,69813.0,69220.0,68100.0,67895.0,67812.0,68887.0,69164.0,70394.0,72128.0,73951.0,75124.0,75620.0,76106.0,76856.0,78541.0,79691.0,80731.0,80002.0,79638.0,78780.0,78123.0,78145.0,78907.0,80030.0,81295.0,82321.0,83345.0,84052.0,85120.0,87084.0,89274.0,91253.0,93009.0,94682.0,96634.0,98407.0,99661.0,100376.0,100941.0,101467.0,102509.0,103945.0,105864.0,107224.0,107783.0,108580.0,109344.0,110675.0,112083.0,114314.0,116952.0,120414.0,123515.0,125724.0,126128.0,127221.0,129158.0,131326.0,132851.0,133685.0,134606.0,135060.0,135086.0,134432.0,133513.0,132716.0,132787.0,132458.0,131715.0,130342.0
274809,Northwest Los Angeles Heights,Neighborhood,TX,TX,San Antonio,San Antonio-New Braunfels,Bexar County,,,,,,,,,,,,,,,,,,,,,,,,,,,,,,,,,,,,,,,,,,,,,,,,,,,,,,,,,,,,,,,,,,,,,,,,,,,,,,,,,,,,,,,,,,,,,,,,,,,,,,,,,,,,,,,,,,,,,,,,,,,,,,,,,,,,,,,,,,,,,,,,,,,,,,,,,,,,,,,,,,,,,,,,,,,,,,,,,,,,,,,,,,,,,,,,,,,,,,,,,,,,,,,,,,,,,,,,,,,80774.0,81076.0,81845.0,83089.0,84981.0,86412.0,88355.0,89770.0,91360.0,92542.0,94069.0,95582.0,97104.0,98697.0,99650.0,100529.0,99892.0,99930.0,98531.0,98116.0,97362.0,97272.0,97023.0,96792.0,96982.0,97400.0,98321.0,99192.0,100496.0,101658.0,103684.0,105098.0,106328.0,107465.0,107631.0,107709.0,106470.0,105931.0,104806.0,104805.0,105278.0,106048.0,106613.0,107516.0,108430.0,109261.0,109832.0,109849.0,110278.0,109742.0,109753.0,109010.0,108712.0,108370.0,106611.0,104263.0,102812.0,102745.0,103240.0,103882.0,104289.0,105476.0,106120.0,107075.0,107520.0,107875.0,109182.0,110859.0,111862.0,111944.0,111734.0,111592.0,111539.0
271294,Avenida Guadalupe,Neighborhood,TX,TX,San Antonio,San Antonio-New Braunfels,Bexar County,,,,,,,,,,,,,,,,,,,,,,,,,,,,,,,,,,,,,,,,,,,,,,,,,,,,,,,,,,,,,,,,,,,,,,,,,,,,,,,,,,,,,,,,,,,,,,,,,,,,,,,,,,,,,,,,,,,,,,,,,,,,,,,,,,,,,,,,,,,,,,,,,,,,,,,,,,,,,,,,,,,,,,,,,,,,,,,,,,,,,,,,,,,,,,,,,,,,,,,,,,,,,,,,,,,,,,,,,,,,,,,,,,,,,,,,,,,,,,,,,,,,,,,,,,,,,,,,,,,,73520.0,73206.0,72679.0,72163.0,71628.0,71166.0,70183.0,69099.0,68189.0,67524.0,67038.0,66614.0,66287.0,65953.0,66063.0,65589.0,65359.0,65181.0,66214.0,67624.0,68835.0,69662.0,70178.0,70598.0,70856.0,70971.0,70713.0,70590.0,70181.0,69571.0,68185.0,66446.0
273318,Collins Garden,Neighborhood,TX,TX,San Antonio,San Antonio-New Braunfels,Bexar County,,,,,,,,,,,,,,,,,,,,,,,,,,,,,,,,,,,,,,,,,,,,,,,,,,,,,,,,,,,,,,,,,,,,,,,,,,,,,,,,,,,,,,,,,,,,,,,,,,,,,,,,,,,,,,,,,,,,,,,,,,,,,,,,,,,,,,,,,,,,,,,,,,,,,,,,,,,,,,,,,,,,,,,,,,,,,,,,,,,,,,,,,,,,,,,,,,,,,,,,,,,,,,,,,,,,,,,,,,,,,,,,,,,,,,,,,,,,,,,62091.0,62570.0,63144.0,64376.0,65289.0,66056.0,66496.0,66889.0,66918.0,66512.0,66306.0,66242.0,66491.0,66793.0,67257.0,67036.0,67253.0,67294.0,68164.0,69110.0,70615.0,72692.0,74265.0,75358.0,75764.0,75673.0,74923.0,75131.0,75424.0,76596.0,76975.0,76987.0,76957.0,77366.0,77766.0,78555.0,79438.0,81397.0,82579.0,83173.0,83165.0,83291.0,83270.0,83777.0,84193.0,84242.0,84396.0,84391.0,84445.0,83964.0,84221.0,84518.0,85133.0
276618,University Park,Neighborhood,TX,TX,San Antonio,San Antonio-New Braunfels,Bexar County,,,,,,,,,,,,,,,,,,,,,,,,,,,,,,,,,,,,,,,,,,,,,,,,,,,,,,,,,,,,,,,,,,,,,,,,,,,,,,,,,,,,,,,,,,,,,,,,,,,,,,,,,,,,,,,,,,,,,,,,,,,,,,,,,,,,,,,,,,,,,,,,,,,,,,,,,,,,,,,,,,,,,,,,,,,,,,,,,,,,,,,,,,,,,,,,,,,,,,,,,,,,,,,,,,,,,,,,,,,,,,,,,,,,,,,,,,79193.0,78857.0,78747.0,78491.0,78313.0,78023.0,77858.0,77561.0,77400.0,77699.0,78772.0,80416.0,82096.0,83697.0,85152.0,86532.0,87972.0,89339.0,90663.0,92381.0,93974.0,94564.0,93957.0,92628.0,91566.0,91089.0,90636.0,90279.0,90263.0,91628.0,93155.0,94628.0,96032.0,98113.0,100095.0,101777.0,103014.0,104053.0,105481.0,107419.0,108909.0,108636.0,107784.0,107411.0,108297.0,109410.0,110581.0,111614.0,112759.0,113878.0,114730.0,115171.0,115727.0,116998.0,118612.0,119846.0,120147.0,120025.0
271533,Pecan Valley,Neighborhood,TX,TX,San Antonio,San Antonio-New Braunfels,Bexar County,61391.0,61270.0,61362.0,61539.0,62138.0,62580.0,63178.0,63043.0,62637.0,61835.0,61555.0,61539.0,61495.0,61215.0,60855.0,60569.0,59924.0,59410.0,58547.0,58748.0,59422.0,60895.0,61582.0,61659.0,61619.0,62472.0,63515.0,64158.0,64238.0,64627.0,65380.0,65956.0,66035.0,65580.0,65297.0,65560.0,66070.0,66215.0,66110.0,66589.0,67719.0,68303.0,68570.0,68477.0,69024.0,69632.0,70375.0,70905.0,71382.0,71696.0,72071.0,72189.0,71718.0,71100.0,70688.0,70929.0,71376.0,71511.0,71663.0,71393.0,71081.0,70712.0,70497.0,70284.0,70121.0,70315.0,70663.0,70912.0,70400.0,70106.0,69523.0,69560.0,69449.0,69393.0,69251.0,69198.0,69174.0,69486.0,69274.0,69188.0,68839.0,68998.0,69523.0,69635.0,69511.0,69179.0,68934.0,68607.0,68788.0,69027.0,69549.0,69758.0,70608.0,71184.0,71422.0,72139.0,73444.0,74986.0,76086.0,77573.0,78510.0,78674.0,79137.0,80084.0,80991.0,81257.0,81671.0,81366.0,81006.0,80924.0,81724.0,81646.0,81324.0,81240.0,80707.0,79620.0,78650.0,78544.0,79135.0,80204.0,81023.0,81274.0,81173.0,81896.0,83134.0,84190.0,84853.0,85469.0,85930.0,86286.0,85937.0,85806.0,85647.0,85819.0,85479.0,85013.0,83867.0,83457.0,84121.0,86098.0,87687.0,88358.0,88216.0,87352.0,86905.0,86686.0,87047.0,86832.0,87058.0,86954.0,86790.0,85690.0,84619.0,83849.0,83783.0,84331.0,84305.0,84051.0,83671.0,83480.0,83343.0,83239.0,82680.0,81403.0,80332.0,80064.0,80627.0,80624.0,81253.0,81826.0,82450.0,83036.0,83623.0,83772.0,83039.0,82493.0,82495.0,82379.0,81554.0,81000.0,79690.0,78451.0,76838.0,75544.0,74185.0,72718.0,72277.0,71628.0,70895.0,69858.0,69365.0,68837.0,68535.0,67947.0,68004.0,67980.0,68004.0,68528.0,69333.0,71202.0,72631.0,73899.0,74500.0,74943.0,75453.0,76260.0,76401.0,76703.0,77144.0,77517.0,77678.0,77427.0,77491.0,77236.0,76580.0,76458.0,76948.0,78144.0,79363.0,80444.0,81672.0,82664.0,82959.0,82746.0,82372.0,82574.0,83597.0,84036.0,83562.0,81831.0,80645.0,79340.0,77638.0,76250.0,75575.0,75694.0,76252.0,76756.0,76921.0,76903.0,77320.0,78166.0,79008.0,79864.0,81389.0,82714.0,83565.0,83469.0,83394.0,83667.0,84256.0,85121.0,85799.0,86308.0,86312.0,86975.0,87487.0,88089.0,89190.0,91244.0,92127.0,92238.0,91953.0,92251.0,92439.0,92734.0,93524.0,93883.0,93760.0,94420.0,95247.0,95912.0,96384.0,97788.0,99935.0,101825.0,102821.0,103729.0,104562.0,105697.0,106935.0,107726.0,108212.0,108556.0,109734.0,110525.0,110882.0,111111.0,112188.0,113293.0,114317.0
271297,Beacon Hill,Neighborhood,TX,TX,San Antonio,San Antonio-New Braunfels,Bexar County,62717.0,62754.0,62825.0,63165.0,63804.0,64310.0,64668.0,64618.0,64966.0,64955.0,65045.0,64686.0,64090.0,63391.0,62810.0,62303.0,61405.0,60537.0,59837.0,59576.0,58937.0,58692.0,58526.0,58648.0,59319.0,60121.0,60954.0,61152.0,61039.0,60982.0,61025.0,61254.0,61290.0,61215.0,60807.0,60867.0,60522.0,60702.0,60741.0,61470.0,62687.0,63941.0,64773.0,65231.0,65545.0,66231.0,66779.0,67130.0,67224.0,67257.0,67378.0,67062.0,65933.0,64813.0,63961.0,63582.0,63536.0,63533.0,63771.0,63901.0,64294.0,64160.0,63764.0,63689.0,64298.0,64726.0,65136.0,65266.0,65568.0,65294.0,64822.0,64493.0,63805.0,63669.0,63872.0,64189.0,64313.0,64453.0,64395.0,64118.0,63267.0,63194.0,63371.0,63502.0,63501.0,63615.0,64018.0,64221.0,64301.0,64280.0,64649.0,65329.0,66190.0,66588.0,66667.0,66836.0,67887.0,68233.0,67822.0,67111.0,66907.0,67004.0,66858.0,66988.0,67603.0,67865.0,68138.0,68058.0,67793.0,67709.0,67966.0,68633.0,68992.0,69420.0,69840.0,69922.0,69398.0,69373.0,69741.0,70442.0,70618.0,70987.0,71974.0,72936.0,73653.0,73744.0,74034.0,74752.0,75798.0,76791.0,77183.0,77522.0,78206.0,78761.0,78281.0,77550.0,77463.0,78472.0,79050.0,78861.0,78205.0,77618.0,77628.0,77654.0,77979.0,78595.0,79341.0,79514.0,78935.0,78204.0,77942.0,77149.0,76639.0,76131.0,76274.0,76133.0,75566.0,74646.0,73941.0,73600.0,73812.0,73922.0,74056.0,75083.0,75730.0,76217.0,75679.0,75747.0,75813.0,75935.0,75838.0,76437.0,77077.0,76864.0,76455.0,75853.0,76854.0,77618.0,78312.0,78288.0,78269.0,78800.0,79397.0,80432.0,80463.0,80741.0,80182.0,80447.0,79815.0,79227.0,79445.0,79806.0,80968.0,81001.0,81725.0,80853.0,80994.0,81711.0,83625.0,84655.0,84824.0,85533.0,85644.0,86148.0,85123.0,84952.0,84834.0,86466.0,88239.0,89196.0,89205.0,88664.0,88592.0,88597.0,88667.0,88236.0,87691.0,87065.0,86328.0,85232.0,83635.0,81903.0,81220.0,81404.0,82733.0,83116.0,83802.0,84641.0,86830.0,88865.0,89842.0,89639.0,89557.0,90627.0,91259.0,91864.0,90825.0,90749.0,90173.0,91011.0,91777.0,92958.0,94181.0,95770.0,97744.0,99984.0,102019.0,104227.0,107119.0,110637.0,113787.0,115341.0,115715.0,115722.0,116090.0,117575.0,119097.0,120247.0,121804.0,122881.0,125570.0,127234.0,130151.0,131393.0,132656.0,134487.0,138364.0,142064.0,144773.0,146844.0,147982.0,149881.0,149305.0,149614.0,149501.0,151876.0,154857.0,156836.0,157694.0,158202.0,159574.0,160970.0,162886.0,164310.0,166495.0,168202.0,169424.0,169835.0,169911.0,170411.0,170377.0
271445,Kingsborough Ridge,Neighborhood,TX,TX,San Antonio,San Antonio-New Braunfels,Bexar County,57423.0,57397.0,57332.0,57363.0,57524.0,57934.0,58825.0,59558.0,59923.0,59659.0,59354.0,59224.0,59245.0,59141.0,59185.0,59165.0,59113.0,58491.0,56981.0,55601.0,54869.0,54908.0,55119.0,54956.0,54675.0,54743.0,54824.0,54723.0,54357.0,54474.0,54827.0,55309.0,55339.0,55625.0,55572.0,55858.0,55964.0,56075.0,56004.0,56144.0,56202.0,55853.0,55833.0,55804.0,56168.0,56123.0,56432.0,56501.0,56530.0,56451.0,57042.0,57829.0,58812.0,59363.0,59587.0,59552.0,59638.0,59620.0,59641.0,59625.0,60023.0,59998.0,59669.0,58842.0,58078.0,58114.0,58335.0,58777.0,58410.0,58133.0,57377.0,56873.0,56304.0,56197.0,55718.0,55719.0,55711.0,55911.0,55687.0,55329.0,55223.0,55550.0,56091.0,56216.0,55465.0,55065.0,55114.0,55110.0,54702.0,54074.0,54001.0,54517.0,55156.0,55406.0,55644.0,56212.0,57465.0,58341.0,58839.0,59255.0,59904.0,59844.0,59621.0,58760.0,58530.0,58402.0,58657.0,58789.0,58795.0,58784.0,59146.0,59551.0,60062.0,60799.0,61689.0,62459.0,62828.0,63187.0,63922.0,64540.0,65077.0,65161.0,65281.0,65577.0,65816.0,66434.0,66933.0,67858.0,68414.0,68348.0,66834.0,65902.0,65492.0,66290.0,66377.0,66264.0,65715.0,65095.0,64182.0,63168.0,62380.0,62263.0,63545.0,64134.0,64713.0,63989.0,64327.0,63897.0,64738.0,65532.0,66979.0,67432.0,67415.0,66939.0,65677.0,64945.0,63896.0,63624.0,63038.0,63702.0,63448.0,63051.0,61988.0,61964.0,62755.0,63824.0,65297.0,66154.0,66743.0,66805.0,66567.0,66053.0,66074.0,66085.0,66259.0,66579.0,66435.0,66251.0,64931.0,63826.0,63082.0,63425.0,64101.0,64397.0,63669.0,63179.0,62482.0,61880.0,61060.0,60085.0,59748.0,59627.0,59805.0,59003.0,57935.0,56813.0,56384.0,55965.0,56036.0,55711.0,55767.0,56292.0,57480.0,58554.0,59255.0,60029.0,60863.0,61928.0,62736.0,63819.0,65132.0,67322.0,69631.0,71228.0,71310.0,71134.0,71454.0,72160.0,72981.0,73676.0,75439.0,77158.0,78029.0,77304.0,75630.0,75104.0,76144.0,78657.0,79733.0,80536.0,80761.0,81523.0,81453.0,80554.0,80037.0,80257.0,81311.0,82032.0,82026.0,81693.0,82193.0,84102.0,86231.0,88655.0,90081.0,92633.0,94847.0,98037.0,100986.0,103210.0,105140.0,105565.0,107856.0,108413.0,108907.0,107474.0,108250.0,108813.0,110521.0,110656.0,111015.0,111182.0,112023.0,113255.0,111878.0,110372.0,110333.0,111836.0,112252.0,111095.0,110671.0,110408.0,110794.0,111678.0,113163.0,115023.0,116089.0,117585.0,117739.0,118297.0,118865.0,120602.0,121249.0,122383.0,122981.0,123503.0,123348.0,123083.0,124386.0,125746.0,127414.0
275744,Tierra Linda,Neighborhood,TX,TX,San Antonio,San Antonio-New Braunfels,Bexar County,,,,,,,,,,,,,,,,,,,,,,,,,,,,,,,,,,,,,,,,,,,,,,,,,,,,,,,,,,,,,,,,,,,,,,,,,,,,,,,,,,,,,,,,,,,,,,,,,,,,,,,,,,,,,,,,,,,,,,,,,,,,,,,,,,,,,,,,,,,,,,,,,,,,,,,,88425.0,89341.0,90120.0,91151.0,91841.0,91929.0,91082.0,88758.0,85877.0,83683.0,81898.0,80523.0,78808.0,77116.0,75670.0,75254.0,75874.0,76619.0,77796.0,79504.0,81600.0,83024.0,84308.0,84500.0,85344.0,85747.0,85522.0,83489.0,80255.0,77791.0,76473.0,76974.0,78318.0,79583.0,79693.0,79922.0,79265.0,78197.0,76734.0,76368.0,75959.0,75982.0,75648.0,75579.0,74301.0,72395.0,71309.0,71215.0,72311.0,73770.0,74959.0,76088.0,77641.0,78926.0,79995.0,79605.0,79624.0,79336.0,79402.0,79020.0,78391.0,76768.0,75251.0,73640.0,72460.0,70823.0,68557.0,66146.0,64286.0,63573.0,63403.0,63228.0,63153.0,63513.0,64017.0,64637.0,64731.0,64690.0,64869.0,66161.0,66892.0,66184.0,63669.0,60947.0,58498.0,57305.0,57047.0,56773.0,56136.0,55387.0,55190.0,54832.0,54633.0,55442.0,57156.0,59221.0,60822.0,61418.0,61544.0,61881.0,62733.0,63811.0,64405.0,64700.0,64849.0,65381.0,66163.0,67609.0,68793.0,69651.0,68982.0,68287.0,68104.0,69260.0,70662.0,72725.0,75449.0,77259.0,78980.0,78910.0,78939.0,78567.0,79983.0,81537.0,83125.0,83524.0,84905.0,85060.0,84598.0,83709.0,83077.0,83344.0,83720.0,84704.0,85104.0,85208.0,84758.0,84336.0,83059.0,82344.0
275208,Riverside South,Neighborhood,TX,TX,San Antonio,San Antonio-New Braunfels,Bexar County,66131.0,65783.0,65543.0,65338.0,65601.0,66185.0,66559.0,66448.0,65892.0,65489.0,65684.0,65889.0,65778.0,65400.0,65740.0,66001.0,65635.0,64601.0,63730.0,63725.0,64134.0,64514.0,64040.0,63518.0,63461.0,64295.0,64619.0,64664.0,64879.0,65598.0,66499.0,67069.0,67662.0,67975.0,68346.0,68917.0,69519.0,69812.0,69227.0,68982.0,68394.0,67594.0,66951.0,66317.0,66371.0,66472.0,66622.0,66410.0,65679.0,65053.0,64814.0,64750.0,64651.0,64776.0,64578.0,64396.0,64171.0,63686.0,63959.0,63790.0,64311.0,64008.0,64083.0,62980.0,62235.0,61809.0,61744.0,62488.0,62197.0,62469.0,61585.0,61469.0,61482.0,61885.0,62260.0,63232.0,63682.0,63916.0,63259.0,61963.0,60871.0,60027.0,60368.0,60531.0,60136.0,59633.0,59234.0,59259.0,59916.0,60080.0,60687.0,61466.0,62793.0,63680.0,64030.0,64526.0,65591.0,66814.0,68100.0,69334.0,70090.0,70732.0,70980.0,71123.0,71399.0,72130.0,72725.0,72642.0,71986.0,71395.0,71172.0,69914.0,69104.0,68485.0,69325.0,69833.0,69821.0,69132.0,68321.0,67959.0,67452.0,67474.0,66816.0,67259.0,67695.0,68341.0,67726.0,66694.0,65913.0,65450.0,65456.0,65567.0,66039.0,66016.0,65739.0,65548.0,64933.0,65232.0,65880.0,67628.0,68754.0,69422.0,69778.0,70281.0,70953.0,71443.0,72018.0,72029.0,72145.0,71544.0,71164.0,70950.0,71337.0,72637.0,73463.0,74016.0,74248.0,75175.0,76554.0,77575.0,78193.0,78282.0,77881.0,76336.0,74881.0,73350.0,72503.0,71931.0,72021.0,72310.0,72236.0,72074.0,72044.0,72098.0,72397.0,73359.0,74487.0,74967.0,75121.0,74834.0,74080.0,72387.0,71424.0,70928.0,70877.0,70583.0,70999.0,71580.0,71948.0,71638.0,71349.0,71289.0,71141.0,70971.0,70262.0,69893.0,69888.0,70306.0,70271.0,69420.0,68568.0,68564.0,69002.0,68951.0,68585.0,68917.0,69159.0,69281.0,68116.0,67223.0,66271.0,65732.0,64467.0,62982.0,61339.0,60346.0,59692.0,58398.0,57379.0,56532.0,56473.0,56367.0,55746.0,55392.0,55568.0,56232.0,57195.0,58303.0,59129.0,59931.0,60394.0,61017.0,61827.0,62135.0,62203.0,62480.0,63462.0,64762.0,65049.0,65060.0,65513.0,67187.0,69197.0,70208.0,70622.0,71424.0,73356.0,73854.0,73976.0,73542.0,74836.0,75820.0,77346.0,78079.0,78307.0,78392.0,79419.0,80614.0,81736.0,83007.0,84514.0,86084.0,86965.0,87952.0,87513.0,86623.0,86641.0,87866.0,89179.0,89682.0,90599.0,92321.0,92838.0,92938.0,93233.0,95726.0,97943.0,100333.0,101289.0,102566.0,103144.0,104285.0,104770.0,104814.0,105766.0,107136.0,108230.0,107415.0,107349.0,107492.0,108296.0
274140,Jefferson-Woodlawn Lake,Neighborhood,TX,TX,San Antonio,San Antonio-New Braunfels,Bexar County,50914.0,50586.0,50862.0,51158.0,51795.0,52045.0,52414.0,52704.0,53144.0,53161.0,53505.0,53739.0,54544.0,55009.0,55107.0,54590.0,53600.0,52923.0,52039.0,51634.0,50993.0,50958.0,50652.0,50441.0,49594.0,49550.0,49454.0,49973.0,50454.0,51247.0,52093.0,52229.0,52367.0,52484.0,52438.0,52511.0,52289.0,52548.0,52721.0,53166.0,53601.0,54021.0,54273.0,54588.0,54928.0,55020.0,54896.0,54678.0,54868.0,54773.0,54800.0,54415.0,53767.0,52880.0,52244.0,52195.0,52205.0,52378.0,52565.0,52684.0,52633.0,52578.0,52327.0,52070.0,52031.0,52142.0,52207.0,51976.0,51920.0,51726.0,51589.0,51460.0,51521.0,51484.0,51518.0,51564.0,51718.0,51850.0,52124.0,52530.0,52378.0,52375.0,52479.0,52717.0,52449.0,52139.0,52302.0,52542.0,52709.0,52695.0,52834.0,52808.0,53370.0,53935.0,54579.0,55283.0,56668.0,57991.0,58757.0,59402.0,59851.0,60696.0,60916.0,61053.0,60938.0,60914.0,60703.0,59965.0,58978.0,58872.0,58688.0,58622.0,58537.0,58519.0,58472.0,58582.0,58561.0,58720.0,58947.0,59862.0,60812.0,61028.0,61583.0,62339.0,63276.0,63737.0,64390.0,65224.0,66201.0,66237.0,66188.0,65995.0,65929.0,65922.0,65688.0,65608.0,65259.0,65598.0,65669.0,65057.0,64451.0,65019.0,66259.0,67061.0,67738.0,68491.0,69389.0,69720.0,70270.0,70147.0,70566.0,71030.0,71262.0,70970.0,69911.0,69691.0,69578.0,69851.0,69677.0,69395.0,69070.0,69348.0,69704.0,71374.0,73207.0,74945.0,76472.0,77433.0,77583.0,76592.0,76309.0,76867.0,78181.0,78832.0,79386.0,78470.0,77196.0,75684.0,74846.0,74182.0,73883.0,74001.0,74116.0,74348.0,73827.0,73339.0,72430.0,71921.0,72194.0,72678.0,73406.0,73403.0,74044.0,74771.0,75457.0,75593.0,75969.0,76621.0,77765.0,79230.0,80302.0,80590.0,79867.0,80235.0,80385.0,80933.0,81031.0,81238.0,81346.0,81514.0,81845.0,81946.0,82125.0,83291.0,85323.0,86815.0,87975.0,88420.0,89423.0,90219.0,91269.0,91637.0,91659.0,92065.0,92924.0,94672.0,96694.0,98536.0,100214.0,101929.0,103167.0,104734.0,106350.0,109165.0,111389.0,112018.0,110941.0,108340.0,105557.0,103792.0,104154.0,106017.0,108070.0,109702.0,110689.0,111690.0,113340.0,116895.0,121978.0,127105.0,131391.0,135825.0,137671.0,139052.0,140085.0,141478.0,142416.0,141659.0,142115.0,142091.0,142279.0,143954.0,146389.0,147672.0,148096.0,148430.0,150214.0,152839.0,155891.0,158868.0,159770.0,160774.0,161627.0,163098.0,165603.0,167727.0,170257.0,171128.0,171679.0,171484.0,171383.0,172287.0,174008.0,175422.0,176502.0,176287.0,175060.0,174685.0,175037.0,176820.0,178112.0
271604,Third World,Neighborhood,TX,TX,San Antonio,San Antonio-New Braunfels,Bexar County,,,,,,,,,,,,,,,,,,,,,,,,,,,,,,,,,,,,,,,,,,,,,,,,,,,,,,,,,,,,,,,,,,,,,,,,,,,,,,,,,,,,,,,,,,,,,,,,,,,,,,,,,,,,,,,,,,,,,,,,,,,,,,,,,,,,,,,,,,,,,,,,,,,,,,,,,,,,,,,,,,,,,,,,,,,,,,,,,,,,,,,,,,,,,,,,,,,,,,,,,,,,,,,,,,,,,,,,,,,,,,,,,,,,,,77139.0,77006.0,76992.0,77292.0,77786.0,78223.0,78194.0,78334.0,78840.0,78929.0,78636.0,78099.0,77703.0,77803.0,78031.0,78561.0,78790.0,78898.0,79141.0,79349.0,79300.0,80048.0,81388.0,82860.0,84089.0,84507.0,84992.0,84421.0,83971.0,83869.0,85162.0,86198.0,86741.0,86890.0,86911.0,87453.0,88283.0,90353.0,91361.0,91561.0,91646.0,93108.0,94681.0,95841.0,96981.0,98106.0,99700.0,101113.0,102085.0,102815.0,104219.0,106873.0,109225.0,110320.0,110658.0,111361.0,112244.0,113180.0,113697.0,114047.0,114511.0,114564.0
271351,Donaldson Terrace,Neighborhood,TX,TX,San Antonio,San Antonio-New Braunfels,Bexar County,61499.0,61398.0,61227.0,60609.0,59974.0,59479.0,59027.0,58646.0,58295.0,58047.0,58124.0,58590.0,59169.0,59485.0,59314.0,59588.0,59803.0,59969.0,59895.0,59695.0,59531.0,59634.0,59586.0,58994.0,58316.0,57708.0,57680.0,57559.0,57749.0,57957.0,58696.0,59474.0,60184.0,60111.0,59846.0,59645.0,59656.0,59637.0,60036.0,60555.0,61020.0,61149.0,60857.0,60852.0,60887.0,61520.0,61372.0,61443.0,60912.0,60667.0,59870.0,58651.0,57596.0,56991.0,57028.0,56652.0,56153.0,55336.0,55963.0,56198.0,56618.0,56381.0,55999.0,55850.0,55614.0,55154.0,54467.0,54155.0,54205.0,54202.0,52798.0,51967.0,51609.0,52091.0,52634.0,52837.0,53194.0,53999.0,54330.0,54273.0,53618.0,53869.0,55115.0,55815.0,55659.0,55201.0,55055.0,55317.0,54905.0,53764.0,53276.0,53681.0,54674.0,54598.0,53661.0,53412.0,54171.0,55113.0,56003.0,56972.0,58456.0,60218.0,61881.0,62527.0,63257.0,64304.0,66910.0,68371.0,69537.0,70376.0,71915.0,72771.0,73785.0,74801.0,76304.0,77551.0,78205.0,78968.0,79028.0,80000.0,80182.0,80233.0,79118.0,79319.0,79467.0,80432.0,79577.0,79983.0,80734.0,81900.0,82253.0,82079.0,82723.0,83285.0,84189.0,83794.0,83671.0,83169.0,84336.0,84496.0,84469.0,84092.0,84368.0,85027.0,85205.0,86263.0,87153.0,88570.0,89488.0,90048.0,90263.0,89980.0,90497.0,90954.0,91591.0,90991.0,90565.0,88726.0,87653.0,86468.0,86061.0,85373.0,83891.0,83946.0,83001.0,82538.0,81162.0,81075.0,80781.0,81137.0,81364.0,81813.0,81963.0,81959.0,82461.0,81909.0,81829.0,81026.0,80384.0,79917.0,79554.0,79614.0,78482.0,77315.0,75512.0,75037.0,74582.0,74827.0,74505.0,74426.0,75124.0,75027.0,74913.0,74059.0,74160.0,73973.0,74414.0,73963.0,74150.0,73915.0,74069.0,74169.0,73891.0,74091.0,73769.0,73762.0,73589.0,74521.0,75081.0,76012.0,75683.0,75024.0,74318.0,74344.0,74294.0,74097.0,74262.0,74556.0,75089.0,74594.0,74036.0,72475.0,72019.0,72515.0,73585.0,73909.0,74306.0,74897.0,76160.0,77843.0,78882.0,79239.0,79569.0,80535.0,80963.0,80646.0,79788.0,78997.0,78274.0,78193.0,78441.0,78066.0,77736.0,78477.0,80050.0,81972.0,83309.0,84653.0,86322.0,88715.0,91124.0,92062.0,91051.0,90358.0,90020.0,90181.0,89398.0,88966.0,89178.0,89630.0,89289.0,88493.0,87895.0,88355.0,89598.0,90585.0,91867.0,92340.0,93974.0,95252.0,97405.0,100002.0,103082.0,106483.0,108038.0,110072.0,113084.0,116194.0,118594.0,120502.0,122715.0,124624.0,125481.0,125792.0,126067.0,126091.0,127559.0,128103.0,127593.0,126801.0,126116.0
271659,Woodlawn Lake,Neighborhood,TX,TX,San Antonio,San Antonio-New Braunfels,Bexar County,,,,,,,,,,,,,,,,,,,,,,,,,,,,,,,,,,,,,,,,,,,,,,,,,,,,,,,,,,,,,,,,,,,,,,,,,,,,,,,,,,,,,,,,,,,,,,,,,,,,,,,,,,,,,,,,,,,,,,,,,,,91786.0,92499.0,92944.0,93618.0,93796.0,94210.0,94943.0,95658.0,95210.0,94760.0,94457.0,94441.0,93979.0,93175.0,92889.0,93434.0,94731.0,95583.0,95444.0,94843.0,95774.0,96678.0,97498.0,97710.0,98237.0,99110.0,99679.0,100013.0,100058.0,99909.0,100533.0,101904.0,103481.0,104914.0,106119.0,107556.0,109510.0,110412.0,110444.0,109144.0,107890.0,107528.0,107485.0,107613.0,107093.0,106542.0,105489.0,104467.0,103444.0,102764.0,102478.0,101673.0,101520.0,101169.0,101311.0,100605.0,99467.0,98642.0,98058.0,97088.0,94475.0,92398.0,90230.0,89932.0,89192.0,88790.0,87909.0,87628.0,88191.0,88563.0,88730.0,87942.0,88498.0,88894.0,90443.0,91153.0,92242.0,92764.0,93399.0,93690.0,93896.0,93431.0,92972.0,93197.0,93711.0,94672.0,95032.0,94612.0,93416.0,92541.0,91704.0,91157.0,90076.0,90127.0,90761.0,91811.0,92191.0,91795.0,90980.0,90929.0,91573.0,91762.0,92109.0,91904.0,91941.0,92104.0,92353.0,93230.0,92917.0,92419.0,92158.0,92460.0,92422.0,92826.0,93096.0,94061.0,94379.0,94162.0,93675.0,92543.0,92810.0,93970.0,95335.0,96739.0,97965.0,98670.0,98745.0,99053.0,100792.0,102329.0,103941.0,105279.0,106951.0,107266.0,107605.0,106613.0,106073.0,106108.0,107338.0,108924.0,109610.0,109916.0,108796.0,107779.0,107348.0,108201.0,109041.0,110199.0,111514.0,112958.0,114264.0,114930.0,115292.0,116591.0,119760.0,122908.0,124001.0,124058.0,124334.0,125446.0,126207.0,126609.0,126643.0,126894.0,127526.0,127560.0,126773.0,125933.0,126206.0
271471,Mission San Jose,Neighborhood,TX,TX,San Antonio,San Antonio-New Braunfels,Bexar County,30013.0,29995.0,30212.0,30514.0,30943.0,31339.0,31929.0,32257.0,32487.0,32572.0,33135.0,33595.0,33982.0,34238.0,34602.0,35183.0,35683.0,36074.0,35900.0,36122.0,36502.0,37066.0,36946.0,36812.0,36953.0,37537.0,37803.0,37615.0,37149.0,37003.0,37477.0,38139.0,38670.0,39112.0,39328.0,39905.0,40122.0,40341.0,40082.0,40189.0,40540.0,40810.0,40654.0,39820.0,39244.0,39029.0,39216.0,39074.0,38866.0,38661.0,39038.0,39312.0,39372.0,39018.0,38561.0,38697.0,39013.0,39067.0,39102.0,39032.0,39423.0,39300.0,39310.0,39067.0,39078.0,39223.0,39540.0,39991.0,39912.0,39971.0,39675.0,39697.0,39578.0,39785.0,39596.0,39526.0,39316.0,39359.0,38976.0,38278.0,37750.0,37235.0,37065.0,36760.0,36567.0,36482.0,36594.0,36867.0,37334.0,37846.0,38589.0,39365.0,40255.0,41593.0,42796.0,43995.0,44789.0,45484.0,46005.0,46703.0,47089.0,47494.0,47952.0,48510.0,48914.0,48616.0,49013.0,49231.0,49523.0,49196.0,48999.0,48271.0,47729.0,47392.0,47816.0,48311.0,48677.0,48798.0,48121.0,47818.0,47673.0,48531.0,49490.0,50848.0,51925.0,52334.0,51785.0,50969.0,50435.0,50701.0,51216.0,51896.0,52279.0,52572.0,52931.0,53729.0,54988.0,56652.0,58690.0,60917.0,62997.0,64092.0,65008.0,65348.0,66652.0,67220.0,67424.0,66844.0,66712.0,67176.0,67781.0,68098.0,68273.0,69360.0,70384.0,71275.0,71196.0,71816.0,72826.0,74008.0,74161.0,73481.0,72443.0,71674.0,71622.0,71517.0,72282.0,73342.0,75383.0,77519.0,79005.0,79981.0,80533.0,81542.0,82962.0,85163.0,86437.0,86747.0,85321.0,84139.0,82106.0,80127.0,79300.0,78857.0,78858.0,77781.0,77415.0,76477.0,75935.0,74990.0,74336.0,74030.0,74625.0,74843.0,74424.0,74073.0,74651.0,76244.0,76666.0,76771.0,76539.0,77849.0,80316.0,81543.0,82153.0,83006.0,84360.0,85780.0,85785.0,85496.0,85259.0,85369.0,85364.0,84354.0,82991.0,82564.0,81850.0,80421.0,78139.0,76638.0,75526.0,74928.0,74261.0,74299.0,74420.0,74684.0,74825.0,75436.0,76441.0,77561.0,78801.0,79379.0,80547.0,80590.0,80753.0,80222.0,80933.0,82457.0,83681.0,84189.0,84428.0,85423.0,86528.0,87132.0,87177.0,87395.0,87611.0,87115.0,86069.0,85435.0,85673.0,86242.0,86956.0,87114.0,86773.0,86274.0,86973.0,88687.0,90619.0,92878.0,94804.0,95969.0,96200.0,95938.0,95147.0,94462.0,95048.0,96615.0,97334.0,97142.0,97959.0,98825.0,98583.0,95928.0,93499.0,92777.0,93695.0,95398.0,96296.0,96869.0,97287.0,97712.0,97319.0,96903.0,97516.0,100201.0,103008.0,104637.0,105191.0,105122.0,105218.0
271477,Monte Vista,Neighborhood,TX,TX,San Antonio,San Antonio-New Braunfels,Bexar County,67296.0,67079.0,66868.0,66649.0,66780.0,67106.0,67328.0,67297.0,67286.0,67185.0,67526.0,67518.0,67474.0,67227.0,67277.0,67635.0,67178.0,66640.0,66073.0,66194.0,66540.0,66929.0,66956.0,67117.0,67588.0,68098.0,68872.0,68751.0,69491.0,69816.0,70627.0,71008.0,70819.0,70764.0,70199.0,70470.0,70359.0,71489.0,71628.0,72359.0,72451.0,73015.0,73217.0,73114.0,73542.0,74081.0,75190.0,75543.0,75784.0,75206.0,75223.0,75042.0,74541.0,73622.0,72482.0,72268.0,71970.0,72174.0,71739.0,72141.0,72414.0,72858.0,72835.0,72884.0,73061.0,73512.0,74695.0,75628.0,76219.0,75969.0,75722.0,75116.0,74535.0,74284.0,74309.0,74593.0,75376.0,76298.0,76521.0,76136.0,75449.0,75356.0,76194.0,76664.0,76844.0,76400.0,76642.0,76812.0,76642.0,76955.0,77532.0,78899.0,80962.0,83314.0,84726.0,85541.0,86763.0,88140.0,88825.0,89554.0,90544.0,90764.0,90568.0,90358.0,89655.0,87983.0,86591.0,86315.0,86807.0,86890.0,87205.0,86998.0,86969.0,86625.0,86632.0,85588.0,84886.0,84940.0,85306.0,86247.0,86527.0,88047.0,89060.0,90363.0,91294.0,92843.0,94495.0,96406.0,98299.0,100127.0,101611.0,102554.0,102934.0,102660.0,102321.0,102008.0,101460.0,100577.0,100189.0,100859.0,101955.0,102441.0,103265.0,103021.0,103351.0,103075.0,103497.0,103758.0,104599.0,105783.0,106115.0,105122.0,103038.0,101509.0,100197.0,100106.0,100089.0,100322.0,100161.0,100331.0,99805.0,99427.0,98685.0,98967.0,99236.0,99501.0,99442.0,99214.0,98669.0,98315.0,98003.0,97850.0,98445.0,98357.0,98836.0,98394.0,98395.0,98009.0,97150.0,96101.0,94988.0,93973.0,92789.0,91173.0,89351.0,88116.0,87230.0,87248.0,87534.0,87839.0,88169.0,88253.0,88889.0,89483.0,90369.0,91227.0,91739.0,91763.0,91573.0,91163.0,90872.0,90286.0,90300.0,90485.0,90719.0,90703.0,90945.0,91234.0,91920.0,92619.0,93799.0,95022.0,95856.0,96971.0,97940.0,98632.0,98302.0,97678.0,97341.0,97703.0,98409.0,98883.0,98670.0,97956.0,97590.0,97308.0,96713.0,96549.0,97495.0,99388.0,100222.0,100108.0,99039.0,98252.0,97613.0,97426.0,97620.0,98276.0,98773.0,99724.0,99912.0,99653.0,99508.0,100288.0,102262.0,104276.0,106127.0,107401.0,108283.0,109015.0,110777.0,111222.0,111852.0,112248.0,113368.0,113545.0,113298.0,113512.0,114664.0,115925.0,116818.0,117446.0,117410.0,117749.0,117298.0,117833.0,118828.0,120348.0,121139.0,121626.0,121214.0,121764.0,120922.0,120820.0,119904.0,120766.0,121814.0,122789.0,123141.0,124021.0,124952.0,125624.0,126511.0,126613.0,127946.0,128764.0,130238.0,130297.0,130499.0,130222.0,129952.0
273855,Government Hill Alliance,Neighborhood,TX,TX,San Antonio,San Antonio-New Braunfels,Bexar County,,,,,,,,,,,,,,,,,,,,,,,,,,,,,,,,,,,,,,,,,,,,,,,,,,,,,,,,,,,,,,,,,,,,,,,,,,,,,,,,,,,,,,,,,,,,,,,,,,,,,,,,,,,,,,,,,,,,,,,,,,,,,,,,,,,,,,,,,,,,,,,,,,,,,,,,,,,,,,,,,,,,,,,,,,,,,,,,,,,,,,,,,,,,,,,,,,,,,,,,,,,,,,,,,,,,,,,,,,,,,,,,,,,,,,,,,,,,,,,,,,,,,,,,69721.0,70708.0,71985.0,74195.0,76764.0,79779.0,83115.0,86095.0,88509.0,90667.0,92617.0,94010.0,95414.0,97602.0,99655.0,101969.0,102815.0,102413.0,101139.0,100843.0,101736.0,102951.0,104231.0,106511.0,108289.0,108525.0,108241.0,108404.0,110113.0,112045.0,113826.0,114024.0,113742.0,113433.0,113859.0,113905.0,114389.0,115870.0,117861.0,119750.0,121134.0,122807.0,124980.0,128289.0
271609,Tobin Hill,Neighborhood,TX,TX,San Antonio,San Antonio-New Braunfels,Bexar County,73884.0,73786.0,73877.0,74150.0,74502.0,75357.0,75789.0,75851.0,76019.0,76365.0,77298.0,77319.0,77289.0,77186.0,77170.0,77000.0,76333.0,74967.0,74095.0,73713.0,73397.0,72768.0,71984.0,72287.0,72696.0,72838.0,72702.0,72380.0,72628.0,72778.0,73285.0,73892.0,73726.0,73504.0,72511.0,72010.0,71324.0,72012.0,72858.0,74183.0,75379.0,76570.0,76797.0,76442.0,77181.0,78355.0,79021.0,78826.0,78855.0,78601.0,78533.0,77811.0,76510.0,75147.0,74230.0,74432.0,74244.0,74211.0,74253.0,74618.0,74884.0,74911.0,74765.0,74850.0,75516.0,75997.0,77233.0,77726.0,78331.0,78030.0,77918.0,78206.0,78430.0,78772.0,78957.0,79236.0,79488.0,79734.0,79123.0,78394.0,77157.0,76633.0,76878.0,76749.0,76396.0,75858.0,76247.0,76884.0,77099.0,78319.0,79920.0,82204.0,83982.0,85264.0,85455.0,85897.0,87492.0,88804.0,89275.0,88949.0,89793.0,89113.0,87953.0,86574.0,87461.0,88979.0,90604.0,91339.0,91520.0,92008.0,92171.0,92852.0,92952.0,93833.0,94835.0,95326.0,94506.0,94003.0,94548.0,96217.0,97249.0,98523.0,100819.0,103392.0,104884.0,106404.0,107981.0,109614.0,110664.0,111068.0,111612.0,112547.0,113813.0,114738.0,114064.0,113275.0,113656.0,114150.0,114482.0,115117.0,116786.0,118540.0,118923.0,117571.0,116428.0,115645.0,115697.0,115219.0,114994.0,115386.0,116205.0,115764.0,114039.0,112601.0,111680.0,111743.0,111236.0,110446.0,110310.0,109669.0,108422.0,105324.0,102750.0,102230.0,103868.0,105204.0,105592.0,105053.0,105361.0,105761.0,105835.0,106482.0,107546.0,109949.0,112013.0,113433.0,113136.0,112529.0,112508.0,113572.0,113264.0,112616.0,110426.0,109338.0,107415.0,105831.0,104061.0,102854.0,102057.0,101584.0,102199.0,102982.0,104683.0,105446.0,107846.0,108370.0,110058.0,110785.0,111884.0,111690.0,111301.0,110715.0,109879.0,108378.0,106833.0,106502.0,106616.0,108899.0,111395.0,114437.0,116461.0,118004.0,118966.0,120477.0,121021.0,122622.0,124837.0,128829.0,131194.0,131900.0,130590.0,129082.0,127557.0,127242.0,128513.0,129085.0,131304.0,133468.0,135667.0,135039.0,134678.0,134383.0,135846.0,137198.0,139919.0,141954.0,143216.0,144698.0,144701.0,144530.0,143836.0,144061.0,144703.0,145732.0,146974.0,148264.0,149344.0,151814.0,154582.0,157839.0,160460.0,161182.0,160803.0,161621.0,162755.0,164726.0,165045.0,166242.0,168025.0,168684.0,169316.0,168150.0,168105.0,168073.0,167689.0,166710.0,166466.0,166605.0,167994.0,170450.0,171957.0,172688.0,170628.0,170553.0,169720.0,170872.0,172485.0,175159.0,178008.0,180329.0,182263.0,182274.0,182777.0,184173.0,187745.0,190440.0,193287.0,194749.0,196130.0,196494.0,196170.0
273795,Friedrich Wilderness Park,Neighborhood,TX,TX,San Antonio,San Antonio-New Braunfels,Bexar County,,,,,,,,,,,,,,,,,,,,,,,,,,,,,,,,,,,,,,,,,,,,,,,,,,,,,,,,,,,,,,,,,,,,,,,,,,,,,,,,,,,,,,,,,,,,,,,,,,,,,,,,,,,,,,,,,,,,,,,,,,,,,,,,,,,,,,,,,,,,,,,,,,,,,,,,,,,,,,,,,,,,,,,,,,,,,,,,,,,,,,,,,,,,,,,,,108063.0,107684.0,107492.0,107550.0,108056.0,108653.0,109400.0,110772.0,112749.0,114755.0,115914.0,117026.0,116987.0,117569.0,118790.0,119836.0,120169.0,119521.0,119139.0,118218.0,117259.0,116458.0,116448.0,116157.0,117620.0,119622.0,120965.0,122152.0,123426.0,125730.0,127584.0,129260.0,130323.0,131738.0,134043.0,137289.0,140298.0,142423.0,144002.0,145392.0,146733.0,149641.0,152063.0,153778.0,153510.0,152220.0,151535.0,151014.0,150813.0,148931.0,148201.0,148575.0,151322.0,152789.0,154757.0,156575.0,159708.0,162493.0,164799.0,166702.0,167796.0,169812.0,171406.0,173075.0,174479.0,175958.0,178586.0,180316.0,181974.0,182443.0,183805.0,186956.0,192331.0,199071.0,205817.0,211494.0,212430.0,210376.0,208268.0,208355.0,210213.0,212551.0,215118.0,216281.0,214662.0,212242.0,209212.0,207330.0,207678.0,210869.0,213142.0,214280.0,213726.0,213565.0,212870.0,212459.0,213256.0,213906.0,215184.0
271595,Sunny Slope,Neighborhood,TX,TX,San Antonio,San Antonio-New Braunfels,Bexar County,,,,,,,,,,,,,,,,,,,,,,,,,,,,,,,,,,,,,,,,,,,,,,,,,,,,,,,,,,,,,,,,,,,,,,,,,,,,,,,,,,,,,,,,,,,,,,,,,,,,,,,,,,,,,,,,,,,,,,,,,,,,,,,,,,,,,,,,,,,,,,,,,,,,,,,,,,,,,,,,,,,,,,,,,,,,,,,,,,,,,,,,,,,,,,,,,,,,,,,,,,,,,,,,,,,,,,,,,,,,,,,,,,,,,,,,,,,,,,,,,,,,,,68168.0,67286.0,66672.0,65504.0,64990.0,64355.0,63780.0,62769.0,61805.0,61077.0,60625.0,60931.0,61152.0,61972.0,62431.0,62983.0,62546.0,62668.0,62989.0,64304.0,65841.0,67183.0,68345.0,68009.0,67999.0,67120.0,67302.0,67381.0,68585.0,69514.0,70265.0,70961.0,71511.0,71953.0,72029.0,72848.0,73808.0,75199.0,76045.0,76944.0,77336.0,77851.0,78504.0,79078.0,79759.0,80584.0
275241,Roosevelt Park,Neighborhood,TX,TX,San Antonio,San Antonio-New Braunfels,Bexar County,,,,,,,,,,,,,,,,,,,,,,,,,,,,,,,,,,,,,,,,,,,,,,,,,,,,,,,,,,,,,,,,,,,,,,,,,,,,,,,,,,,,,,,,,,,,,,,,,,,,,,,,,,,,,,,,,,,,,,,,,,,,,,,,,,,,,,,,,,,,,,,,,,,,,,,,,,,,,,,,,,,,,,,,,,,,,,,,,,,,,,,,,,,,,,,,,,,,,,,,,,,,,,,,,,,,,,,,,,,,,,68983.0,69493.0,70186.0,71085.0,71976.0,72610.0,73122.0,73221.0,73313.0,73797.0,74825.0,75979.0,76659.0,76641.0,75775.0,75496.0,75286.0,75208.0,74974.0,75126.0,75598.0,75648.0,74574.0,72882.0,71497.0,71395.0,72145.0,72814.0,73196.0,73922.0,74980.0,76462.0,77093.0,77102.0,77470.0,78899.0,81263.0,83511.0,85684.0,86464.0,86740.0,86352.0,86703.0,86172.0,85910.0,86531.0,88706.0,90435.0,91333.0,91721.0,93016.0,95070.0,97054.0,98486.0,100819.0,103913.0,106889.0,108426.0,108703.0,109672.0,110870.0,112512.0,113416.0,114359.0,115632.0,117627.0,118502.0,119115.0,119733.0,121157.0
273878,Greater Gardendale,Neighborhood,TX,TX,San Antonio,San Antonio-New Braunfels,Bexar County,,,,,,,,,,,,,,,,,,,,,,,,,,,,,,,,,,,,,,,,,,,,,,,,,,,,,,,,,,,,,,,,,,,,,,,,,,,,,,,,,,,,,,,,,,,,,,,,,,,,,,,,,,,,,,,,,,,,,,,,,,,,,,,,,,,,,,,,,,,,,,,,,,,,,,,,,,,,,,,,,,,,,,,,,,,,,,,,,,,,,,,,,,,,,,,,,,,,,,,,,,,,,,,,,,,,,,,,,,,,36028.0,36235.0,36636.0,37467.0,38422.0,39216.0,39759.0,40245.0,40518.0,40665.0,40532.0,40468.0,40689.0,41375.0,42010.0,42129.0,41867.0,41989.0,42754.0,43492.0,44253.0,44986.0,46262.0,47656.0,48722.0,49119.0,49098.0,49575.0,50479.0,50956.0,50695.0,50443.0,50852.0,51804.0,52490.0,52465.0,51849.0,51445.0,51511.0,51744.0,51816.0,52070.0,52761.0,54192.0,55378.0,55636.0,55154.0,55090.0,55835.0,56581.0,57728.0,59008.0,60847.0,62245.0,63852.0,64486.0,64731.0,64790.0,65532.0,66853.0,68155.0,69423.0,69812.0,69970.0,69695.0,69749.0,69490.0,69598.0,69973.0,70726.0,71191.0,70969.0
271349,Dignowity Hill,Neighborhood,TX,TX,San Antonio,San Antonio-New Braunfels,Bexar County,,,,,,,,,,,,,,,,,,,,,,,,,,,,,,,,,,,,,,,,,,,,,,,,,,,,,,,,,,,,,,,,,,,,,,,,,,,,,,,,,,,,,,,,,,,,,,,,,,,,,,,,,,,,,,,,,,,,,,,,,,,,,,,,,,,,,,,,,,,,,,,,,,,,,,,,,,,,,,,,,,,,222716.0,222504.0,222911.0,222378.0,221132.0,219436.0,218273.0,216972.0,216010.0,213746.0,210731.0,206802.0,203452.0,200560.0,196592.0,192980.0,191027.0,188454.0,186507.0,183847.0,181572.0,180474.0,179824.0,180377.0,179622.0,179310.0,179327.0,180294.0,179455.0,180068.0,178696.0,178780.0,178324.0,178709.0,180000.0,180805.0,182146.0,182388.0,182756.0,183074.0,184172.0,185843.0,187602.0,189180.0,189395.0,188487.0,187162.0,186827.0,189041.0,190654.0,193289.0,194266.0,195677.0,195920.0,196232.0,195908.0,195824.0,196745.0,198348.0,200480.0,199510.0,200311.0,199776.0,203227.0,205525.0,207432.0,208992.0,208943.0,209398.0,208561.0,208773.0,209759.0,213458.0,215883.0,217872.0,215923.0,215498.0,215661.0,216249.0,218557.0,221817.0,226357.0,229312.0,227488.0,224199.0,220388.0,219876.0,221136.0,222808.0,225667.0,227820.0,229841.0,229612.0,228729.0,228141.0,232035.0,233876.0,237753.0,237889.0,239557.0,238182.0,236474.0,235898.0,236016.0,236487.0,237316.0,238524.0,239774.0,241749.0,243515.0,246706.0,249117.0,252716.0,253838.0,255144.0,254561.0,255860.0,256478.0,257069.0,256265.0,256126.0,255324.0,254667.0,253621.0,253048.0,254190.0,254711.0,256221.0
274135,Jefferson,Neighborhood,TX,TX,San Antonio,San Antonio-New Braunfels,Bexar County,83346.0,82765.0,82858.0,82945.0,83597.0,84076.0,84495.0,84992.0,85491.0,85728.0,85845.0,85691.0,85538.0,85603.0,85576.0,85364.0,84436.0,83586.0,82708.0,81920.0,81359.0,81368.0,81572.0,81996.0,82588.0,83796.0,84726.0,85425.0,85840.0,86504.0,87543.0,88292.0,88533.0,88365.0,88257.0,88591.0,88480.0,88302.0,87844.0,88085.0,88756.0,89379.0,89474.0,89467.0,89831.0,90280.0,90552.0,90234.0,90244.0,90167.0,90756.0,90950.0,90459.0,89799.0,89285.0,89410.0,89388.0,89711.0,89856.0,90230.0,90442.0,90480.0,90207.0,89916.0,89774.0,89918.0,90032.0,90689.0,91380.0,91443.0,91471.0,91349.0,91227.0,91228.0,91439.0,92004.0,92914.0,93216.0,93756.0,93372.0,92900.0,92764.0,92869.0,93428.0,93600.0,93477.0,93409.0,93466.0,93899.0,94420.0,94814.0,95046.0,95578.0,96461.0,97346.0,97834.0,98687.0,99804.0,100468.0,100279.0,99917.0,100194.0,100576.0,100982.0,101362.0,100784.0,100266.0,99059.0,98174.0,97760.0,97799.0,98018.0,97047.0,95781.0,94804.0,94125.0,93625.0,93542.0,93232.0,93200.0,93419.0,93799.0,94520.0,95498.0,97259.0,99036.0,100376.0,102261.0,103425.0,104654.0,105306.0,106914.0,107501.0,107396.0,105738.0,104657.0,103920.0,103936.0,104244.0,104322.0,104564.0,104756.0,106040.0,106801.0,107750.0,108094.0,109200.0,109738.0,110371.0,110419.0,110157.0,108512.0,107350.0,106671.0,106181.0,105992.0,106376.0,107808.0,108695.0,109054.0,108730.0,108637.0,108441.0,109398.0,109606.0,109801.0,109502.0,108926.0,108024.0,106447.0,106473.0,107167.0,108121.0,108057.0,107758.0,108004.0,108101.0,107802.0,106542.0,105486.0,104429.0,103605.0,101396.0,98947.0,96209.0,94540.0,93487.0,92753.0,93179.0,93364.0,94325.0,94844.0,95352.0,95460.0,96073.0,96992.0,98820.0,99993.0,101556.0,101620.0,100929.0,100118.0,99642.0,99726.0,99772.0,100678.0,102152.0,103295.0,103708.0,104175.0,104724.0,105582.0,106233.0,107441.0,108368.0,109103.0,109551.0,110104.0,110171.0,110770.0,111611.0,112127.0,112011.0,111860.0,112561.0,113022.0,114174.0,115478.0,117054.0,117486.0,117148.0,115777.0,114192.0,113568.0,112732.0,112399.0,111841.0,111685.0,110748.0,109758.0,109816.0,110392.0,111400.0,113073.0,115649.0,118618.0,121266.0,123700.0,125857.0,128308.0,131008.0,133401.0,135286.0,137400.0,139367.0,141472.0,142812.0,142421.0,142630.0,142909.0,143552.0,143269.0,142842.0,142597.0,140443.0,138908.0,138820.0,139610.0,139692.0,140632.0,142222.0,144893.0,146520.0,148919.0,150239.0,151502.0,153211.0,154102.0,154400.0,153961.0,154507.0,155086.0,155067.0,154376.0,154672.0,154918.0,156218.0,157709.0,160089.0,162869.0,165596.0
276272,Community Workers Council-Los Jardines,Neighborhood,TX,TX,San Antonio,San Antonio-New Braunfels,Bexar County,,,,,,,,,,,,,,,,,,,,,,,,,,,,,,,,,,,,,,,,,,,,,,,,,,,,,,,,,,,,,,,,,,,,,,,,,,,,,,,,,,,,,,,,,,,,,,,,,,,,,,,,,,,,,,,,,,,,,,,,,,,,,,,,,,,,,,,,,,,,,,,,,,,,,,,,,,,,,,,,,,,,,,,,,,,,,,,,,,,,,,,,,,,,,,,,,,,,,,,,,,,,,,,,,,,,,,,,,,,,,,,,,,,,,,,,,,,,,,,,,,,,,,,,,,,,78921.0,78259.0,77214.0,75329.0,73587.0,72516.0,72008.0,71639.0,71122.0,70272.0,69079.0,68298.0,67752.0,67504.0,67997.0,69246.0,70803.0,71502.0,71546.0,71789.0,72773.0,74858.0,78108.0,80699.0,83053.0,84627.0,85065.0,84269.0,82932.0,82833.0,83335.0,83700.0,83701.0,83192.0,82168.0,81538.0,81115.0,81155.0,81718.0,82851.0
271468,Memorial Heights,Neighborhood,TX,TX,San Antonio,San Antonio-New Braunfels,Bexar County,,,,,,,,,,,,,,,,,,,,,,,,,,,,,,,,,,,,,,,,,,,,,,,,,,,,,,,,,,,,,,,,,,,,,,,,,,,,,,,,,,,,,,,,,,,,,,,,,,,,,,,,,,,,,,,,,,,,,,,,,,,,,,,,,,,,,,,,,,,,,,,,,,,,,,,,,,,,,,,,,,,,,,,,,,,,,,,,,,,,64872.0,63994.0,62941.0,61583.0,60624.0,60291.0,59747.0,59270.0,58843.0,58523.0,58569.0,58705.0,59253.0,59919.0,61039.0,61790.0,61747.0,61301.0,61223.0,61678.0,62252.0,62924.0,63612.0,64134.0,64018.0,63516.0,63297.0,63077.0,64075.0,64875.0,65912.0,66178.0,66388.0,66425.0,65701.0,65102.0,64836.0,65493.0,65894.0,65976.0,65373.0,64463.0,63639.0,62921.0,62449.0,62021.0,61953.0,62416.0,62683.0,62802.0,62983.0,63876.0,64215.0,65086.0,64648.0,64718.0,63933.0,64268.0,64851.0,65104.0,65523.0,66072.0,66557.0,67199.0,67907.0,68043.0,68567.0,68719.0,69604.0,69907.0,70566.0,71785.0,72851.0,73545.0,73611.0,72535.0,72173.0,72990.0,75191.0,77091.0,78728.0,79373.0,78932.0,77280.0,76141.0,75377.0,76016.0,77909.0,80167.0,80738.0,80325.0,80921.0,82679.0,83612.0,84005.0,84809.0,86848.0,88157.0,88252.0,87737.0,87314.0,87950.0,88175.0,87868.0,86690.0,86782.0,87791.0,88965.0,88955.0,89380.0,90113.0,90902.0
271459,Mahncke Park,Neighborhood,TX,TX,San Antonio,San Antonio-New Braunfels,Bexar County,89630.0,88712.0,88626.0,88409.0,88733.0,88985.0,89006.0,89630.0,90191.0,89762.0,88960.0,87804.0,87663.0,87970.0,87943.0,87676.0,86345.0,85381.0,84853.0,84124.0,83884.0,84715.0,85906.0,87373.0,87975.0,89355.0,90562.0,91527.0,93223.0,94841.0,96336.0,96868.0,96824.0,97460.0,98497.0,100033.0,100739.0,100814.0,101675.0,103223.0,104746.0,105598.0,106559.0,107752.0,108740.0,108860.0,108908.0,109029.0,109697.0,110021.0,109581.0,107967.0,106102.0,105071.0,103788.0,103120.0,103025.0,104068.0,104529.0,104201.0,103647.0,103752.0,103718.0,104188.0,104735.0,105376.0,106410.0,106129.0,105177.0,103376.0,101769.0,101549.0,101509.0,101356.0,100404.0,100012.0,101129.0,102028.0,101950.0,102270.0,102400.0,102865.0,103012.0,102695.0,102018.0,101355.0,101775.0,102633.0,102439.0,102854.0,103360.0,104080.0,104371.0,104986.0,105711.0,106362.0,107394.0,108284.0,109250.0,108882.0,107882.0,105724.0,104851.0,104531.0,106012.0,105752.0,105845.0,105073.0,105167.0,105367.0,105305.0,105573.0,106515.0,108103.0,108463.0,107963.0,106934.0,107258.0,107560.0,108342.0,108536.0,109138.0,108921.0,108806.0,108020.0,108508.0,110030.0,111720.0,112255.0,112994.0,114518.0,116562.0,117931.0,118277.0,119502.0,121234.0,124406.0,125224.0,124789.0,124371.0,125509.0,126058.0,125374.0,124047.0,123817.0,124248.0,124982.0,125303.0,124939.0,124713.0,124970.0,124463.0,123387.0,123023.0,122996.0,123589.0,123105.0,122723.0,122289.0,121230.0,119860.0,119453.0,118992.0,120088.0,120482.0,120876.0,120698.0,120005.0,119559.0,119085.0,118050.0,118478.0,118771.0,119381.0,120169.0,120535.0,121468.0,120698.0,120154.0,119436.0,120077.0,120573.0,121499.0,121001.0,121007.0,119931.0,119196.0,118917.0,119203.0,120460.0,121936.0,123629.0,123793.0,122963.0,122534.0,123173.0,124236.0,125028.0,125449.0,124283.0,122485.0,121189.0,120562.0,120747.0,120940.0,122741.0,123525.0,124102.0,123436.0,124232.0,125249.0,127087.0,128580.0,130557.0,132629.0,133908.0,134980.0,135017.0,135774.0,137175.0,139512.0,141194.0,142181.0,143177.0,145350.0,146107.0,146468.0,146437.0,148281.0,151209.0,154527.0,155912.0,156912.0,157347.0,159210.0,160906.0,161169.0,161357.0,160978.0,162620.0,164546.0,166027.0,167084.0,167796.0,169124.0,170602.0,171378.0,171930.0,173594.0,176567.0,180073.0,181729.0,180182.0,177539.0,174131.0,173858.0,173457.0,173596.0,173559.0,173964.0,175485.0,176509.0,178046.0,178026.0,178842.0,180621.0,183346.0,185304.0,186185.0,187885.0,188072.0,188538.0,185970.0,184995.0,183323.0,184640.0,186211.0,187604.0,188284.0,188102.0,188815.0,188869.0,190243.0,191247.0,193833.0,195219.0,196818.0,197246.0,197745.0,198203.0,199001.0
271348,Denver Heights,Neighborhood,TX,TX,San Antonio,San Antonio-New Braunfels,Bexar County,,,,,,,,,,,,,,,,,,,,,,,,,,,,,,,,,,,,,,,,,,,,,,,,,,,,,,,,,,,,,,,,,,,,,,,,,,,,,,,,,,,,,,,,,,,,,,,,,,,,,,,,,,,,,,,,,,,,,,,,,,,,,,,,,,,,,,,,,,,,,,,,,,,,,,,,,,,,,,,,,,,,,,,,,,,,,,,,,,,,,,,,,,,,,,,,,,,,,,,,,,,,,,,,,,,,,,,,,,,,,,,,,,,,,,,,,,,,,,,,,,,,,,,,,,,,,,,,,,,,96403.0,95530.0,95154.0,94260.0,93812.0,94044.0,94846.0,95568.0,95978.0,96395.0,97445.0,98654.0,99962.0,102085.0,104085.0,106474.0,108452.0,109260.0,109172.0,109710.0,111494.0,113692.0,114791.0,115847.0,116877.0,117462.0,118090.0,118480.0,119058.0,120155.0,121632.0,122654.0
271352,Downtown,Neighborhood,TX,TX,San Antonio,San Antonio-New Braunfels,Bexar County,,,,,,,,,,,,,,,,,,,,,,,,,,,,,,,,,,,,,,,,,,,,,,,,,,,,,,,,,,,,,,,,,,,,,,,,,,,,,,,,,,,,,197800.0,196494.0,195409.0,193874.0,193302.0,194105.0,195717.0,196807.0,197736.0,198821.0,199929.0,200772.0,201355.0,204038.0,207436.0,210158.0,211571.0,211993.0,212450.0,213997.0,216253.0,217320.0,218279.0,218548.0,218898.0,216858.0,214398.0,213689.0,213991.0,213721.0,211636.0,209869.0,207773.0,207653.0,207426.0,209241.0,211831.0,215207.0,219316.0,221370.0,221740.0,220394.0,220085.0,219155.0,218869.0,218316.0,219719.0,220802.0,221294.0,220118.0,218374.0,216740.0,218780.0,223995.0,228514.0,229932.0,227853.0,226669.0,223920.0,221625.0,219616.0,220232.0,220145.0,219682.0,217309.0,214557.0,211662.0,210555.0,211476.0,211287.0,212550.0,212438.0,213132.0,211882.0,210308.0,208829.0,205965.0,204274.0,203433.0,204226.0,204536.0,204752.0,203456.0,202074.0,199135.0,197235.0,198226.0,201140.0,204829.0,204892.0,204632.0,203356.0,203346.0,203262.0,203949.0,205650.0,207351.0,209764.0,210695.0,210376.0,210646.0,210940.0,212669.0,213331.0,215128.0,216140.0,217300.0,217740.0,220352.0,221216.0,222432.0,223284.0,225491.0,229836.0,231313.0,234123.0,234442.0,237030.0,237806.0,238915.0,239218.0,240565.0,241129.0,241038.0,239620.0,238771.0,240663.0,242172.0,242882.0,241585.0,241232.0,241767.0,242848.0,245123.0,247554.0,251105.0,252496.0,253959.0,253805.0,254108.0,255775.0,258376.0,264176.0,269217.0,273095.0,273536.0,273148.0,270992.0,271410.0,272058.0,273387.0,276772.0,280843.0,286628.0,287113.0,286419.0,284102.0,282417.0,281538.0,284640.0,289449.0,292922.0,294585.0,291958.0,291802.0,289591.0,291503.0,292723.0,295974.0,300306.0,304368.0,304602.0,302593.0,300668.0,301615.0,304044.0,302382.0,300473.0,297178.0,297146.0,297710.0,299793.0,301177.0,303646.0,305677.0,308423.0,307566.0,306972.0,305858.0,306354.0,304584.0,304932.0,303123.0,302274.0,301901.0,304053.0,306388.0,306563.0,308338.0,309695.0,312470.0,314187.0,317359.0,317241.0,317895.0,316616.0,315154.0
273958,Hein-Orchard,Neighborhood,TX,TX,San Antonio,San Antonio-New Braunfels,Bexar County,,,,,,,,,,,,,,,,,,,,,,,,,,,,,,,,,,,,,,,,,,,,,,,,,,,,,,,,,,,,,,,,,,,,,,,,,,,,,,,,,,,,,,,,,,,,,,,,,,,,,,,,,,,,,,,,,,,,,,,,,,,,,,,,,,,,,,,,,,,,,,,,,,,,,,,,,,,,,,,,,,,,,,,,,,,,,,,,,,,,,,,,,,,,,,,,,,,,,,,,,110939.0,111826.0,112866.0,113665.0,113481.0,112185.0,112025.0,112149.0,112680.0,112785.0,113748.0,115607.0,117277.0,117063.0,114646.0,112968.0,113137.0,113759.0,112576.0,110854.0,109749.0,109153.0,107143.0,104153.0,100906.0,99461.0,99507.0,100130.0,100057.0,101515.0,103111.0,104435.0,103599.0,102654.0,102288.0,101868.0,102350.0,102279.0,102654.0,102618.0,102064.0,100745.0,99399.0,98450.0,98122.0,97924.0,97472.0,96786.0,96204.0,96720.0,97625.0,98060.0,98250.0,97633.0,96235.0,95610.0,96252.0,97662.0,98704.0,100016.0,100461.0,100470.0,99248.0,99330.0,99432.0,100204.0,100734.0,100969.0,101367.0,101963.0,103409.0,104694.0,106667.0,109020.0,112195.0,114235.0,116051.0,117339.0,118892.0,120077.0,120695.0,121364.0,121691.0,122284.0,122974.0,123627.0,124419.0,125738.0,127470.0,129644.0,132136.0
273457,Dellcrest Area,Neighborhood,TX,TX,San Antonio,San Antonio-New Braunfels,Bexar County,,,,,,,,,,,,,,,,,,,,,,,,,,,,,,,,,,,,,,,,,,,,,,,,,,,,,,,,,,,,,,,,,,,,,,,,,,,,,,,,,,,,,,,,,,,,,,,,,,,,,,,,,,,,,,,,,,,,,,,,,,,,,,,,,,,,,,,,,,,,,,,,,,,,,,,,,,,,,,,,,,,,,,,,,,,,,,,,,,,,,,,,,,,,,,,,,,,,,,,,,80932.0,81346.0,81498.0,81570.0,81708.0,81638.0,82143.0,82997.0,83750.0,83732.0,83357.0,83380.0,83860.0,84037.0,84596.0,85497.0,86610.0,87107.0,87147.0,85986.0,85929.0,87169.0,89525.0,91261.0,91919.0,92248.0,91774.0,91170.0,89992.0,90331.0,89894.0,90604.0,89639.0,89029.0,87628.0,86421.0,85460.0,84479.0,83869.0,83974.0,84134.0,84325.0,84883.0,85590.0,86066.0,84704.0,82792.0,80952.0,80323.0,81322.0,82447.0,83224.0,84082.0,84900.0,85847.0,86197.0,87445.0,89440.0,91637.0,93701.0,95205.0,95776.0,95816.0,95519.0,95021.0,94348.0,94064.0,93305.0,91805.0,90773.0,91198.0,91882.0,92069.0,92495.0,94748.0,97070.0,98974.0,99432.0,98952.0,99275.0,100396.0,101616.0,101878.0,102210.0,103272.0,104510.0,104734.0,105407.0,106797.0,109792.0,113659.0
275530,Spyglass Hill Condominium,Neighborhood,TX,TX,San Antonio,San Antonio-New Braunfels,Bexar County,55777.0,55610.0,55348.0,55097.0,54841.0,54790.0,54501.0,54405.0,54751.0,55281.0,55714.0,56175.0,56505.0,56835.0,56728.0,56523.0,56387.0,56165.0,56314.0,56018.0,55087.0,54156.0,53566.0,52754.0,51849.0,51003.0,51339.0,51398.0,51530.0,51351.0,51405.0,51712.0,52136.0,52237.0,52131.0,52557.0,53673.0,54902.0,55475.0,56466.0,57184.0,58049.0,58237.0,58612.0,59055.0,59582.0,60235.0,60661.0,60578.0,60357.0,60163.0,60246.0,60371.0,60873.0,61325.0,61635.0,61632.0,61955.0,62056.0,62444.0,62767.0,62916.0,62958.0,62517.0,62443.0,62293.0,62348.0,62416.0,62464.0,62496.0,62492.0,62060.0,61655.0,61381.0,61338.0,61303.0,61030.0,60161.0,59812.0,59625.0,59852.0,59751.0,59731.0,60114.0,60365.0,60541.0,60499.0,60564.0,60745.0,61439.0,61892.0,62190.0,62285.0,62529.0,62771.0,62895.0,63404.0,64047.0,64920.0,65832.0,66726.0,67518.0,67887.0,68036.0,68071.0,68097.0,68846.0,69480.0,69914.0,69802.0,70077.0,70343.0,70224.0,69337.0,68810.0,68965.0,69465.0,70195.0,70042.0,69622.0,69223.0,69749.0,69980.0,70108.0,70812.0,72759.0,74669.0,75683.0,76289.0,76062.0,75684.0,75831.0,76393.0,76510.0,76343.0,76403.0,76239.0,75502.0,74598.0,74485.0,74555.0,75673.0,77333.0,79030.0,80008.0,80868.0,81462.0,81965.0,82044.0,82478.0,83038.0,83203.0,82862.0,81971.0,81420.0,80850.0,80524.0,79931.0,79833.0,79915.0,80465.0,80299.0,79494.0,78882.0,79246.0,80091.0,80247.0,79852.0,79264.0,78715.0,77629.0,76539.0,75238.0,74600.0,74178.0,73259.0,72057.0,70556.0,69370.0,68347.0,67546.0,67571.0,67865.0,67859.0,67452.0,67027.0,67145.0,68168.0,69163.0,69453.0,69147.0,68563.0,68546.0,68012.0,67689.0,66998.0,67110.0,66936.0,66681.0,65470.0,63877.0,63368.0,63776.0,64867.0,64988.0,65062.0,65142.0,65854.0,65558.0,65330.0,65306.0,66261.0,67197.0,67561.0,67420.0,67231.0,67589.0,68244.0,68788.0,68970.0,69787.0,70481.0,70772.0,70596.0,70663.0,71116.0,71569.0,71890.0,72043.0,72221.0,72170.0,72130.0,72145.0,72313.0,72691.0,72640.0,73373.0,73883.0,74700.0,75278.0,76038.0,75917.0,75941.0,76628.0,78017.0,79553.0,80941.0,82579.0,83362.0,83877.0,84389.0,85311.0,86146.0,87568.0,88743.0,89808.0,89694.0,89889.0,89973.0,90671.0,91585.0,92577.0,93193.0,92692.0,92121.0,91810.0,92694.0,92907.0,93375.0,93171.0,93601.0,93907.0,94384.0,95257.0,95571.0,96054.0,96262.0,96665.0,96456.0,96537.0,96743.0,97169.0,97159.0,96856.0,96437.0,95689.0,95474.0,95528.0,95765.0,95559.0,95195.0
271287,Alta Vista,Neighborhood,TX,TX,San Antonio,San Antonio-New Braunfels,Bexar County,87030.0,86587.0,86925.0,87574.0,89233.0,90540.0,91843.0,92478.0,93102.0,93086.0,93309.0,93216.0,93081.0,93173.0,93202.0,92935.0,91175.0,89547.0,87858.0,87140.0,86764.0,87073.0,87207.0,87321.0,87735.0,88791.0,89286.0,89530.0,89433.0,89839.0,90333.0,90718.0,90325.0,89926.0,89122.0,89226.0,88706.0,88582.0,88618.0,89185.0,90430.0,91368.0,92061.0,92250.0,92620.0,93258.0,94153.0,94031.0,93949.0,93280.0,93235.0,92903.0,91654.0,90296.0,88954.0,88662.0,88628.0,88636.0,88510.0,88899.0,89364.0,89687.0,89568.0,89183.0,89516.0,89820.0,90786.0,91243.0,91383.0,90861.0,90306.0,89788.0,89259.0,89155.0,89152.0,89430.0,89587.0,89677.0,89393.0,88889.0,88158.0,87970.0,88095.0,88539.0,88491.0,88407.0,88544.0,88894.0,89441.0,90182.0,91025.0,91878.0,92934.0,93713.0,94295.0,94862.0,96760.0,98173.0,99330.0,100110.0,100746.0,101465.0,101933.0,102683.0,104326.0,106362.0,108328.0,108596.0,108129.0,108470.0,109047.0,109624.0,109949.0,110463.0,111118.0,111245.0,110890.0,110760.0,111379.0,112792.0,113763.0,114325.0,115155.0,116098.0,117280.0,118120.0,119058.0,120649.0,122131.0,122350.0,121182.0,120653.0,121009.0,121511.0,120759.0,119980.0,119465.0,119518.0,119310.0,118041.0,116459.0,115744.0,116561.0,117358.0,117854.0,118244.0,119006.0,119426.0,119306.0,118954.0,118466.0,118631.0,118525.0,118838.0,117619.0,116786.0,115967.0,115471.0,115034.0,114413.0,113433.0,112293.0,110908.0,110559.0,110730.0,110727.0,111042.0,110782.0,110243.0,108759.0,107997.0,108040.0,109231.0,109333.0,110383.0,110471.0,110294.0,109003.0,107930.0,107192.0,106082.0,105547.0,104340.0,103848.0,102264.0,101614.0,100329.0,99746.0,99593.0,99163.0,99028.0,98559.0,99710.0,100380.0,101079.0,99873.0,99443.0,99299.0,99923.0,100015.0,99990.0,101123.0,101714.0,102645.0,102066.0,102896.0,103723.0,105734.0,107084.0,108797.0,110232.0,111048.0,110678.0,110422.0,110844.0,111080.0,110465.0,108357.0,106833.0,105901.0,105626.0,104145.0,102283.0,101221.0,101358.0,100776.0,99645.0,99051.0,99778.0,100841.0,100752.0,99963.0,98999.0,98717.0,98542.0,98260.0,99034.0,100113.0,101059.0,101272.0,101885.0,102643.0,104103.0,105679.0,107537.0,109373.0,110646.0,111702.0,111195.0,111823.0,113211.0,114861.0,115934.0,117216.0,118629.0,119482.0,119948.0,120879.0,122977.0,124989.0,126021.0,125515.0,125597.0,125458.0,123834.0,122486.0,122687.0,125270.0,127793.0,129683.0,130783.0,132151.0,134788.0,138477.0,140555.0,143009.0,145468.0,148653.0,150853.0,152706.0,153931.0,155145.0,156607.0,158009.0,159262.0,160131.0,161795.0,163161.0,165515.0,166902.0,168073.0
276427,Loma Vista,Neighborhood,TX,TX,San Antonio,San Antonio-New Braunfels,Bexar County,,,,,,,,,,,,,,,,,,,,,,,,,,,,,,,,,,,,,,,,,,,,,,,,,,,,,,,,,,,,,,,,,,,,,,,,,,,,,,,,,,,,,,,,,,,,,,,,,,,,,,,,,,,,,,,,,,,,,,,,,,,,,,,,,,,,,,,,,,,,,,,,,,,,,,,,,,,,,,,,,,,,,,,,,,,,,,,,,,,,,,,,,,,,,,,,,,,,,,,,,,,,,,,,,,,,,,,,,,,,,,,,,,,,,,,,,,,,,,,,,,,,,,,,,,,,,,,,,,,,,81699.0,81510.0,81738.0,82423.0,83304.0,84576.0,85671.0,87021.0,88019.0,89004.0,89981.0,90894.0,91680.0,93263.0,94628.0,95220.0,95187.0,94041.0,93192.0,91565.0,90659.0,89652.0,88565.0,87461.0,86382.0,84909.0,83477.0,82304.0,81357.0,80791.0,80051.0
271601,Terrell Heights,Neighborhood,TX,TX,San Antonio,San Antonio-New Braunfels,Bexar County,83876.0,83168.0,82284.0,80899.0,80147.0,80006.0,80602.0,81299.0,81903.0,82134.0,82331.0,83159.0,83175.0,83326.0,83716.0,85130.0,85795.0,85707.0,84875.0,83796.0,83260.0,83138.0,83544.0,83007.0,83535.0,84262.0,85439.0,85635.0,85745.0,85774.0,85364.0,85533.0,85627.0,85956.0,85829.0,85692.0,85894.0,85967.0,86044.0,85515.0,85385.0,85749.0,86746.0,87373.0,87116.0,87394.0,87560.0,88660.0,89101.0,89489.0,89119.0,89029.0,88615.0,88264.0,86900.0,86148.0,85464.0,85256.0,85072.0,84872.0,84164.0,83490.0,83264.0,83323.0,83035.0,81970.0,81562.0,80644.0,80637.0,80100.0,79880.0,79610.0,79985.0,80442.0,80425.0,80316.0,79954.0,80140.0,80369.0,81800.0,83097.0,83622.0,83137.0,82393.0,82229.0,81626.0,81431.0,81062.0,82291.0,82829.0,83254.0,82952.0,82809.0,83425.0,84544.0,85546.0,85416.0,85929.0,86005.0,86239.0,85019.0,84570.0,84458.0,83743.0,82402.0,81044.0,80395.0,80855.0,81312.0,80714.0,79841.0,79178.0,79654.0,79868.0,79744.0,79773.0,80365.0,81433.0,81932.0,81505.0,81465.0,83067.0,85156.0,86772.0,87653.0,88966.0,89800.0,90511.0,90903.0,91138.0,91797.0,92324.0,93374.0,93377.0,93518.0,94003.0,94850.0,95059.0,95290.0,95737.0,96396.0,96825.0,97001.0,97556.0,97586.0,97055.0,96325.0,95544.0,94896.0,95225.0,96472.0,98162.0,99244.0,99786.0,99939.0,99264.0,98098.0,97812.0,97778.0,98287.0,98423.0,98227.0,97108.0,95196.0,93435.0,92500.0,92263.0,92222.0,93054.0,93707.0,94430.0,93996.0,93552.0,93162.0,93591.0,94511.0,95610.0,95718.0,95136.0,94888.0,94302.0,93639.0,92582.0,92591.0,92157.0,91380.0,89510.0,87995.0,86520.0,85634.0,85734.0,86120.0,86831.0,87101.0,87130.0,86398.0,86092.0,85333.0,86011.0,86315.0,86947.0,87696.0,87625.0,87185.0,85648.0,84882.0,84927.0,86008.0,87207.0,88753.0,89335.0,89087.0,88340.0,87364.0,86837.0,86917.0,87189.0,87538.0,87686.0,87548.0,87428.0,86675.0,86505.0,87392.0,88890.0,89996.0,90519.0,90842.0,92450.0,94066.0,94786.0,94317.0,93452.0,94097.0,94171.0,94526.0,94653.0,95772.0,96449.0,96408.0,95845.0,95176.0,95204.0,96063.0,97443.0,98273.0,99212.0,99380.0,99160.0,98839.0,99693.0,100925.0,101854.0,102611.0,103221.0,103225.0,103186.0,102736.0,102532.0,102130.0,102421.0,102889.0,103054.0,103259.0,102456.0,101133.0,100527.0,100743.0,100938.0,100828.0,100630.0,101116.0,100321.0,98741.0,96846.0,96555.0,98416.0,101016.0,102479.0,103278.0,104142.0,105514.0,106843.0,107841.0,109559.0,111803.0,114190.0,115068.0,114651.0,113870.0,113677.0
271370,Edison,Neighborhood,TX,TX,San Antonio,San Antonio-New Braunfels,Bexar County,,,,,,,,,,,,,,,,,,,,,,,,,,,,,,,,,,,,,,,,,,,,,,,,,,,,,,,,,,,,,,,,,,,,,,,,,,,,,,,,,,,,,,,,,,,,,,,,,,,,,,,,,,,,,,,,,,,,,,,,,,,,,,,,,,,,,,,,,,,,,,,,,210480.0,211734.0,211197.0,211335.0,211022.0,212252.0,210852.0,207554.0,204154.0,202801.0,202442.0,199717.0,196492.0,191972.0,190302.0,188076.0,185961.0,181851.0,180890.0,181801.0,180190.0,175761.0,170524.0,168887.0,167590.0,166386.0,164325.0,163045.0,162600.0,161365.0,159846.0,158209.0,160118.0,161949.0,161667.0,159946.0,158037.0,157789.0,154993.0,151258.0,145875.0,141790.0,136767.0,132351.0,127536.0,123923.0,122716.0,121375.0,120777.0,118482.0,116760.0,114453.0,113432.0,113644.0,115799.0,118273.0,119539.0,120454.0,120392.0,121389.0,121226.0,120994.0,121893.0,124554.0,127765.0,130180.0,131696.0,131014.0,130032.0,129923.0,131854.0,133261.0,133619.0,134624.0,135875.0,137295.0,138476.0,138299.0,138763.0,140423.0,144290.0,146276.0,146381.0,146201.0,147384.0,148317.0,147534.0,146367.0,144159.0,144021.0,142262.0,141345.0,138978.0,137948.0,136628.0,135530.0,135871.0,136342.0,137779.0,138363.0,139987.0,140900.0,142005.0,141989.0,141232.0,140566.0,140687.0,140741.0,140043.0,139969.0,141031.0,142181.0,142133.0,140330.0,138469.0,137754.0,138315.0,139033.0,139731.0,141127.0,140360.0,138016.0,134314.0,131557.0,129843.0,128783.0,128662.0,128656.0,128384.0,128624.0,128581.0,129612.0,130791.0,131583.0,130972.0,130482.0,130077.0,130657.0,130644.0,130387.0,130183.0,129693.0,129498.0,128387.0,128344.0,129323.0,131895.0
271451,Lavaca,Neighborhood,TX,TX,San Antonio,San Antonio-New Braunfels,Bexar County,,,,,,,,,,,,,,,,,,,,,,,,,,,,,,,,,,,,,108334.0,108606.0,109134.0,109509.0,109105.0,107593.0,106594.0,105980.0,106436.0,106966.0,107650.0,107945.0,107660.0,107365.0,105778.0,104943.0,104318.0,104971.0,104562.0,103857.0,102812.0,101299.0,100123.0,99403.0,99938.0,99415.0,99347.0,97911.0,97598.0,97419.0,98139.0,98904.0,98323.0,98445.0,97672.0,97001.0,96209.0,96778.0,98314.0,100787.0,103248.0,105847.0,107522.0,108470.0,108863.0,108897.0,109082.0,109490.0,108684.0,108339.0,108625.0,109225.0,109930.0,110095.0,110631.0,109780.0,108092.0,107754.0,109306.0,112320.0,114709.0,114899.0,113638.0,112829.0,111260.0,109339.0,108238.0,110140.0,113478.0,115089.0,114522.0,112328.0,110820.0,110991.0,111747.0,111856.0,112233.0,112890.0,112961.0,111521.0,111003.0,111146.0,112009.0,112911.0,114506.0,115895.0,117405.0,119446.0,121639.0,124202.0,126011.0,127510.0,128369.0,128916.0,129443.0,128756.0,127898.0,127130.0,126923.0,125367.0,123556.0,121794.0,121137.0,120857.0,119337.0,118471.0,118739.0,121430.0,123723.0,124767.0,123422.0,123019.0,123521.0,124665.0,126000.0,127595.0,131279.0,135074.0,137409.0,138145.0,138486.0,138624.0,140106.0,141839.0,142831.0,142916.0,142003.0,142157.0,141422.0,138803.0,135652.0,132977.0,131654.0,132077.0,133801.0,134695.0,136218.0,136794.0,138710.0,138043.0,136214.0,135480.0,136168.0,137069.0,136928.0,135721.0,133084.0,131564.0,130059.0,131027.0,131330.0,133538.0,136461.0,138770.0,140254.0,140943.0,143000.0,145867.0,149492.0,151471.0,151716.0,151026.0,150717.0,150509.0,150456.0,152079.0,154218.0,157048.0,158044.0,159314.0,160654.0,162638.0,165746.0,166667.0,168614.0,169830.0,172119.0,173710.0,174597.0,177026.0,181460.0,186055.0,189660.0,191922.0,195127.0,201051.0,205794.0,210627.0,214333.0,217365.0,221967.0,224450.0,225376.0,222916.0,221126.0,221638.0,222391.0,221989.0,219009.0,214897.0,211250.0,210186.0,209149.0,207425.0,205934.0,207278.0,209676.0,211400.0,211164.0,210351.0,211916.0,215486.0,219150.0,220529.0,221263.0,221625.0,221669.0,220368.0,221031.0,223410.0,227639.0,230910.0,234314.0,236521.0,239483.0,242205.0,243709.0,247743.0,250360.0,254851.0,253849.0,252363.0,248195.0,246794.0,246211.0,247641.0,246970.0,246720.0,248038.0,251099.0,254721.0,259643.0,261670.0,263590.0,264445.0,267687.0,269711.0,270418.0,272575.0,275227.0,277591.0,277452.0,277765.0,276386.0,279666.0
274832,Oak Hills,Neighborhood,TX,TX,San Antonio,San Antonio-New Braunfels,Bexar County,,,,,,,,,,,,,,,,,,,,,,,,,,,,,,,,,,,,,,,,,,,,,,,,,,,,,,,,,,,,,,,,,,,,,,,,,,,,,,,,,,,,,,,,,,,,,,,,,,,,,,,,,,,,,,,,,,,,,,,,,,,,,,,,,,,,,,,,,,44956.0,45095.0,45426.0,45868.0,46334.0,46735.0,47410.0,47919.0,48310.0,48343.0,48481.0,49009.0,49841.0,50891.0,51294.0,51496.0,51487.0,51552.0,50959.0,50630.0,50374.0,50829.0,50923.0,50347.0,49317.0,48083.0,47374.0,47103.0,47100.0,47228.0,47653.0,47827.0,47985.0,47712.0,47795.0,48023.0,48079.0,48009.0,48111.0,48263.0,48267.0,47852.0,47502.0,47335.0,47248.0,47171.0,46785.0,46273.0,46107.0,46012.0,45908.0,45651.0,45370.0,45242.0,44549.0,43886.0,43348.0,43245.0,43422.0,43683.0,44055.0,44536.0,45002.0,45242.0,45436.0,45652.0,46571.0,47586.0,48393.0,48683.0,48819.0,48907.0,49062.0,49251.0,49499.0,49778.0,50032.0,50144.0,49919.0,49308.0,49001.0,48944.0,49084.0,49430.0,49690.0,50091.0,50218.0,50285.0,50615.0,51133.0,51527.0,51998.0,52299.0,52685.0,53022.0,53187.0,53247.0,52936.0,52999.0,53422.0,53407.0,53139.0,53131.0,53332.0,53498.0,53575.0,54104.0,54623.0,54832.0,54748.0,54359.0,54268.0,54639.0,55522.0,56625.0,58069.0,59498.0,60347.0,60089.0,59986.0,60528.0,62028.0,63427.0,64473.0,65342.0,66329.0,66939.0,66975.0,66890.0,67332.0,68129.0,68839.0,68825.0,69443.0,70445.0,70852.0,71145.0,70553.0,70570.0,70506.0,71044.0,72193.0,73260.0,74277.0,75444.0,75632.0,75616.0,76128.0,76703.0,77776.0,78506.0,79475.0,79967.0,79757.0
274788,Northmoor,Neighborhood,TX,TX,San Antonio,San Antonio-New Braunfels,Bexar County,,,,,,,,,,,,,,,,,,,,,,,,,,,,,,,,,,,,,,,,,,,,,,,,,,,,,,,,,,,,,,,,,,,,,,,,,,,,,,,,,,,,,,,,,,,,,,,,,,,,,,,,,,,,,,,,,,,,,,,,,,,,,,,,,,,,,,,,,,,,,,,,,,,,,,,,,,,,,,,,,,,,,,,,,,,,,,,,,,,,,,,,,,,,,,,,,,,,,,,,,,,,,,,,,,,,,,,,,,,,,,,,,,,,,,,,,,,,,,,,,,,,,,,,,,,,77321.0,79249.0,80583.0,82724.0,84596.0,86135.0,88067.0,89382.0,90466.0,91385.0,92455.0,93632.0,94327.0,93507.0,92582.0,93187.0,93969.0,95295.0,95267.0,96366.0,97634.0,98923.0,99493.0,99511.0,100410.0,102438.0,105281.0,106400.0,107666.0,107974.0,109480.0,110413.0,111262.0,112100.0,113314.0,114807.0,115802.0,116331.0,116328.0,117077.0
275202,Riverside,Neighborhood,TX,TX,San Antonio,San Antonio-New Braunfels,Bexar County,,,,,,,,,,,,,,,,,,,,,,,,,,,,,,,,,,,,,,,,,,,,,,,,,,,,,,,,,,,,,,,,,,,,,,,,,,,,,,,,,,,,,,,,,,,,,,,,,,,,,,,,,,,,,,,,,,,,,,,,,,,,,,,,,,,,,,,,,,,,,,,,,,,,,,,,,,,,,,,,,,,,,,,,,,,,,,,,,,,,,,,,,,,,,,,,,,,,,,,,,,,,,,,,,,,,,,,,,,,,,,,,,,,,,,,,,,,,,,,,,,,,66177.0,66539.0,66722.0,66999.0,66790.0,67068.0,67375.0,68254.0,68539.0,69503.0,70322.0,71413.0,72148.0,72780.0,73489.0,74319.0,76153.0,77015.0,77945.0,77642.0,78622.0,78193.0,78191.0,77895.0,78515.0,78542.0,78560.0,79104.0,79749.0,80533.0,81056.0,82204.0,83268.0,84766.0,86022.0,86638.0,86851.0,87478.0,88529.0,89271.0,89852.0,90609.0,91625.0,92552.0,93408.0,94322.0,95406.0,97039.0
274018,Hillcrest,Neighborhood,TX,TX,San Antonio,San Antonio-New Braunfels,Bexar County,,,,,,,,,,,,,,,,,,,,,,,,,,,,,,,,,,,,,,,,,,,,,,,,,,,,,,,,,,,,,,,,,,,,,,,,,,,,,,,,,,,,,,,,,,,,,,,,,,,,,,,,,,,,,,,,,,,,,,,,,,,,,,,,,,,,,,,,,,,,,,,,,,,,,,,,,,,,,,,,,,,,,,,,,,,,,,,,,,,,,,,,,,,,,,,,,,,,,,,,,,,,,,,,,,,,,,,,,,,,,,,,,,,,,114732.0,116301.0,117953.0,120312.0,122232.0,122715.0,123259.0,123146.0,123637.0,124178.0,123695.0,123129.0,122167.0,121831.0,120270.0,119506.0,118836.0,120165.0,120836.0,122024.0,122264.0,121627.0,122503.0,123361.0,125476.0,125424.0,125764.0,125173.0,125173.0,124774.0,125076.0,126013.0,126527.0,128238.0,129225.0,130087.0,129143.0,129555.0,131164.0,133775.0,136721.0,139199.0,141692.0,142508.0,143890.0,145194.0,145982.0,146739.0,148481.0,150630.0,152434.0,153239.0,153586.0,154104.0,154368.0,155596.0,156554.0,157038.0,157939.0,158768.0,159357.0,159114.0,158491.0
272807,Artesia Community Guild,Neighborhood,TX,TX,San Antonio,San Antonio-New Braunfels,Bexar County,,,,,,,,,,,,,,,,,,,,,,,,,,,,,,,,,,,,,,,,,,,,,,,,,,,,,,,,,,,,,,,,,,,,,,,,,,,,,,,,,,,,,,,,,,,,,,,,,,,,,,,,,,,,,,,,,,,,,,,,,,,,,,,,,,,,,,,,,,,,,,,,,,,,,,,,,,,,,,,,,,,,,,,,,,,,,,,,,,,,,,,,,,,,,,,,,,,,,,,,,,,,,,,,,,,,,,,,,,,,,,,,,,,,,,,,,,,,,47175.0,47047.0,47577.0,48187.0,49247.0,50069.0,51210.0,52437.0,53411.0,53954.0,54212.0,54468.0,54894.0,55823.0,56037.0,56557.0,56431.0,56854.0,56585.0,56134.0,56214.0,57060.0,58342.0,59589.0,60388.0,61226.0,62376.0,63273.0,63881.0,64214.0,64960.0,65500.0,65802.0,66125.0,66819.0,67510.0,68335.0,69606.0,70723.0,71641.0,71881.0,71846.0,71701.0,71957.0,72425.0,72686.0,72640.0,72653.0,72735.0,72493.0,72312.0,72381.0,73114.0,74122.0,75122.0
271524,Olmos Park Terrace,Neighborhood,TX,TX,San Antonio,San Antonio-New Braunfels,Bexar County,113014.0,112909.0,112681.0,112715.0,113081.0,113945.0,114949.0,115766.0,116355.0,116480.0,116560.0,116371.0,115406.0,114566.0,114290.0,114602.0,114109.0,112900.0,111490.0,110556.0,110237.0,110412.0,110964.0,111607.0,113458.0,115202.0,116738.0,116672.0,117042.0,117044.0,117391.0,117301.0,116921.0,116528.0,115730.0,115302.0,114648.0,114636.0,114594.0,115265.0,116024.0,117719.0,118532.0,119525.0,119877.0,120822.0,121382.0,122070.0,122131.0,122070.0,121920.0,122022.0,120993.0,119049.0,117397.0,116136.0,115795.0,115124.0,115152.0,115056.0,115578.0,115711.0,115643.0,115742.0,116404.0,117419.0,119247.0,121415.0,124203.0,125744.0,126300.0,126493.0,126339.0,126906.0,126289.0,125918.0,126264.0,127213.0,126879.0,125678.0,123237.0,122511.0,121754.0,122160.0,122383.0,122887.0,125643.0,127107.0,127346.0,125685.0,124759.0,124532.0,124231.0,123244.0,122718.0,121709.0,120862.0,118617.0,115261.0,113554.0,113278.0,114539.0,115000.0,115150.0,115738.0,116189.0,116593.0,116356.0,116636.0,116938.0,117667.0,117474.0,116920.0,116353.0,117144.0,117715.0,117943.0,117494.0,117843.0,118683.0,118543.0,118937.0,119317.0,120102.0,119893.0,119938.0,118878.0,117785.0,116835.0,118054.0,118591.0,118810.0,120059.0,122683.0,124798.0,126240.0,128036.0,129338.0,130152.0,131030.0,131897.0,131664.0,131637.0,131832.0,132244.0,131688.0,131457.0,131201.0,131082.0,131089.0,131909.0,132300.0,132838.0,133644.0,134509.0,134818.0,133124.0,130395.0,128507.0,127569.0,126972.0,126233.0,126311.0,128097.0,129371.0,130129.0,129754.0,130387.0,131769.0,133493.0,133964.0,133856.0,134488.0,134996.0,136618.0,136431.0,137366.0,136647.0,136999.0,136273.0,135909.0,136229.0,137546.0,139456.0,139952.0,140024.0,137524.0,137381.0,137328.0,139043.0,140262.0,141602.0,143875.0,145422.0,146657.0,146641.0,146991.0,147201.0,148288.0,148043.0,147626.0,148159.0,147555.0,148393.0,148120.0,149604.0,149626.0,149880.0,150006.0,152055.0,154454.0,154964.0,152702.0,148712.0,147149.0,145668.0,144668.0,142746.0,142156.0,142403.0,141588.0,138174.0,133970.0,131267.0,131279.0,131691.0,131762.0,130174.0,127871.0,125288.0,123912.0,121882.0,120766.0,120841.0,120693.0,121066.0,120363.0,120503.0,119761.0,120817.0,123044.0,124561.0,124327.0,124872.0,126449.0,129046.0,132047.0,134239.0,137037.0,139429.0,142847.0,144261.0,144850.0,146211.0,146631.0,145668.0,144095.0,140966.0,140483.0,139396.0,139840.0,140223.0,139527.0,139419.0,136958.0,136127.0,137924.0,141540.0,144168.0,146186.0,146703.0,146211.0,143433.0,139759.0,138023.0,136300.0,136327.0,135035.0,134681.0,133640.0,133292.0,133205.0,133057.0,134080.0,136067.0,138883.0,140748.0,142873.0,145122.0,147773.0,148940.0
274138,Jefferson-Monticello Park,Neighborhood,TX,TX,San Antonio,San Antonio-New Braunfels,Bexar County,,,,,,,,,,,,,,,,,,,,,,,,,,,,,,,,,,,,,,,,,,,,,,,,,,,,,,,,,,,,,,,,,,,,,,,,,,,,,,,,,,,,,,,,,,,,,,,,,,,,,,,,,,,,,,,,,,,,,,,,,,,,,,,,,,,,,,,,,,,,,,,,,,,,,,,,,,,,152055.0,151133.0,150986.0,148991.0,147975.0,147133.0,147114.0,147652.0,149417.0,151632.0,152711.0,152041.0,152546.0,155011.0,157251.0,160174.0,160398.0,159956.0,158652.0,156971.0,155441.0,153964.0,154421.0,155897.0,156971.0,155749.0,154822.0,154798.0,157848.0,161531.0,164879.0,167354.0,167045.0,166082.0,165389.0,168456.0,169134.0,168925.0,166125.0,164946.0,162761.0,162209.0,162199.0,163534.0,164523.0,165015.0,164532.0,161918.0,160670.0,161430.0,165684.0,167494.0,167128.0,163399.0,161946.0,161539.0,162124.0,161218.0,159767.0,158045.0,155331.0,151355.0,145992.0,142929.0,141951.0,142627.0,141408.0,140094.0,138685.0,138708.0,138707.0,139518.0,140475.0,141183.0,141184.0,139269.0,137122.0,135877.0,137537.0,137756.0,138563.0,138729.0,139494.0,139836.0,141546.0,145232.0,147999.0,150840.0,152813.0,154820.0,154410.0,154564.0,154306.0,154342.0,156023.0,157035.0,157542.0,156231.0,157659.0,159687.0,160855.0,160982.0,161098.0,162461.0,164316.0,166919.0,168539.0,169895.0,168518.0,165348.0,160666.0,156777.0,155599.0,155245.0,156021.0,155464.0,154518.0,152927.0,150606.0,146481.0,144513.0,143735.0,145724.0,147777.0,149505.0,150454.0,150007.0,149952.0,149964.0,149958.0,150430.0,152355.0,153561.0,154741.0,153764.0,152222.0
271499,North Shearer Hills,Neighborhood,TX,TX,San Antonio,San Antonio-New Braunfels,Bexar County,,,,,,,,,,,,,,,,,,,,,,,,,,,,,,,,,,,,,,,,,,,,,,,,,,,,,,,,,,,,,,,,,,,,,,,,,,,,,,,,,,,,,,,,,,,,,,,,,,,,,,,,,,,,,,,,,,,,,,,,,,,,,,,,,,,,,,,,,,,,,,,,,129132.0,129384.0,130532.0,130673.0,131258.0,130683.0,131365.0,132484.0,134099.0,135435.0,135530.0,135106.0,135391.0,136076.0,136015.0,136860.0,135831.0,136765.0,134873.0,132920.0,129078.0,126924.0,125626.0,125274.0,123011.0,120768.0,117437.0,115587.0,115596.0,115031.0,115699.0,115542.0,116985.0,115997.0,116254.0,115846.0,117764.0,118941.0,120840.0,121565.0,121208.0,120282.0,119289.0,118185.0,117089.0,117020.0,116376.0,115940.0,113478.0,111909.0,109895.0,107984.0,106008.0,105416.0,106635.0,108592.0,109948.0,111008.0,112100.0,113694.0,114706.0,115464.0,117333.0,120070.0,123011.0,124921.0,126939.0,129135.0,131428.0,132793.0,133692.0,133729.0,135488.0,136767.0,137835.0,139229.0,141200.0,142286.0,140046.0,137471.0,136023.0,136630.0,136587.0,136631.0,136129.0,137393.0,138345.0,137820.0,136980.0,136345.0,137640.0,137691.0,136627.0,133114.0,130553.0,130247.0,131961.0,131970.0,130610.0,128675.0,127045.0,127041.0,126245.0,126058.0,125162.0,126993.0,129298.0,129102.0,126380.0,123568.0,122156.0,121425.0,119842.0,117029.0,114720.0,113142.0,112959.0,112223.0,111294.0,111229.0,110496.0,110878.0,111566.0,113481.0,115872.0,117948.0,121579.0,124850.0,127932.0,129766.0,129427.0,128934.0,129158.0,131158.0,132148.0,132232.0,131413.0,131794.0,130909.0,130123.0,129129.0,129157.0,130915.0,132847.0,135129.0,135635.0,136642.0
271642,Wheatley Heights,Neighborhood,TX,TX,San Antonio,San Antonio-New Braunfels,Bexar County,,,,,,,,,,,,,,,,,,,,,,,,,,,,,,,,,,,,,,,,,,,,,,,,,,,,,,,,,,,,,,,,,,,,,,,,,,,,,,,,,,,,,,,,,,,,,,,,,,,,,,,,,,,,,,,,,,,,,,,,,,,,,,,,,,,,,,,,,,,,,,,,,,,,,,,,,,,,,,,,,,,,,,,,,,,,,,,,,,,,,,,,,,,,,,,,,,,,,,,,,,,,,,,,,,,,,,,,,,109112.0,108932.0,109389.0,110332.0,111671.0,112459.0,112221.0,111322.0,110775.0,110588.0,110072.0,109472.0,108252.0,107675.0,106338.0,104940.0,103221.0,102010.0,102538.0,103448.0,103765.0,103230.0,102799.0,101711.0,101379.0,101179.0,101466.0,100469.0,98724.0,97185.0,94681.0,92674.0,90570.0,88737.0,87503.0,87432.0,87268.0,86369.0,85273.0,85758.0,86302.0,86377.0,85938.0,86033.0,86382.0,87595.0,86903.0,85512.0,83881.0,82894.0,81970.0,79922.0,78643.0,77963.0,78504.0,78490.0,79074.0,78017.0,78157.0,78099.0,79439.0,80378.0,81141.0,81918.0,82590.0,83024.0,82826.0,82855.0,82380.0,82806.0,82901.0,83274.0,82676.0,82243.0
271516,Oak Haven Heights,Neighborhood,TX,TX,San Antonio,San Antonio-New Braunfels,Bexar County,,,,,,,,,,,,,,,,,,,,,,,,,,,,,,,,,,,,,,,,,,,,,,,,,,,,,,,,,,,,,,,,,,,,,,,,,,,,,,,,,,,,,,,,,,,,,,,,,,,,,,,,,,,,,,,,,,,,,,,,,,,,,,,,,,,,,,,,,,,,,,,,,,,,,,,,,,,,,,,,,,,,,,,,,,,,,,,,,,,,,,,,,,,,,,,,,,,,,,,,,,,,,,,,,,,,,,,,,,,,,,,159476.0,160087.0,159335.0,159544.0,160109.0,161244.0,162842.0,164779.0,167653.0,169278.0,170087.0,172285.0,174665.0,176611.0,178249.0,179209.0,179740.0,179983.0,179469.0,179037.0,177195.0,177502.0,179061.0,178479.0,177360.0,176520.0,179817.0,183069.0,186149.0,188057.0,190621.0,191762.0,192829.0,193611.0,195016.0,196785.0,199278.0,201118.0,200993.0,201657.0,202179.0,202936.0,200309.0,199018.0,198370.0,199264.0,199467.0,199699.0,199660.0,199727.0,198460.0,196762.0,194718.0,194689.0,195995.0,197954.0,199129.0,199130.0,199081.0,199246.0,199394.0,199634.0,201173.0,202697.0,204477.0,204779.0,205161.0,204698.0,204584.0
271323,Castle Hills Forest,Neighborhood,TX,TX,San Antonio,San Antonio-New Braunfels,Bexar County,92346.0,91909.0,91549.0,90789.0,90529.0,90817.0,91326.0,91456.0,91677.0,92013.0,92315.0,91845.0,91699.0,92081.0,93013.0,93578.0,93570.0,92579.0,91655.0,91159.0,91061.0,91169.0,91306.0,92435.0,93035.0,93624.0,93529.0,93995.0,93983.0,94464.0,94614.0,95188.0,95033.0,94209.0,93340.0,93156.0,93316.0,92788.0,92083.0,91875.0,92796.0,93692.0,94278.0,94314.0,94353.0,94750.0,95705.0,95251.0,94424.0,93276.0,93493.0,93858.0,93230.0,92746.0,91873.0,91861.0,91695.0,91888.0,91708.0,92272.0,92814.0,93901.0,93570.0,93192.0,93175.0,92998.0,94019.0,94378.0,95526.0,95537.0,95655.0,95711.0,95962.0,96074.0,96324.0,96488.0,96518.0,96970.0,96416.0,96025.0,95010.0,95261.0,95450.0,95226.0,94613.0,94101.0,94334.0,94008.0,93775.0,93130.0,93314.0,93853.0,94578.0,95056.0,94945.0,95722.0,97250.0,99005.0,99716.0,100674.0,101694.0,103028.0,103742.0,103468.0,103189.0,102603.0,103823.0,104194.0,104123.0,102704.0,102417.0,102918.0,103681.0,104274.0,104868.0,105978.0,106979.0,107629.0,107530.0,107353.0,107807.0,109333.0,110149.0,109885.0,109066.0,108554.0,107829.0,108008.0,109090.0,111028.0,112066.0,112642.0,112775.0,113963.0,115797.0,117778.0,119242.0,120696.0,122660.0,123267.0,122078.0,120798.0,119893.0,120586.0,120718.0,119886.0,118318.0,117602.0,117998.0,118075.0,117793.0,117965.0,118774.0,119096.0,119192.0,119076.0,119780.0,120310.0,120811.0,119725.0,118330.0,117378.0,116943.0,116233.0,115335.0,114818.0,115367.0,114560.0,113163.0,111403.0,110677.0,111461.0,112319.0,112592.0,113030.0,113979.0,115365.0,115509.0,113940.0,112855.0,112204.0,112553.0,112718.0,112080.0,111142.0,109882.0,108264.0,106347.0,104511.0,103674.0,104233.0,105257.0,105715.0,105599.0,105614.0,106451.0,107540.0,108513.0,108881.0,108875.0,108732.0,109420.0,110733.0,112033.0,113548.0,114430.0,114581.0,114236.0,113913.0,114985.0,117022.0,119792.0,122446.0,123598.0,123586.0,123624.0,124589.0,126411.0,127878.0,128674.0,129515.0,129424.0,129550.0,129721.0,130580.0,131590.0,132068.0,132426.0,132601.0,133591.0,134945.0,136553.0,137899.0,140555.0,142629.0,144224.0,144683.0,146336.0,148227.0,149792.0,149116.0,147615.0,147305.0,149226.0,151339.0,151878.0,151389.0,151388.0,152698.0,153644.0,155211.0,156470.0,159997.0,163128.0,164635.0,163779.0,163519.0,163598.0,165370.0,166700.0,166833.0,166752.0,166734.0,168269.0,168956.0,169877.0,172017.0,174232.0,175021.0,174493.0,173488.0,172737.0,172076.0,171929.0,171655.0,172368.0,172541.0,172918.0,171496.0,170574.0,170223.0,171448.0,172329.0,173075.0,174022.0,174707.0,175332.0,174587.0,174322.0,173970.0,174759.0
273305,Coliseum-Willow Park,Neighborhood,TX,TX,San Antonio,San Antonio-New Braunfels,Bexar County,,,,,,,,,,,,,,,,,,,,,,,,,,,,,,,,,,,,,,,,,,,,,,,,,,,,,,,,,,,,,,,,,,,,,,,,,,,,,,,,,,,,,,,,,,,,,,,,,,,,,,,,,,,,,,,,,,,,,,,,,,,,,,,,,,,,,,,,,,,,,,,,,,,,,,,,,,,,,,,,,,,,,,,,,,,,,,,,,,,,,,,,,,,,,,,,,,,,,,,,,,,,,,,,,,,,,,,,,,,,,,,,,,,,,,,,,,,,,,,,,,,,,,,52026.0,52062.0,52460.0,53214.0,54084.0,54851.0,55656.0,56773.0,58019.0,59179.0,60181.0,61051.0,62044.0,63663.0,64958.0,66082.0,66997.0,68168.0,69283.0,69539.0,69613.0,69825.0,70515.0,71523.0,72169.0,72070.0,72091.0,71836.0,71664.0,71549.0,71530.0,72425.0,73067.0,74027.0,74523.0,74864.0,75394.0,76247.0,77051.0,78052.0,79045.0,79937.0,80781.0,81190.0,81809.0
271444,King William,Neighborhood,TX,TX,San Antonio,San Antonio-New Braunfels,Bexar County,103679.0,103657.0,103578.0,104481.0,106144.0,108304.0,109372.0,109918.0,109593.0,109189.0,108993.0,108917.0,109740.0,110797.0,112739.0,112193.0,109542.0,105272.0,102654.0,101155.0,101614.0,102238.0,102755.0,102212.0,100540.0,98709.0,96707.0,96238.0,97085.0,99404.0,101471.0,102733.0,102074.0,101373.0,100146.0,100655.0,100946.0,101866.0,101806.0,102312.0,102982.0,103052.0,103244.0,103279.0,103800.0,103321.0,103189.0,101994.0,100952.0,99824.0,100162.0,100702.0,100231.0,98953.0,96625.0,95061.0,94857.0,96515.0,97660.0,98951.0,100112.0,101351.0,102031.0,101068.0,101160.0,101598.0,103481.0,104807.0,105363.0,104778.0,104372.0,104162.0,104892.0,105451.0,105610.0,106049.0,105640.0,105261.0,104623.0,104573.0,104336.0,104161.0,105276.0,106169.0,105697.0,105048.0,105405.0,106828.0,107453.0,108206.0,108588.0,109377.0,109676.0,111092.0,111370.0,112555.0,114659.0,116706.0,117783.0,118475.0,121471.0,125870.0,130400.0,134203.0,137627.0,139834.0,141608.0,142081.0,142682.0,143793.0,146080.0,148147.0,149384.0,148301.0,146823.0,144782.0,144117.0,143990.0,144148.0,145594.0,146466.0,148246.0,148790.0,149983.0,148559.0,147656.0,146687.0,147703.0,149423.0,150997.0,153610.0,155162.0,157211.0,157139.0,156943.0,156019.0,157950.0,160308.0,162837.0,162644.0,161248.0,158819.0,155674.0,151966.0,147482.0,144888.0,143163.0,141627.0,139226.0,136573.0,135393.0,134915.0,134584.0,134851.0,134733.0,135547.0,136012.0,135325.0,134063.0,133554.0,132725.0,133119.0,132196.0,133174.0,133681.0,134511.0,135021.0,134794.0,135527.0,136596.0,138459.0,139605.0,142153.0,143527.0,145030.0,144655.0,144683.0,143710.0,143732.0,144316.0,145635.0,147141.0,148559.0,150168.0,150636.0,150932.0,150799.0,151492.0,151830.0,152668.0,152725.0,152628.0,152616.0,152724.0,153297.0,152521.0,151787.0,150966.0,151823.0,152231.0,153356.0,154515.0,156286.0,158090.0,158038.0,157976.0,157174.0,158532.0,160006.0,161604.0,162371.0,164539.0,166870.0,169429.0,170978.0,173040.0,175914.0,177701.0,179169.0,179972.0,182264.0,184801.0,188314.0,188718.0,189334.0,188950.0,190548.0,190767.0,190891.0,192551.0,194889.0,196415.0,196000.0,196257.0,195543.0,196327.0,195307.0,195532.0,194807.0,195352.0,196884.0,197511.0,197992.0,198715.0,200691.0,201594.0,200565.0,199560.0,200083.0,202064.0,203777.0,206473.0,208849.0,211598.0,213196.0,214492.0,215064.0,216224.0,219611.0,223065.0,226891.0,228080.0,229829.0,228902.0,228461.0,227788.0,228880.0,230231.0,230539.0,231026.0,230100.0,231405.0,231250.0,234463.0,235641.0,239826.0,240555.0,241845.0,241710.0,242954.0,245619.0,247268.0,249319.0,249438.0,250232.0,249247.0,249654.0,248695.0,250188.0,251200.0,252566.0
273736,Five Points,Neighborhood,TX,TX,San Antonio,San Antonio-New Braunfels,Bexar County,,,,,,,,,,,,,,,,,,,,,,,,,,,,,,,,,,,,,,,,,,,,,,,,,,,,,,,,,,,,,,,,,,,,,,,,,,,,,,,,,,,,,,,,,,,,,,,,,,,,,,,,,,,,,,,,,,,,,,,,,,,,,,,,,,,,,,,,,,,,,,,,,,,,,,,,,,,,,,,,,,,,,,,,,,,,,,,,,,,,,,,,,,,,,,,,,,,,,,,,,,,,,,,,,,,,,,,,,,,,,,,,,,,,,,,,,,,,,,,,,,,,,,,,,,,,,,,,,,,106068.0,105250.0,104466.0,103228.0,102787.0,102593.0,102906.0,102930.0,103792.0,104787.0,106386.0,108056.0,109980.0,112439.0,115618.0,118969.0,121298.0,123904.0,125999.0,129610.0,131764.0,134283.0,135911.0,138021.0,140018.0,141719.0,143008.0,144183.0,145893.0,147375.0,149032.0,149718.0,151056.0
273419,Culebra Park-Third World,Neighborhood,TX,TX,San Antonio,San Antonio-New Braunfels,Bexar County,,,,,,,,,,,,,,,,,,,,,,,,,,,,,,,,,,,,,,,,,,,,,,,,,,,,,,,,,,,,,,,,,,,,,,,,,,,,,,,,,,,,,,,,,,,,,,,,,,,,,,,,,,,,,,,,,,,,,,,,,,,,,,,,,,,,,,,,,,,,,,,,,,,,,,,,,,,,,,,,,,,,,,,,,,,,,,,,,,,,,,,,,,,,,,,,,,,,,,,,,,,,,,,,,,,,,,,,,,,,,,,,,,,,,,,,,,,,,,,,,,,,,,,,,,,,,,,,,,,,,,95592.0,95059.0,94915.0,94620.0,94961.0,95382.0,96015.0,96667.0,97563.0,98643.0,99898.0,101300.0,102810.0,105058.0,107260.0,109557.0,110766.0,112173.0,113417.0,114944.0,116163.0,117221.0,118126.0,118883.0,119493.0,119592.0,119587.0,119389.0,119600.0,119524.0
275717,The Oaks-Oak Park - Northwood,Neighborhood,TX,TX,San Antonio,San Antonio-New Braunfels,Bexar County,,,,,,,,,,,,,,,,,,,,,,,,,,,,,,,,,,,,,,,,,,,,,,,,,,,,,,,,,,,,,,,,,,,,,,,,,,,,,,,,,,,,,,,,,,,,,,,,,,,,,,,,,,,,,,,,,,,,,,,,,,,,,,,,,,,,,,,,,,,,,,,,,,,,,,,,,,,,,,,70753.0,70089.0,69649.0,69210.0,69078.0,69309.0,69743.0,70059.0,70586.0,70547.0,70722.0,70778.0,70978.0,71693.0,72590.0,73506.0,74144.0,74189.0,73524.0,72705.0,71146.0,70664.0,70350.0,70812.0,70883.0,70751.0,70463.0,69635.0,68794.0,68167.0,68245.0,68597.0,69696.0,70314.0,70438.0,69687.0,69587.0,69658.0,69803.0,69380.0,68887.0,68529.0,68292.0,68697.0,69314.0,70227.0,70761.0,71022.0,70290.0,69033.0,67728.0,67349.0,66814.0,66336.0,66106.0,66557.0,66431.0,65891.0,65295.0,65547.0,66503.0,68261.0,70540.0,72804.0,75013.0,76859.0,78091.0,77729.0,77312.0,76719.0,77037.0,77459.0,78116.0,78261.0,77723.0,76972.0,76400.0,75692.0,74563.0,74196.0,74590.0,75842.0,76505.0,76306.0,75901.0,75510.0,75751.0,76305.0,77596.0,79355.0,81262.0,82521.0,83231.0,84143.0,85345.0,87166.0,88400.0,89816.0,90870.0,91924.0,92212.0,92108.0,92315.0,92927.0,93939.0,94150.0,94567.0,95055.0,96335.0,97275.0,97614.0,97615.0,98043.0,99113.0,100314.0,101396.0,101821.0,103229.0,104603.0,106107.0,105980.0,105775.0,106198.0,107269.0,108157.0,108587.0,108700.0,108820.0,109362.0,109462.0,109432.0,109116.0,109797.0
343941,Los Angeles Heights - Keystone-Northwest Los Angeles Height,Neighborhood,TX,TX,San Antonio,San Antonio-New Braunfels,Bexar County,,,,,,,,,,,,,,,,,,,,,,,,,,,,,,,,,,,,,,,,,,,,,,,,,,,,,,,,,,,,,,,,,,,,,,,,,,,,,,,,,,,,,,,,,,,,,,,,,,,,,,,,,,,,,,,,,,,,,,,,,,,,,,,,,,,,,,,,,,,,,,,,,,,,,,,,,,,,,,,,,,,,,,,,,106770.0,107393.0,108287.0,109409.0,111003.0,112733.0,114561.0,115049.0,115137.0,115345.0,116016.0,116698.0,117099.0,117545.0,117167.0,116870.0,115370.0,113287.0,111434.0,111923.0,113838.0,115554.0,116125.0,114915.0,113796.0,112890.0,112666.0,113258.0,114106.0,116397.0,117161.0,116594.0,114010.0,112024.0,111284.0,113360.0,114875.0,115586.0,116766.0,117941.0,119815.0,118902.0,119375.0,120093.0,121381.0,120857.0,118989.0,116788.0,116755.0,118562.0,119476.0,120049.0,119316.0,119374.0,119384.0,119380.0,120022.0,120250.0,120824.0,120447.0,119198.0,117055.0,114821.0,112825.0,111728.0,112615.0,113264.0,113525.0,113128.0,114316.0,115887.0,118289.0,120125.0,121849.0,123542.0,124004.0,124185.0,123277.0,122554.0,122539.0,123545.0,124292.0,125240.0,125339.0,125813.0,126791.0,128128.0,131375.0,134413.0,137857.0,139721.0,140741.0,140562.0,141064.0,141284.0,141113.0,139785.0,138100.0,137520.0,136138.0,134892.0,132898.0,132514.0,133637.0,133427.0,133451.0,132822.0,134244.0,135204.0,136495.0,137200.0,138710.0,139962.0,141545.0,142711.0,142974.0,144672.0,145877.0,147711.0,148301.0,149803.0,151135.0,152364.0
