zipcode,city,state,metro,county,2010-09,2010-10,2010-11,2010-12,2011-01,2011-02,2011-03,2011-04,2011-05,2011-06,2011-07,2011-08,2011-09,2011-10,2011-11,2011-12,2012-01,2012-02,2012-03,2012-04,2012-05,2012-06,2012-07,2012-08,2012-09,2012-10,2012-11,2012-12,2013-01,2013-02,2013-03,2013-04,2013-05,2013-06,2013-07,2013-08,2013-09,2013-10,2013-11,2013-12,2014-01,2014-02,2014-03,2014-04,2014-05,2014-06,2014-07,2014-08,2014-09,2014-10,2014-11,2014-12,2015-01,2015-02,2015-03,2015-04,2015-05,2015-06,2015-07,2015-08,2015-09,2015-10,2015-11,2015-12,2016-01,2016-02,2016-03,2016-04,2016-05,2016-06,2016-07,2016-08,2016-09,2016-10,2016-11,2016-12,2017-01,2017-02,2017-03,2017-04,2017-05,2017-06,2017-07,2017-08,2017-09,2017-10,2017-11,2017-12,2018-01,2018-02,2018-03
33160,Sunny Isles Beach,FL,Miami-Fort Lauderdale,Miami-Dade,,,,,,,,,,,,,,,,,,,,,,,,,,,,,,,,,,,,,,,,,,,,,,,,,,,,,,,,,,,,,,,,,,,,,,,,,,,,,,,,2600.0,2700.0,2700.0,2700.0,2800.0,2800.0,2790.0,2750.0,2700.0,2650.0,2572.5,2650.0
33025,Miramar,FL,Miami-Fort Lauderdale,Broward,,,,,1200.0,1200.0,1250.0,1250.0,1250.0,1250.0,1275.0,1300.0,1300.0,1300.0,1300.0,1300.0,1300.0,1275.0,1300.0,1300.0,1300.0,1307.5,1300.0,1300.0,1300.0,1300.0,1332.5,1325.0,1350.0,1380.0,1375.0,1350.0,1350.0,1350.0,1350.0,1350.0,1350.0,1350.0,1350.0,1350.0,1370.0,1350.0,1350.0,1350.0,1375.0,1375.0,1390.0,1400.0,1395.0,1382.5,1400.0,1400.0,1400.0,1400.0,1425.0,1440.0,1450.0,1400.0,1425.0,1450.0,1425.0,1450.0,1500.0,1500.0,1525.0,1535.0,1500.0,1524.5,1500.0,1500.0,1500.0,1500.0,1500.0,1500.0,1500.0,1490.0,1524.0,1500.0,1525.0,1552.0,1575.0,1600.0,1600.0,1599.0,1575.0,1560.0,1550.0,1580.0,1599.0,1650.0,1665.0
33411,Royal Palm Beach,FL,Miami-Fort Lauderdale,Palm Beach,,,,,,,,1000.0,999.5,989.5,965.0,994.5,977.5,997.0,985.0,975.0,975.0,1000.0,1005.0,1012.5,950.0,1000.0,1025.0,1075.0,1020.0,1050.0,1025.0,1050.0,1050.0,1096.0,1150.0,1100.0,1145.0,1100.0,1000.0,1100.0,1150.0,1175.0,1100.0,1175.0,1195.0,1200.0,1200.0,1200.0,1150.0,1200.0,1250.0,1200.0,1200.0,1200.0,1200.0,1200.0,1200.0,1200.0,1250.0,1200.0,1250.0,1250.0,1250.0,1250.0,1250.0,1250.0,1250.0,1260.0,1275.0,1250.0,1350.0,1300.0,1250.0,1300.0,1302.5,1300.0,1300.0,1300.0,1287.5,1250.0,1250.0,1284.5,1290.0,1300.0,1300.0,1300.0,1325.0,1300.0,1350.0,1350.0,1350.0,1300.0,1300.0,1350.0,1300.0
33139,Miami Beach,FL,Miami-Fort Lauderdale,Miami-Dade,,,,,,3000.0,3200.0,3000.0,3200.0,2950.0,3000.0,3000.0,3000.0,3250.0,3500.0,3300.0,3175.0,3100.0,3100.0,3200.0,3200.0,3300.0,3200.0,3200.0,3300.0,3199.0,3167.0,3100.0,3100.0,3150.0,3200.0,3200.0,3000.0,3200.0,3290.0,3200.0,3200.0,3200.0,3000.0,3200.0,3100.0,3025.0,3100.0,3059.0,3250.0,3100.0,3200.0,3200.0,3125.0,3225.0,3200.0,3000.0,3200.0,3025.0,3044.5,3250.0,3500.0,3500.0,3400.0,3300.0,3300.0,3250.0,3250.0,3300.0,3300.0,3400.0,3250.0,3100.0,3039.0,3100.0,3249.0,2850.0,3000.0,3000.0,3300.0,2997.0,2900.0,3136.5,3391.5,3250.0,3295.0,3384.0,3275.0,3262.5,3500.0,3400.0,3300.0,3300.0,3250.0,3200.0,3200.0
33024,Pembroke Pines,FL,Miami-Fort Lauderdale,Broward,,,,,1150.0,1200.0,1195.0,1150.0,1150.0,1225.0,1250.0,1200.0,1200.0,1225.0,1250.0,1200.0,1200.0,1200.0,1225.0,1212.5,1200.0,1250.0,1200.0,1237.5,1225.0,1200.0,1200.0,1200.0,1200.0,1200.0,1200.0,1250.0,1250.0,1350.0,1262.0,1297.5,1287.5,1300.0,1300.0,1300.0,1325.0,1300.0,1300.0,1300.0,1275.0,1295.0,1325.0,1350.0,1350.0,1395.0,1395.0,1350.0,1400.0,1350.0,1400.0,1362.5,1400.0,1450.0,1450.0,1400.0,1444.0,1400.0,1412.5,1431.5,1450.0,1475.0,1450.0,1447.5,1450.0,1415.5,1500.0,1450.0,1450.0,1450.0,1500.0,1437.5,1500.0,1500.0,1497.5,1475.0,1450.0,1500.0,1500.0,1495.0,1447.5,1437.5,1450.0,1450.0,1488.5,1500.0,1500.0
33009,Hallandale,FL,Miami-Fort Lauderdale,Broward,,,,,,,,,,,,,,,,,,,,,,,,,,,,,,,,,,,,,,,,,,,,,,,,,,,,,,,,,,,,,,,,,,,,,,,,,,,,,2050.0,1950.0,2199.0,2000.0,2000.0,2050.0,1950.0,2250.0,2300.0,2200.0,2216.5,2200.0,2200.0,2197.0,2184.0
33186,The Crossings,FL,Miami-Fort Lauderdale,Miami-Dade,,,,,1262.5,1250.0,1250.0,1250.0,1265.0,1297.5,1295.0,1300.0,1295.0,1295.0,1300.0,1295.0,1282.5,1295.0,1300.0,1300.0,1345.0,1350.0,1350.0,1375.0,1400.0,1399.5,1350.0,1350.0,1350.0,1350.0,1350.0,1357.0,1400.0,1392.5,1350.0,1356.0,1400.0,1391.0,1400.0,1400.0,1400.0,1400.0,1400.0,1400.0,1400.0,1400.0,1400.0,1400.0,1400.0,1415.0,1428.0,1450.0,1450.0,1475.0,1495.0,1485.0,1495.0,1495.0,1500.0,1500.0,1500.0,1500.0,1500.0,1500.0,1550.0,1580.0,1580.0,1550.0,1500.0,1500.0,1550.0,1550.0,1600.0,1514.0,1500.0,1550.0,1550.0,1561.0,1571.0,1597.5,1593.0,1575.0,1579.0,1600.0,1550.0,1600.0,1591.0,1580.0,1600.0,1607.5,1600.0
33012,Hialeah,FL,Miami-Fort Lauderdale,Miami-Dade,,,,,,,,,,,,,,,,,,,,,,,,,,,,,,,,,,,,,,,,,,,,,,,,,,,,,,,,,,,,,,,,,,,,,,,,,,,,,,,,1450.0,1462.5,1550.0,1550.0,1475.0,1425.0,1425.0,1412.5,1450.0,1400.0,1400.0,1450.0
33311,Fort Lauderdale,FL,Miami-Fort Lauderdale,Broward,,,,,,,1000.0,950.0,950.0,950.0,1003.0,1000.0,1025.0,1025.0,1050.0,960.0,950.0,1000.0,1000.0,997.5,1000.0,1050.0,1050.0,1050.0,1000.0,995.0,995.0,1025.0,1100.0,1087.5,1150.0,1100.0,1050.0,1100.0,1100.0,1197.5,1199.5,1199.5,1100.0,1100.0,1100.0,1100.0,1100.0,1100.0,1050.0,1200.0,1200.0,1185.0,1100.0,1200.0,1200.0,1250.0,1235.0,1235.0,1235.0,1299.5,1300.0,1200.0,1150.0,1200.0,1250.0,1250.0,1250.0,1250.0,1250.0,1263.0,1300.0,1300.0,1280.0,1299.0,1250.0,1262.5,1299.5,1250.0,1350.0,1200.0,1200.0,1300.0,1375.0,1375.0,1400.0,1374.5,1400.0,1379.0,1350.0,1395.0,1350.0,1375.0,1300.0,1300.0,1400.0
33064,Pompano Beach,FL,Miami-Fort Lauderdale,Broward,,,,,,,,,,,,,,,,,,,,,,,,,,,,,,,,,,,,,,,,,,,,,,,,,,,,,,,,,,,,,,,,,,,,,,,,,,1375.0,1350.0,1350.0,1350.0,1350.0,1395.0,1400.0,1475.0,1500.0,1500.0,1465.0,1499.5,1400.0,1400.0,1375.0,1375.0,1375.0,1475.0
33027,Miramar,FL,Miami-Fort Lauderdale,Broward,,,,,,,,,,,,1415.0,1380.0,1200.0,1197.5,1150.0,1100.0,1100.0,1200.0,1350.0,1200.0,1150.0,1150.0,1150.0,1200.0,1200.0,1200.0,1200.0,1300.0,1300.0,1250.0,1200.0,1300.0,1450.0,1480.0,1500.0,1500.0,1500.0,1450.0,1450.0,1500.0,1500.0,1500.0,1500.0,1500.0,1500.0,1500.0,1530.0,1575.0,1550.0,1512.5,1550.0,1600.0,1600.0,1550.0,1512.5,1550.0,1500.0,1500.0,1500.0,1500.0,1500.0,1500.0,1537.5,1600.0,1500.0,1550.0,1550.0,1600.0,1600.0,1550.0,1497.5,1500.0,1500.0,1500.0,1400.0,1400.0,1450.0,1470.0,1550.0,1575.0,1650.0,1650.0,1675.0,1875.0,1830.0,1700.0,1700.0,1650.0,1650.0,1700.0
33063,Margate,FL,Miami-Fort Lauderdale,Broward,,,,,,,,,,,,,,,,,,,,,,,,,,,,,,,,,,,,,,,,,,,,,,,,,,,,,,,,,,,,,,,,1580.0,1500.0,1299.0,1295.0,1312.5,1350.0,1350.0,1300.0,1300.0,1291.0,1350.0,1300.0,1300.0,1250.0,1300.0,1350.0,1350.0,1375.0,1362.5,1395.0,1375.0,1375.0,1350.0,1350.0,1350.0,1353.0,1400.0,1400.0
33313,Lauderhill,FL,Miami-Fort Lauderdale,Broward,,,,,1000.0,900.0,900.0,900.0,900.0,900.0,889.0,900.0,930.0,935.0,950.0,950.0,950.0,900.0,950.0,950.0,922.5,1000.0,1000.0,972.5,950.0,1000.0,995.0,995.0,995.0,982.0,982.0,1000.0,1000.0,1000.0,1000.0,1000.0,1000.0,1000.0,975.0,950.0,990.0,995.0,1000.0,1000.0,1000.0,1000.0,1000.0,1050.0,1050.0,1050.0,1050.0,1087.5,1000.0,1050.0,1100.0,1195.0,1125.0,1100.0,1100.0,1100.0,1100.0,1100.0,1150.0,1125.0,1150.0,1162.5,1200.0,1150.0,1100.0,1200.0,1100.0,1200.0,1197.5,1150.0,1150.0,1150.0,1200.0,1200.0,1200.0,1200.0,1200.0,1200.0,1200.0,1200.0,1250.0,1200.0,1225.0,1250.0,1250.0,1250.0,1250.0
33319,Lauderhill,FL,Miami-Fort Lauderdale,Broward,,,,,950.0,950.0,950.0,1000.0,985.0,1000.0,990.0,990.0,977.5,950.0,995.0,1000.0,1000.0,1025.0,1050.0,1050.0,1050.0,1000.0,1000.0,1050.0,1000.0,1000.0,1000.0,950.0,975.0,1000.0,1000.0,1000.0,1000.0,1000.0,1000.0,1000.0,1000.0,1000.0,1050.0,1050.0,1000.0,1025.0,1050.0,1100.0,1100.0,1100.0,1100.0,1100.0,1100.0,1100.0,1175.0,1150.0,1150.0,1150.0,1200.0,1200.0,1200.0,1200.0,1200.0,1200.0,1200.0,1200.0,1200.0,1200.0,1199.5,1150.0,1200.0,1200.0,1200.0,1200.0,1200.0,1250.0,1200.0,1200.0,1250.0,1250.0,1250.0,1250.0,1250.0,1300.0,1275.0,1275.0,1300.0,1300.0,1275.0,1250.0,1250.0,1300.0,1300.0,1300.0,1300.0
33321,Tamarac,FL,Miami-Fort Lauderdale,Broward,,,,,1100.0,1100.0,1100.0,1100.0,1100.0,1100.0,1162.5,1190.0,1180.0,1100.0,1150.0,1150.0,1150.0,1150.0,1150.0,1175.0,1200.0,1200.0,1200.0,1172.5,1195.0,1180.0,1150.0,1195.0,1195.0,1180.0,1197.5,1150.0,1200.0,1200.0,1210.0,1225.0,1200.0,1200.0,1250.0,1250.0,1280.0,1292.5,1250.0,1250.0,1250.0,1250.0,1255.0,1250.0,1250.0,1250.0,1275.0,1250.0,1250.0,1250.0,1265.0,1281.0,1300.0,1350.0,1330.0,1350.0,1337.5,1350.0,1310.0,1350.0,1350.0,1350.0,1350.0,1395.0,1400.0,1387.5,1400.0,1380.0,1350.0,1400.0,1400.0,1350.0,1400.0,1400.0,1377.5,1400.0,1400.0,1400.0,1400.0,1425.0,1400.0,1400.0,1400.0,1400.0,1400.0,1428.0,1450.0
33467,Greenacres,FL,Miami-Fort Lauderdale,Palm Beach,,,,,,,,,,,,,,,,,,,,,,,,,,,,,,,,,,,,,,,,,,,,,,,,,,,,,,,,,,,,,,,,,,,,,,,1200.0,1275.0,1350.0,1362.5,1250.0,1375.0,1299.5,1250.0,1250.0,1300.0,1250.0,1250.0,1250.0,1300.0,1375.0,1534.0,1400.0,1375.0,1375.0,1300.0,1287.5
33458,Jupiter,FL,Miami-Fort Lauderdale,Palm Beach,,,,,,,,,1350.0,1350.0,1300.0,1250.0,1275.0,1250.0,1200.0,1200.0,1200.0,1275.0,1270.0,1300.0,1300.0,1289.5,1300.0,1262.5,1250.0,1250.0,1250.0,1250.0,1275.0,1350.0,1345.0,1305.0,1350.0,1300.0,1300.0,1350.0,1350.0,1400.0,1400.0,1520.0,1510.0,1505.0,1450.0,1450.0,1550.0,1550.0,1550.0,1515.0,1547.5,1530.0,1550.0,1557.0,1550.0,1550.0,1575.0,1579.0,1565.0,1595.0,1560.0,1565.0,1600.0,1600.0,1675.0,1697.5,1688.5,1689.0,1700.0,1685.0,1695.0,1750.0,1700.0,1650.0,1650.0,1650.0,1730.0,1700.0,1650.0,1700.0,1747.0,1697.5,1645.0,1650.0,1681.0,1750.0,1750.0,1700.0,1700.0,1750.0,1750.0,1739.0,1800.0
33433,Boca Raton,FL,Miami-Fort Lauderdale,Palm Beach,,,,,,1262.0,1275.0,1275.0,1325.0,1400.0,1380.0,1320.0,1300.0,1300.0,1325.0,1325.0,1375.0,1382.5,1345.0,1350.0,1357.5,1355.0,1375.0,1400.0,1400.0,1355.0,1350.0,1350.0,1360.0,1350.0,1350.0,1400.0,1400.0,1400.0,1400.0,1425.0,1490.0,1475.0,1475.0,1450.0,1500.0,1500.0,1475.0,1475.0,1450.0,1400.0,1410.0,1495.0,1500.0,1500.0,1500.0,1500.0,1450.0,1500.0,1500.0,1500.0,1500.0,1500.0,1500.0,1526.0,1559.0,1575.0,1568.0,1550.0,1595.0,1580.0,1590.0,1554.0,1558.0,1500.0,1550.0,1550.0,1600.0,1565.0,1572.5,1550.0,1581.0,1600.0,1600.0,1637.5,1636.5,1685.0,1650.0,1690.0,1700.0,1753.0,1750.0,1721.5,1700.0,1690.0,1675.0
33015,Country Club,FL,Miami-Fort Lauderdale,Miami-Dade,,,,,1200.0,1200.0,1200.0,1200.0,1200.0,1225.0,1250.0,1233.0,1250.0,1200.0,1200.0,1200.0,1200.0,1225.0,1200.0,1225.0,1225.0,1250.0,1250.0,1250.0,1250.0,1250.0,1250.0,1250.0,1250.0,1250.0,1250.0,1286.0,1297.0,1275.0,1300.0,1300.0,1300.0,1300.0,1300.0,1300.0,1300.0,1300.0,1300.0,1300.0,1300.0,1300.0,1300.0,1300.0,1312.5,1312.5,1325.0,1325.0,1350.0,1350.0,1315.0,1325.0,1350.0,1375.0,1387.5,1400.0,1400.0,1400.0,1400.0,1425.0,1450.0,1450.0,1400.0,1400.0,1400.0,1450.0,1400.0,1450.0,1400.0,1462.5,1450.0,1400.0,1450.0,1500.0,1500.0,1487.0,1500.0,1500.0,1500.0,1500.0,1500.0,1550.0,1550.0,1500.0,1506.0,1500.0,1550.0
33141,Miami Beach,FL,Miami-Fort Lauderdale,Miami-Dade,,2200.0,1965.0,2000.0,1800.0,1692.5,1700.0,1850.0,1850.0,1850.0,1850.0,1900.0,1900.0,1900.0,1950.0,1900.0,1900.0,1950.0,1900.0,1950.0,2000.0,2000.0,2100.0,2100.0,2100.0,2100.0,2100.0,2000.0,2100.0,2100.0,2100.0,2150.0,2200.0,2300.0,2400.0,2300.0,2237.5,2200.0,2300.0,2200.0,2300.0,2400.0,2375.0,2300.0,2400.0,2400.0,2450.0,2400.0,2300.0,2300.0,2300.0,2100.0,2200.0,2200.0,2350.0,2300.0,2500.0,2500.0,2450.0,2400.0,2275.0,2350.0,2300.0,2250.0,2250.0,2350.0,2262.5,2250.0,2335.5,2250.0,2200.0,2300.0,2200.0,2200.0,2300.0,2025.0,2300.0,2300.0,2350.0,2400.0,2400.0,2375.0,2300.0,2300.0,2300.0,2300.0,2250.0,2224.5,2250.0,2212.5,2217.5
33436,Boynton Beach,FL,Miami-Fort Lauderdale,Palm Beach,,,,,,1075.0,1087.5,1050.0,1075.0,1085.0,1100.0,1100.0,1100.0,1100.0,1100.0,1040.0,1023.5,1000.0,1125.0,1200.0,1155.0,1150.0,1122.5,1150.0,1180.0,1166.5,1115.0,1101.0,1120.0,1200.0,1186.0,1150.0,1200.0,1200.0,1200.0,1200.0,1250.0,1300.0,1300.0,1350.0,1350.0,1350.0,1325.0,1300.0,1275.0,1270.0,1275.0,1275.0,1282.5,1300.0,1302.5,1310.0,1300.0,1295.0,1300.0,1362.5,1400.0,1370.0,1400.0,1350.0,1363.5,1360.0,1366.0,1366.5,1400.0,1437.0,1449.0,1443.0,1466.5,1444.0,1450.0,1450.0,1645.5,1450.0,1500.0,1402.5,1440.0,1450.0,1492.5,1433.0,1418.0,1451.5,1435.0,1450.0,1402.5,1465.0,1461.0,1480.0,1491.0,1500.0,1504.0
33463,Greenacres,FL,Miami-Fort Lauderdale,Palm Beach,,,,,,,,,,,,,,,,,,,,,,,,,,,,,,,,,,,,,,,,,,,,,,,,,,,,,,,,,,,,,,,,,,,,,,,,,,,,,1250.0,1250.0,1200.0,1250.0,1250.0,1300.0,1250.0,1295.0,1300.0,1325.0,1250.0,1250.0,1300.0,1350.0,1300.0
33021,Hollywood,FL,Miami-Fort Lauderdale,Broward,,,,,,1087.5,1199.0,1200.0,1200.0,1200.0,1200.0,1200.0,1200.0,1200.0,1200.0,1200.0,1200.0,1200.0,1200.0,1200.0,1250.0,1250.0,1250.0,1237.5,1200.0,1200.0,1200.0,1200.0,1200.0,1250.0,1250.0,1250.0,1250.0,1250.0,1250.0,1250.0,1250.0,1290.0,1297.5,1300.0,1275.0,1275.0,1275.0,1300.0,1300.0,1350.0,1350.0,1350.0,1350.0,1325.0,1325.0,1375.0,1400.0,1375.0,1400.0,1300.0,1300.0,1350.0,1400.0,1450.0,1400.0,1400.0,1300.0,1350.0,1400.0,1450.0,1500.0,1500.0,1450.0,1450.0,1420.0,1474.5,1450.0,1375.0,1470.0,1450.0,1464.5,1500.0,1500.0,1500.0,1500.0,1499.5,1500.0,1500.0,1500.0,1525.0,1487.0,1495.0,1500.0,1500.0,1500.0
33324,Plantation,FL,Miami-Fort Lauderdale,Broward,,,,,1200.0,1150.0,1192.5,1200.0,1200.0,1200.0,1225.0,1250.0,1250.0,1250.0,1240.0,1240.0,1262.0,1280.0,1292.0,1258.0,1250.0,1250.0,1250.0,1300.0,1337.5,1300.0,1333.0,1359.0,1382.0,1375.0,1411.0,1400.0,1350.0,1345.0,1300.0,1329.0,1300.0,1300.0,1300.0,1300.0,1325.0,1329.0,1329.0,1350.0,1359.0,1375.0,1350.0,1369.5,1375.0,1400.0,1403.0,1427.5,1400.0,1400.0,1430.0,1447.5,1492.0,1461.0,1499.0,1504.0,1523.0,1501.5,1500.0,1519.0,1534.0,1509.5,1542.0,1587.0,1589.5,1500.0,1500.0,1496.5,1515.0,1475.0,1487.0,1529.0,1600.0,1599.0,1600.0,1550.0,1579.0,1591.0,1600.0,1600.0,1558.0,1517.0,1540.0,1523.0,1526.0,1550.0,1576.0
33023,Miramar,FL,Miami-Fort Lauderdale,Broward,,,,,,1200.0,1200.0,1175.0,1200.0,1200.0,1162.5,1200.0,1225.0,1225.0,1200.0,1200.0,1150.0,1150.0,1150.0,1175.0,1187.5,1150.0,1150.0,1200.0,1200.0,1200.0,1200.0,1200.0,1200.0,1250.0,1250.0,1200.0,1200.0,1250.0,1250.0,1250.0,1250.0,1300.0,1200.0,1200.0,1200.0,1300.0,1299.5,1250.0,1250.0,1275.0,1250.0,1295.0,1300.0,1300.0,1300.0,1300.0,1250.0,1275.0,1400.0,1400.0,1400.0,1300.0,1300.0,1300.0,1380.0,1350.0,1400.0,1362.5,1425.0,1400.0,1400.0,1325.0,1390.0,1375.0,1300.0,1300.0,1350.0,1300.0,1365.0,1400.0,1450.0,1464.5,1525.0,1500.0,1400.0,1377.5,1380.0,1400.0,1400.0,1400.0,1400.0,1500.0,1495.0,1500.0,1500.0
33308,Fort Lauderdale,FL,Miami-Fort Lauderdale,Broward,,,,,,,,,,,,,,,,,,,,,,,,,,,,,,,,,,,,,,,,,,,,,,,,,,,,,,,,,,,,,,,,,,,,,,,,,,,,1850.0,2000.0,1999.5,2000.0,2000.0,2000.0,1975.0,1962.5,1999.5,2000.0,2000.0,1937.5,2025.0,2107.5,2000.0,1975.0
33312,Fort Lauderdale,FL,Miami-Fort Lauderdale,Broward,,,,,,,,,,,,,,1400.0,1300.0,1300.0,1250.0,1350.0,1517.5,1450.0,1300.0,1372.5,1360.0,1500.0,1350.0,1350.0,1350.0,1350.0,1400.0,1400.0,1390.0,1500.0,1500.0,1500.0,1495.0,1450.0,1450.0,1499.0,1400.0,1482.5,1300.0,1250.0,1250.0,1250.0,1300.0,1350.0,1250.0,1325.0,1350.0,1499.5,1500.0,1500.0,1429.0,1519.0,1450.0,1500.0,1500.0,1550.0,1570.0,1550.0,1500.0,1500.0,1500.0,1600.0,1600.0,1500.0,1500.0,1550.0,1571.0,1550.0,1500.0,1546.5,1600.0,1512.5,1755.0,1544.5,1596.5,1593.0,1599.5,1577.0,1590.0,1590.0,1649.0,1650.0,1650.0,1582.5,1540.0,1570.0,1600.0,1733.0,1650.0
33437,Boynton Beach,FL,Miami-Fort Lauderdale,Palm Beach,,,,,,,,,,,,,,,,,,,,,,,,,,,,,,,,,,,,,,,,,,,,,,,,,,,,,,,,,,,,,,,,,,,,,,,,,,,,,1311.0,1350.0,1399.5,1429.0,1428.0,1411.0,1432.0,1399.0,1400.0,1450.0,1620.0,1590.0,1607.5,1600.0,1800.0
33418,Palm Beach Gardens,FL,Miami-Fort Lauderdale,Palm Beach,,,,,1550.0,1500.0,1525.0,1550.0,1500.0,1450.0,1437.5,1400.0,1400.0,1400.0,1397.5,1325.0,1430.0,1600.0,1568.0,1500.0,1500.0,1500.0,1485.0,1450.0,1470.0,1480.0,1500.0,1500.0,1500.0,1575.0,1540.0,1510.0,1525.0,1570.0,1500.0,1550.0,1575.0,1600.0,1600.0,1750.0,1700.0,1685.0,1650.0,1605.0,1605.0,1600.0,1600.0,1700.0,1725.0,1755.0,1775.0,1877.5,1797.5,1800.0,1700.0,1765.0,1755.0,1750.0,1747.5,1790.0,1775.0,1850.0,1875.0,1872.5,1882.5,1882.5,1900.0,1900.0,1850.0,1810.0,1885.0,1801.5,1750.0,1821.0,1875.0,1733.5,1766.0,1850.0,1850.0,1800.0,1800.0,1815.0,1800.0,1765.0,1843.0,1850.0,1900.0,1887.0,1855.5,1900.0,1868.5
33065,Coral Springs,FL,Miami-Fort Lauderdale,Broward,,,,,,,962.5,975.0,990.0,1000.0,1000.0,1000.0,1000.0,975.0,950.0,980.0,1000.0,1000.0,1000.0,1050.0,1000.0,1050.0,1095.0,1092.5,1100.0,1100.0,1100.0,1050.0,1050.0,1050.0,1067.5,1075.0,1100.0,1100.0,1050.0,1050.0,1050.0,1050.0,1050.0,1050.0,1050.0,1050.0,1050.0,1085.0,1100.0,1090.0,1100.0,1100.0,1100.0,1100.0,1100.0,1100.0,1100.0,1150.0,1150.0,1150.0,1200.0,1200.0,1200.0,1200.0,1200.0,1200.0,1200.0,1200.0,1200.0,1250.0,1200.0,1200.0,1250.0,1250.0,1250.0,1242.5,1245.0,1200.0,1295.0,1200.0,1290.0,1300.0,1300.0,1300.0,1300.0,1300.0,1325.0,1325.0,1325.0,1300.0,1300.0,1300.0,1300.0,1300.0,1300.0
33176,Kendall,FL,Miami-Fort Lauderdale,Miami-Dade,,,,,1150.0,1150.0,1100.0,1150.0,1200.0,1150.0,1150.0,1199.0,1200.0,1200.0,1200.0,1200.0,1200.0,1200.0,1200.0,1200.0,1200.0,1250.0,1215.0,1250.0,1250.0,1250.0,1200.0,1200.0,1250.0,1275.0,1300.0,1300.0,1300.0,1300.0,1300.0,1300.0,1300.0,1300.0,1300.0,1300.0,1300.0,1300.0,1300.0,1300.0,1300.0,1300.0,1300.0,1300.0,1300.0,1350.0,1350.0,1377.5,1400.0,1400.0,1395.0,1350.0,1350.0,1390.0,1377.5,1400.0,1400.0,1400.0,1400.0,1450.0,1450.0,1497.5,1450.0,1450.0,1499.0,1500.0,1460.0,1450.0,1450.0,1495.0,1467.5,1475.0,1460.0,1500.0,1500.0,1500.0,1500.0,1500.0,1500.0,1500.0,1500.0,1500.0,1550.0,1500.0,1500.0,1550.0,1550.0
33322,Sunrise,FL,Miami-Fort Lauderdale,Broward,,,,,,1102.0,1192.0,1200.0,1250.0,1250.0,1250.0,1250.0,1275.0,1250.0,1250.0,1200.0,1250.0,1250.0,1260.0,1250.0,1250.0,1250.0,1300.0,1300.0,1250.0,1250.0,1276.0,1284.0,1280.0,1285.5,1295.0,1300.0,1300.0,1300.0,1300.0,1300.0,1300.0,1300.0,1300.0,1300.0,1350.0,1350.0,1350.0,1300.0,1350.0,1387.5,1350.0,1350.0,1375.0,1380.0,1395.0,1377.5,1375.0,1400.0,1450.0,1402.0,1469.5,1450.0,1500.0,1485.0,1495.0,1500.0,1476.0,1500.0,1500.0,1475.0,1500.0,1475.0,1550.0,1553.0,1575.0,1585.0,1662.5,1506.0,1500.0,1450.0,1500.0,1500.0,1500.0,1500.0,1509.0,1530.0,1560.0,1550.0,1575.0,1550.0,1500.0,1525.0,1569.0,1563.0,1600.0
33178,Doral,FL,Miami-Fort Lauderdale,Miami-Dade,,,,,1600.0,1550.0,1500.0,1500.0,1500.0,1500.0,1512.5,1550.0,1550.0,1550.0,1550.0,1599.0,1550.0,1550.0,1550.0,1550.0,1550.0,1600.0,1600.0,1600.0,1600.0,1600.0,1600.0,1600.0,1600.0,1600.0,1600.0,1600.0,1600.0,1600.0,1650.0,1650.0,1650.0,1650.0,1650.0,1650.0,1650.0,1650.0,1650.0,1650.0,1650.0,1650.0,1650.0,1675.0,1700.0,1700.0,1700.0,1700.0,1750.0,1750.0,1750.0,1750.0,1750.0,1800.0,1800.0,1800.0,1800.0,1800.0,1850.0,1850.0,1850.0,1885.0,1850.0,1850.0,1965.0,1850.0,1900.0,1900.0,1890.0,1900.0,1900.0,1850.0,1850.0,1850.0,1899.0,1929.0,1950.0,1975.0,1959.5,1950.0,2000.0,2000.0,2000.0,2041.0,2055.0,2000.0,2044.0
33125,Miami,FL,Miami-Fort Lauderdale,Miami-Dade,,,,,,,,,,1150.0,1200.0,1100.0,1100.0,1199.0,1274.5,1300.0,1299.0,1350.0,1350.0,1300.0,1250.0,1300.0,1300.0,1300.0,1287.5,1324.5,1375.0,1387.5,1400.0,1350.0,1300.0,1362.5,1500.0,1475.0,1300.0,1300.0,1350.0,1250.0,1275.0,1300.0,1300.0,1325.0,1312.5,1325.0,1375.0,1350.0,1350.0,1350.0,1350.0,1375.0,1400.0,1275.0,1425.0,1475.0,1437.5,1500.0,1750.0,1750.0,1600.0,1500.0,1575.0,1525.0,1500.0,1537.5,1600.0,1600.0,1600.0,1550.0,1750.0,1750.0,1797.5,1600.0,1650.0,1682.5,1735.0,1687.5,1725.0,1700.0,1750.0,1600.0,1600.0,1600.0,1600.0,1650.0,1650.0,1637.5,1600.0,1600.0,1575.0,1500.0,1500.0
33062,Pompano Beach,FL,Miami-Fort Lauderdale,Broward,,,,,1685.0,1800.0,1600.0,1700.0,1800.0,1850.0,1900.0,1900.0,1900.0,2000.0,2000.0,1995.0,1900.0,1887.5,1800.0,1799.5,1795.0,1700.0,1800.0,1800.0,1950.0,2000.0,2000.0,1950.0,1950.0,1800.0,1800.0,1800.0,1900.0,1800.0,1950.0,1900.0,1925.0,2000.0,1999.5,2000.0,1950.0,1900.0,1875.0,1800.0,1800.0,1900.0,1950.0,2000.0,1999.0,1950.0,2000.0,1950.0,1925.0,1925.0,1875.0,1990.0,2000.0,1950.0,2000.0,2000.0,2000.0,2000.0,2100.0,2200.0,2000.0,2000.0,1995.0,1950.0,1900.0,2000.0,1900.0,1900.0,2000.0,1875.0,2000.0,2000.0,1900.0,2000.0,2000.0,1965.0,2000.0,2000.0,2000.0,2000.0,2100.0,2200.0,2200.0,2200.0,2200.0,2000.0,2000.0
33442,Deerfield Beach,FL,Miami-Fort Lauderdale,Broward,,,,,,1300.0,1297.5,1200.0,1200.0,1250.0,1275.0,1285.0,1200.0,1325.0,1295.0,1250.0,1200.0,1200.0,1250.0,1250.0,1307.5,1295.0,1300.0,1307.5,1297.0,1300.0,1350.0,1300.0,1300.0,1315.0,1330.0,1300.0,1275.0,1333.0,1300.0,1350.0,1350.0,1400.0,1400.0,1350.0,1350.0,1350.0,1350.0,1350.0,1300.0,1300.0,1300.0,1350.0,1312.5,1300.0,1300.0,1365.0,1475.0,1470.0,1450.0,1400.0,1350.0,1437.5,1412.5,1400.0,1400.0,1455.0,1450.0,1400.0,1400.0,1450.0,1500.0,1500.0,1484.0,1490.5,1468.5,1500.0,1455.0,1467.0,1452.5,1481.5,1500.0,1500.0,1489.5,1462.0,1515.0,1568.5,1585.0,1599.0,1567.0,1500.0,1500.0,1419.5,1450.0,1500.0,1500.0
33415,Greenacres,FL,Miami-Fort Lauderdale,Palm Beach,,,,,,,,,,887.5,887.0,890.0,890.0,895.0,900.0,897.5,900.0,900.0,900.0,900.0,900.0,900.0,900.0,912.5,950.0,950.0,932.5,950.0,950.0,969.0,969.0,959.5,950.0,950.0,970.0,950.0,1000.0,997.0,995.0,975.0,975.0,997.5,999.0,1000.0,1000.0,997.5,1099.0,1100.0,1050.0,1050.0,1050.0,1050.0,1025.0,1050.0,1050.0,1050.0,1125.0,1150.0,1150.0,1125.0,1137.5,1189.0,1159.0,1197.5,1195.0,1200.0,1200.0,1200.0,1200.0,1200.0,1100.0,1200.0,1195.0,1150.0,1200.0,1150.0,1200.0,1200.0,1200.0,1200.0,1200.0,1200.0,1200.0,1200.0,1200.0,1250.0,1225.0,1250.0,1250.0,1250.0,1200.0
33180,Aventura,FL,Miami-Fort Lauderdale,Miami-Dade,2000.0,2000.0,2150.0,1975.0,1900.0,1900.0,1750.0,1850.0,1900.0,1850.0,1850.0,1900.0,1995.0,2075.0,2000.0,2000.0,2000.0,2000.0,2000.0,2075.0,2100.0,2100.0,2000.0,2000.0,2100.0,2200.0,2200.0,2100.0,2167.5,2200.0,2200.0,2112.5,2200.0,2200.0,2250.0,2200.0,2200.0,2150.0,2200.0,2250.0,2250.0,2300.0,2300.0,2300.0,2250.0,2300.0,2325.0,2400.0,2400.0,2400.0,2475.0,2400.0,2450.0,2400.0,2500.0,2400.0,2500.0,2500.0,2500.0,2500.0,2500.0,2500.0,2400.0,2300.0,2400.0,2450.0,2450.0,2350.0,2350.0,2350.0,2300.0,2350.0,2250.0,2200.0,2262.5,2250.0,2200.0,2295.0,2300.0,2300.0,2300.0,2300.0,2300.0,2350.0,2350.0,2300.0,2300.0,2350.0,2300.0,2300.0,2300.0
33068,North Lauderdale,FL,Miami-Fort Lauderdale,Broward,,,,,,,1100.0,1137.5,1150.0,1125.0,1150.0,1150.0,1200.0,1150.0,1099.0,1100.0,1057.0,1080.0,1112.0,1150.0,1150.0,1189.5,1159.0,1164.5,1164.0,1175.0,1175.0,1150.0,1150.0,1192.5,1250.0,1200.0,1200.0,1200.0,1200.0,1200.0,1200.0,1200.0,1212.5,1250.0,1200.0,1200.0,1250.0,1250.0,1250.0,1250.0,1250.0,1250.0,1250.0,1250.0,1250.0,1239.5,1225.0,1250.0,1250.0,1260.0,1300.0,1320.0,1250.0,1335.0,1300.0,1250.0,1275.0,1300.0,1277.5,1300.0,1350.0,1350.0,1350.0,1350.0,1350.0,1300.0,1375.0,1300.0,1250.0,1350.0,1350.0,1350.0,1350.0,1380.0,1375.0,1399.0,1400.0,1400.0,1380.0,1400.0,1400.0,1400.0,1400.0,1400.0,1400.0
33179,Ives Estates,FL,Miami-Fort Lauderdale,Miami-Dade,,,,,1187.0,1175.0,1150.0,1150.0,1100.0,1150.0,1162.5,1200.0,1200.0,1200.0,1200.0,1200.0,1200.0,1200.0,1200.0,1200.0,1200.0,1200.0,1250.0,1200.0,1200.0,1200.0,1200.0,1200.0,1250.0,1200.0,1200.0,1250.0,1300.0,1300.0,1295.0,1300.0,1250.0,1250.0,1250.0,1250.0,1295.0,1295.0,1250.0,1295.0,1299.5,1300.0,1350.0,1300.0,1300.0,1300.0,1300.0,1280.0,1290.0,1300.0,1300.0,1320.0,1350.0,1375.0,1387.5,1400.0,1400.0,1400.0,1400.0,1400.0,1400.0,1400.0,1375.0,1400.0,1437.5,1375.0,1450.0,1437.5,1450.0,1400.0,1400.0,1400.0,1450.0,1500.0,1500.0,1500.0,1500.0,1517.0,1550.0,1567.0,1553.0,1558.0,1548.0,1541.0,1550.0,1550.0,1534.0
33126,Miami,FL,Miami-Fort Lauderdale,Miami-Dade,,,,,1225.0,1300.0,1300.0,1250.0,1287.0,1300.0,1300.0,1300.0,1300.0,1300.0,1300.0,1300.0,1300.0,1300.0,1300.0,1300.0,1300.0,1300.0,1300.0,1338.0,1350.0,1325.0,1300.0,1300.0,1350.0,1350.0,1350.0,1350.0,1350.0,1350.0,1350.0,1395.0,1400.0,1395.0,1400.0,1400.0,1400.0,1400.0,1397.5,1375.0,1350.0,1350.0,1400.0,1400.0,1400.0,1400.0,1425.0,1450.0,1450.0,1485.0,1450.0,1500.0,1450.0,1450.0,1500.0,1500.0,1500.0,1500.0,1500.0,1500.0,1500.0,1500.0,1500.0,1500.0,1550.0,1599.0,1500.0,1550.0,1500.0,1550.0,1575.0,1500.0,1550.0,1595.0,1550.0,1587.0,1600.0,1600.0,1600.0,1621.0,1637.0,1650.0,1600.0,1600.0,1600.0,1640.0,1650.0
33161,North Miami,FL,Miami-Fort Lauderdale,Miami-Dade,,,,,,,,,,,,,,,,,,,,,,,,,,,,,,,,,,,,,,,,,,,,,,,,,,,,,,,,,,,,,,,,,,,,,,,,1395.0,1350.0,1387.5,1450.0,1350.0,1500.0,1400.0,1500.0,1487.5,1425.0,1475.0,1525.0,1550.0,1500.0,1400.0,1375.0,1387.0,1387.0,1450.0,1399.0
33435,Boynton Beach,FL,Miami-Fort Lauderdale,Palm Beach,,,,,1350.0,1350.0,1250.0,1299.0,1300.0,1300.0,1350.0,1300.0,1272.5,1250.0,1250.0,1295.0,1300.0,1350.0,1305.0,1295.0,1199.0,1250.0,1275.0,1300.0,1300.0,1262.5,1250.0,1305.0,1350.0,1327.5,1352.0,1350.0,1350.0,1374.5,1400.0,1400.0,1430.5,1412.5,1400.0,1513.0,1600.0,1500.0,1450.0,1400.0,1550.0,1517.5,1460.0,1450.0,1487.5,1500.0,1500.0,1459.0,1400.0,1462.5,1450.0,1499.0,1600.0,1590.0,1550.0,1550.0,1530.0,1550.0,1620.0,1636.0,1600.0,1600.0,1590.0,1535.0,1612.0,1589.0,1570.0,1624.5,1600.0,1590.0,1644.0,1594.0,1680.0,1717.5,1772.5,1750.0,1750.0,1758.0,1699.0,1695.0,1750.0,1801.0,1770.0,1715.0,1700.0,1797.5,1775.5
33175,Tamiami,FL,Miami-Fort Lauderdale,Miami-Dade,,,,,,,,,,,,,,,,,,,,,,,,,,,,,,,,,,,,,,,,,,,,,,,,,,,,,,,,,,,,,,,,,,,,,,,,,,,,,,,1560.5,1541.0,1516.0,1526.5,1543.5,1467.5,1453.0,1478.0,1500.0,1500.0,1500.0,1600.0,1537.0
33446,Delray Beach,FL,Miami-Fort Lauderdale,Palm Beach,,,,,,,,,,,,,,,,,,,,,,,,,,,,,,,,,,,,,,,,,,,,,,,,,,,,,,,,,,,,,,,,,,,,,,,,,,,,1525.0,1500.0,1450.0,1450.0,1475.0,1500.0,1400.0,1600.0,1797.5,1800.0,1810.0,1837.5,1697.5,1425.0,1400.0,1450.0
33461,Palm Springs,FL,Miami-Fort Lauderdale,Palm Beach,,,,,,,,,,,,,,,,,,,,,,,,,,,,,,,,,,,,,,,,,,,,,,,,,,,,,,,,,,,,,,,,,,,,,,,,,,,1250.0,1100.0,1200.0,1187.5,1275.0,1200.0,1200.0,1200.0,1200.0,1240.0,1200.0,1275.0,1200.0,1250.0,1250.0,1250.0,1200.0
33130,Miami,FL,Miami-Fort Lauderdale,Miami-Dade,,,,,,,,,,,,,2244.0,2244.0,2250.0,2200.0,2200.0,2200.0,2200.0,2200.0,2290.0,2300.0,2300.0,2300.0,2350.0,2300.0,2300.0,2300.0,2300.0,2350.0,2350.0,2350.0,2400.0,2450.0,2445.0,2450.0,2500.0,2500.0,2450.0,2500.0,2450.0,2450.0,2450.0,2450.0,2495.0,2499.0,2500.0,2400.0,2500.0,2500.0,2495.0,2400.0,2400.0,2500.0,2500.0,2650.0,2700.0,2700.0,2750.0,2700.5,2700.0,2650.0,2600.0,2600.0,2600.0,2600.0,2600.0,2600.0,2600.0,2600.0,2600.0,2550.0,2595.0,2500.0,2550.0,2500.0,2600.0,2600.0,2600.0,2600.0,2600.0,2650.0,2695.0,2700.0,2700.0,2614.0,2600.0,2609.0,2614.0,2798.0,2737.5
33445,Delray Beach,FL,Miami-Fort Lauderdale,Palm Beach,,,,,1100.0,950.0,1000.0,1050.0,1125.0,1195.0,1150.0,1150.0,1100.0,1150.0,1150.0,1150.0,1185.0,1150.0,1191.0,1200.0,1190.5,1200.0,1200.0,1200.0,1275.0,1297.5,1289.0,1275.0,1250.0,1250.0,1200.0,1200.0,1250.0,1250.0,1300.0,1350.0,1317.5,1350.0,1350.0,1350.0,1350.0,1350.0,1350.0,1300.0,1280.5,1296.0,1310.0,1302.5,1330.0,1390.0,1390.0,1350.0,1350.0,1300.0,1300.0,1350.0,1360.0,1400.0,1400.0,1450.0,1400.0,1400.0,1400.0,1350.0,1350.0,1412.5,1400.0,1400.0,1400.0,1375.0,1400.0,1400.0,1455.0,1400.0,1400.0,1465.0,1400.0,1400.0,1450.0,1400.0,1450.0,1450.0,1425.0,1500.0,1500.0,1532.0,1560.0,1500.0,1500.0,1500.0,1592.0
33196,The Hammocks,FL,Miami-Fort Lauderdale,Miami-Dade,,,,,,1200.0,1200.0,1200.0,1200.0,1200.0,1200.0,1200.0,1200.0,1200.0,1250.0,1250.0,1200.0,1250.0,1250.0,1250.0,1260.0,1285.0,1300.0,1295.0,1250.0,1280.0,1275.0,1300.0,1275.0,1250.0,1250.0,1250.0,1350.0,1350.0,1300.0,1300.0,1275.0,1300.0,1300.0,1300.0,1300.0,1300.0,1300.0,1300.0,1305.0,1337.5,1350.0,1350.0,1350.0,1350.0,1387.5,1400.0,1400.0,1400.0,1400.0,1400.0,1400.0,1400.0,1400.0,1400.0,1450.0,1450.0,1475.0,1500.0,1500.0,1500.0,1500.0,1500.0,1500.0,1500.0,1525.0,1500.0,1500.0,1548.0,1500.0,1500.0,1516.0,1500.0,1537.5,1550.0,1550.0,1550.0,1550.0,1500.0,1500.0,1500.0,1500.0,1500.0,1512.5,1550.0,1600.0
33410,Palm Beach Gardens,FL,Miami-Fort Lauderdale,Palm Beach,,,,,,,,,,,,,,,,,,,,,,,,,,,,,,,,,,,,,,,1600.0,1650.0,1650.0,1560.0,1475.0,1400.0,1497.5,1450.0,1450.0,1500.0,1500.0,1475.0,1464.0,1582.5,1462.5,1495.0,1450.0,1452.5,1450.0,1490.0,1450.0,1495.0,1500.0,1550.0,1658.0,1626.0,1600.0,1590.0,1575.0,1521.5,1550.0,1550.0,1525.0,1550.0,1556.0,1600.0,1643.5,1572.0,1581.0,1600.0,1600.0,1650.0,1568.0,1583.0,1615.0,1650.0,1650.0,1650.0,1650.0,1727.5,1619.0,1695.0,1675.0
33417,Century Village,FL,Miami-Fort Lauderdale,Palm Beach,,,,,,,,,950.0,925.0,950.0,917.5,925.0,950.0,900.0,900.0,875.0,872.0,900.0,949.5,950.0,920.0,900.0,900.0,900.0,900.0,900.0,900.0,950.0,950.0,997.5,950.0,1000.0,1000.0,1000.0,1000.0,1000.0,1000.0,990.0,990.0,995.0,993.0,995.0,995.0,1002.0,1090.0,1037.5,1000.0,1000.0,1050.0,1050.0,1050.0,1050.0,1060.0,1100.0,1100.0,1150.0,1100.0,1140.0,1117.5,1142.5,1199.0,1100.0,1100.0,1100.0,1150.0,1150.0,1175.0,1200.0,1219.0,1209.5,1237.5,1199.0,1200.0,1219.0,1199.5,1200.0,1200.0,1200.0,1200.0,1200.0,1200.0,1200.0,1205.0,1200.0,1200.0,1250.0,1250.0,1250.0,1250.0,1250.0
33484,Delray Beach,FL,Miami-Fort Lauderdale,Palm Beach,,,,,,,,,,,,,,,,,,,,,,,,,,,,,,,,,,,,,,,,,,,,,,,,,,,,,,,,,,,,,,,,,,,,,,,,,,,,,1400.0,1400.0,1395.0,1350.0,1399.0,1495.0,1501.5,1585.0,1565.0,1400.0,1500.0,1500.0,1375.0,1350.0,1350.0
33016,Hialeah,FL,Miami-Fort Lauderdale,Miami-Dade,,,,,,,,,,,,,,,,,,,,,,,,,,,,,,,,,,,,,,,,,,,,,,,,,,,,,,,,,,,,,,,,,,,,,,,,,,,,,1400.0,1450.0,1450.0,1450.0,1499.5,1462.5,1500.0,1500.0,1500.0,1600.0,1500.0,1500.0,1497.5,1495.0,1480.0
33428,Boca Raton,FL,Miami-Fort Lauderdale,Palm Beach,,,,,,,,,1100.0,1062.5,1100.0,1100.0,1087.5,1150.0,1200.0,1165.0,1170.0,1150.0,1248.0,1300.0,1246.0,1207.0,1212.5,1266.0,1275.0,1266.0,1275.0,1231.5,1275.0,1250.0,1297.0,1250.0,1250.0,1250.0,1300.0,1300.0,1250.0,1282.5,1300.0,1297.5,1285.0,1250.0,1250.0,1250.0,1300.0,1250.0,1250.0,1250.0,1300.0,1332.5,1340.0,1350.0,1312.5,1325.0,1395.0,1395.0,1350.0,1350.0,1350.0,1350.0,1350.0,1350.0,1400.0,1415.0,1405.0,1410.0,1450.0,1450.0,1350.0,1380.0,1400.0,1450.0,1450.0,1300.0,1375.0,1300.0,1350.0,1450.0,1400.0,1400.0,1419.0,1450.0,1450.0,1450.0,1450.0,1400.0,1450.0,1450.0,1490.0,1500.0,1500.0
33172,Fountainbleau,FL,Miami-Fort Lauderdale,Miami-Dade,,,,,1200.0,1200.0,1200.0,1200.0,1212.5,1200.0,1250.0,1250.0,1250.0,1250.0,1200.0,1200.0,1249.5,1250.0,1250.0,1250.0,1275.0,1300.0,1300.0,1300.0,1300.0,1300.0,1300.0,1289.0,1295.0,1297.0,1300.0,1350.0,1350.0,1350.0,1312.5,1350.0,1350.0,1350.0,1350.0,1350.0,1350.0,1350.0,1350.0,1350.0,1362.5,1400.0,1400.0,1400.0,1400.0,1450.0,1475.0,1450.0,1450.0,1400.0,1450.0,1487.5,1500.0,1500.0,1500.0,1500.0,1500.0,1500.0,1525.0,1500.0,1547.5,1550.0,1500.0,1550.0,1500.0,1512.5,1500.0,1575.0,1500.0,1550.0,1600.0,1550.0,1597.5,1600.0,1600.0,1600.0,1690.0,1650.0,1600.0,1650.0,1600.0,1600.0,1600.0,1600.0,1600.0,1600.0,1625.0
33131,Miami,FL,Miami-Fort Lauderdale,Miami-Dade,2500.0,2462.5,2462.5,2590.0,2500.0,2425.0,2350.0,2400.0,2500.0,2500.0,2500.0,2600.0,2550.0,2700.0,2700.0,2700.0,2600.0,2600.0,2600.0,2650.0,2650.0,2700.0,2700.0,2750.0,2900.0,2790.0,2750.0,2600.0,2650.0,2700.0,2800.0,2800.0,2725.0,2700.0,2700.0,2750.0,2800.0,2800.0,2700.0,2700.0,2800.0,2700.0,2700.0,2700.0,2850.0,2850.0,2850.0,2900.0,2925.0,2875.0,2800.0,2800.0,2800.0,2800.0,2850.0,2800.0,2885.0,2820.0,3000.0,2950.0,2900.0,2900.0,2850.0,2850.0,2900.0,2950.0,2950.0,2850.0,2800.0,2950.0,2850.0,2900.0,3000.0,2800.0,2950.0,2900.0,2900.0,2868.0,2900.0,2900.0,2850.0,2866.5,2904.0,2958.0,2900.0,2875.0,2850.0,2890.0,2900.0,2850.0,2850.0
33155,Coral Terrace,FL,Miami-Fort Lauderdale,Miami-Dade,,,,,,1500.0,1550.0,1500.0,1550.0,1500.0,1500.0,1500.0,1500.0,1500.0,1450.0,1500.0,1500.0,1495.0,1400.0,1450.0,1500.0,1500.0,1550.0,1550.0,1500.0,1600.0,1600.0,1600.0,1550.0,1450.0,1550.0,1548.0,1650.0,1700.0,1800.0,1800.0,1787.5,1800.0,1737.5,1753.0,1695.0,1700.0,1750.0,1750.0,2000.0,1975.0,1812.5,1825.0,1972.5,1875.0,1850.0,1850.0,1850.0,1850.0,1850.0,1900.0,1825.0,1847.5,1850.0,1850.0,1850.0,1815.0,1870.0,1990.0,1987.0,1900.0,1900.0,2000.0,2000.0,1900.0,1875.0,1850.0,1850.0,1800.0,1925.0,1900.0,1900.0,1900.0,2100.0,2110.0,2000.0,1950.0,1950.0,1875.0,1875.5,1945.0,1975.0,1965.0,1967.5,1980.0,1900.0
33193,Kendall West,FL,Miami-Fort Lauderdale,Miami-Dade,,,,,,1150.0,1150.0,1150.0,1125.0,1150.0,1150.0,1150.0,1150.0,1160.0,1150.0,1150.0,1150.0,1150.0,1200.0,1200.0,1200.0,1195.0,1175.0,1162.5,1200.0,1200.0,1200.0,1200.0,1200.0,1200.0,1200.0,1200.0,1200.0,1215.0,1250.0,1235.0,1250.0,1250.0,1250.0,1250.0,1250.0,1250.0,1250.0,1250.0,1250.0,1250.0,1300.0,1300.0,1300.0,1300.0,1300.0,1300.0,1300.0,1300.0,1300.0,1300.0,1300.0,1312.5,1350.0,1350.0,1350.0,1350.0,1325.0,1350.0,1350.0,1350.0,1375.0,1300.0,1350.0,1350.0,1350.0,1400.0,1412.5,1350.0,1400.0,1449.0,1400.0,1400.0,1437.5,1400.0,1400.0,1450.0,1450.0,1450.0,1450.0,1450.0,1450.0,1450.0,1450.0,1450.0,1450.0
33014,Hialeah,FL,Miami-Fort Lauderdale,Miami-Dade,,,,,,,,,,,,,,,,,,,,,,,,,,,,,,,,,,,,,,,,,,,,,,,,,,,,,,,,,,,,,,,,,,,,,,,,,,,,,1650.0,1697.5,1650.0,1650.0,1700.0,1695.0,1680.0,1650.0,1700.0,1750.0,1700.0,1700.0,1700.0,1700.0,1700.0
33401,West Palm Beach,FL,Miami-Fort Lauderdale,Palm Beach,,,,,,,1550.0,1500.0,1525.0,1525.0,1550.0,1550.0,1550.0,1550.0,1550.0,1500.0,1500.0,1550.0,1550.0,1500.0,1500.0,1550.0,1500.0,1500.0,1475.0,1475.0,1387.5,1400.0,1300.0,1350.0,1400.0,1400.0,1500.0,1500.0,1637.5,1550.0,1600.0,1700.0,1750.0,1795.0,1695.0,1685.0,1695.0,1650.0,1750.0,1791.0,1800.0,1800.0,1800.0,1750.0,1695.0,1750.0,1595.0,1550.0,1650.0,1650.0,1697.5,1800.0,1895.0,1863.0,1900.0,1950.0,1800.0,1875.0,1800.0,1750.0,1800.0,1900.0,1850.0,1897.0,1840.0,1825.0,1800.0,1897.0,1900.0,1682.0,1844.0,1836.0,1797.0,1927.0,1950.0,1950.0,1950.0,1920.5,1950.0,1949.0,1950.0,1800.0,1800.0,1800.0,1837.5
33133,Miami,FL,Miami-Fort Lauderdale,Miami-Dade,2200.0,2050.0,2200.0,2290.0,2150.0,2300.0,2200.0,2050.0,2100.0,2375.0,2500.0,2500.0,2325.0,2362.5,2300.0,2050.0,2000.0,2150.0,2000.0,1900.0,2050.0,2100.0,2200.0,2200.0,2200.0,2400.0,2300.0,2200.0,2450.0,2500.0,2400.0,2200.0,2200.0,2290.0,2350.0,2300.0,2500.0,2300.0,2299.0,2400.0,2300.0,2300.0,2390.0,2300.0,2390.0,2397.5,2500.0,2450.0,2325.0,2350.0,2395.0,2300.0,2197.5,2200.0,2300.0,2350.0,2400.0,2325.0,2390.0,2650.0,2600.0,2500.0,2500.0,2662.0,2300.0,2340.0,2390.0,2460.0,2460.0,2457.5,2390.0,2460.0,2749.0,2500.0,2450.0,2500.0,2285.0,2275.0,2300.0,2400.0,2541.0,2600.0,2500.0,2450.0,2390.0,2390.0,2392.5,2400.0,2467.5,2406.0,2400.0
33135,Miami,FL,Miami-Fort Lauderdale,Miami-Dade,,,,,,,,,,,,,,,,,,,,,,,,,,,,,,,,,,,,,,,,,,,,,,,,,,,,,,,,,,,,,,,,,,,,,,,,,,,,,1650.0,1600.0,1600.0,1650.0,1700.0,1700.0,1700.0,1650.0,1890.0,1950.0,1899.0,1800.0,1800.0,1980.0,1841.5
33309,Oakland Park,FL,Miami-Fort Lauderdale,Broward,,,,,1050.0,1037.5,1050.0,1100.0,1099.5,1100.0,1100.0,1100.0,1090.0,1100.0,1100.0,1100.0,1100.0,1100.0,1150.0,1150.0,1150.0,1150.0,1100.0,1150.0,1150.0,1150.0,1150.0,1135.0,1150.0,1150.0,1150.0,1150.0,1150.0,1150.0,1150.0,1190.0,1198.5,1172.5,1150.0,1200.0,1200.0,1200.0,1200.0,1200.0,1200.0,1200.0,1200.0,1250.0,1200.0,1200.0,1200.0,1200.0,1200.0,1200.0,1250.0,1250.0,1275.0,1275.0,1250.0,1300.0,1300.0,1300.0,1250.0,1250.0,1300.0,1300.0,1300.0,1275.0,1290.0,1250.0,1300.0,1275.0,1300.0,1300.0,1250.0,1275.0,1300.0,1325.0,1350.0,1350.0,1350.0,1375.0,1375.0,1375.0,1390.0,1400.0,1399.5,1395.0,1370.0,1395.0,1400.0
33060,Pompano Beach,FL,Miami-Fort Lauderdale,Broward,,,,,,,,,,,,,,,,,,,,,,,,,,,,,,,,,,,,,,,,,,,,,,,,,,,,,,,,,,,,,,,,,,,,,,,,,,,1262.5,1200.0,1295.0,1300.0,1300.0,1295.0,1250.0,1300.0,1300.0,1287.5,1300.0,1275.0,1250.0,1250.0,1250.0,1300.0,1350.0
33140,Miami Beach,FL,Miami-Fort Lauderdale,Miami-Dade,2947.5,2892.0,3000.0,3000.0,2750.0,2600.0,2500.0,2500.0,2500.0,2500.0,2500.0,2658.0,2700.0,2774.0,2800.0,2800.0,2800.0,2725.0,2650.0,2700.0,2800.0,2800.0,2650.0,2500.0,2600.0,2800.0,2900.0,3000.0,2950.0,2950.0,3000.0,2700.0,2800.0,2737.5,2600.0,2600.0,2700.0,2600.0,2600.0,2600.0,2750.0,2750.0,2800.0,2750.0,2900.0,2750.0,2800.0,2700.0,2750.0,2800.0,2900.0,3000.0,2950.0,3200.0,3100.0,3200.0,3100.0,3200.0,3000.0,3000.0,3000.0,3000.0,3100.0,3200.0,3100.0,3000.0,2850.0,2800.0,2900.0,2850.0,2850.0,2537.0,2599.5,2700.0,3000.0,2595.0,2600.0,2585.0,2925.0,2887.5,3050.0,3000.0,2950.0,3000.0,3000.0,2999.0,2950.0,2950.0,2890.0,2895.0,2962.5
33404,Riviera Beach,FL,Miami-Fort Lauderdale,Palm Beach,,,,,,,,,,,,,,,,,,,,,,,,,,,,,,,,,,,,,,,,,,,1982.5,1950.0,2300.0,2350.0,2400.0,2400.0,2500.0,2425.0,2300.0,2399.0,2800.0,2800.0,2500.0,2500.0,2663.5,2725.0,2800.0,2500.0,2850.0,2800.0,2850.0,2800.0,2700.0,2500.0,2500.0,2500.0,2475.0,2600.0,2200.0,2575.0,2350.0,2300.0,2600.0,2350.0,2600.0,2500.0,2500.0,2525.0,2500.0,2750.0,2950.0,3100.0,3200.0,3297.5,3000.0,3000.0,2995.0,2995.0,2675.0
33169,Miami Gardens,FL,Miami-Fort Lauderdale,Miami-Dade,,,,,,,,,,,,,,,,,,,,,,,,,,,,,,,,,,,,,,,,,,,,,,,,,,,,,,,,,,,,,,,,,,,,,,,,,,,,,,1350.0,1350.0,1350.0,1400.0,1350.0,1350.0,1350.0,1350.0,1350.0,1350.0,1350.0,1325.0,1350.0,1400.0
33162,North Miami Beach,FL,Miami-Fort Lauderdale,Miami-Dade,,,,,,,,,,,,,,,,,,,,,,,,,,,,,,,,,,,,,,,,,,,,,,,,,,,,,,,,,,,,,,,,,,,,,,,,,,,,,1387.5,1395.0,1412.5,1450.0,1450.0,1400.0,1450.0,1400.0,1362.5,1400.0,1400.0,1350.0,1350.0,1337.5,1300.0
33071,Coral Springs,FL,Miami-Fort Lauderdale,Broward,,,,,,1100.0,1100.0,1150.0,1100.0,1150.0,1150.0,1190.0,1112.5,1150.0,1172.0,1185.0,1172.5,1195.0,1209.0,1250.0,1200.0,1200.0,1200.0,1200.0,1195.0,1200.0,1200.0,1200.0,1180.0,1200.0,1200.0,1200.0,1200.0,1200.0,1200.0,1200.0,1200.0,1200.0,1200.0,1200.0,1200.0,1200.0,1200.0,1200.0,1200.0,1200.0,1200.0,1200.0,1200.0,1200.0,1200.0,1200.0,1200.0,1225.0,1250.0,1250.0,1250.0,1250.0,1275.0,1282.5,1275.0,1300.0,1300.0,1300.0,1300.0,1300.0,1300.0,1300.0,1300.0,1350.0,1350.0,1325.0,1350.0,1350.0,1350.0,1345.0,1312.5,1325.0,1350.0,1350.0,1395.0,1395.0,1345.0,1350.0,1350.0,1350.0,1350.0,1350.0,1350.0,1350.0,1350.0
33143,Glenvar Heights,FL,Miami-Fort Lauderdale,Miami-Dade,,,,,,,,,,,,,,,,,,,,,,,,,,,,,,,,,,,,,,,,,,,,,,,,,,,,,,,,,,,,,,,,,,,,,,,,,,2400.0,2562.0,2725.0,2328.5,2200.0,2303.0,2350.0,2295.0,2300.0,2342.5,2300.0,2645.0,2645.0,2675.0,2657.5,2400.0,2458.0,2400.0
33334,Oakland Park,FL,Miami-Fort Lauderdale,Broward,,,,,,,,,,,,1162.5,1150.0,1082.5,1075.0,1100.0,1200.0,1200.0,1175.0,1275.0,1300.0,1275.0,1250.0,1300.0,1197.5,1200.0,1200.0,1100.0,1200.0,1250.0,1300.0,1300.0,1200.0,1200.0,1200.0,1200.0,1200.0,1150.0,1150.0,1195.0,1200.0,1300.0,1250.0,1250.0,1200.0,1200.0,1200.0,1150.0,1175.0,1250.0,1250.0,1250.0,1250.0,1250.0,1275.0,1345.0,1385.0,1300.0,1275.0,1240.0,1240.0,1250.0,1295.0,1265.0,1250.0,1295.0,1300.0,1295.0,1312.5,1350.0,1300.0,1395.0,1300.0,1350.0,1300.0,1325.0,1300.0,1300.0,1350.0,1450.0,1497.5,1450.0,1400.0,1350.0,1385.0,1317.5,1315.0,1300.0,1350.0,1325.0,1372.5
33460,Lake Worth,FL,Miami-Fort Lauderdale,Palm Beach,,,,,,,,,,,,,,,,,,,,,,,,,,,,,,,,,,,,,,,,,,,,,,,,,,,,,,,,,,,,,,,,,,,,,,,,,,,,,1270.0,1325.0,1290.0,1257.5,1265.0,1350.0,1300.0,1299.5,1294.5,1315.0,1300.0,1299.0,1325.0,1400.0,1400.0
33351,Sunrise,FL,Miami-Fort Lauderdale,Broward,,,,,,1097.5,1095.0,1050.0,1100.0,1100.0,1100.0,1100.0,1100.0,1100.0,1100.0,1100.0,1100.0,1100.0,1112.5,1100.0,1100.0,1100.0,1100.0,1112.5,1100.0,1100.0,1100.0,1100.0,1100.0,1100.0,1137.5,1125.0,1150.0,1150.0,1150.0,1150.0,1137.5,1150.0,1150.0,1190.0,1195.0,1200.0,1200.0,1200.0,1175.0,1200.0,1200.0,1200.0,1200.0,1200.0,1250.0,1250.0,1200.0,1250.0,1250.0,1250.0,1277.5,1287.5,1250.0,1295.0,1295.0,1250.0,1300.0,1300.0,1300.0,1300.0,1300.0,1300.0,1350.0,1397.5,1350.0,1350.0,1300.0,1337.5,1350.0,1300.0,1375.0,1395.0,1400.0,1350.0,1362.5,1391.5,1395.0,1400.0,1382.0,1350.0,1350.0,1350.0,1399.0,1385.0,1400.0
33317,Plantation,FL,Miami-Fort Lauderdale,Broward,,,,,,,,,,,,,,,,,,,,,,,,,,,,,,,,,,,,,,,,,,,,,,,,,,,,,,,,,,,,,,,,,,,,,,,,,,,,,1375.0,1400.0,1400.0,1350.0,1372.5,1362.5,1400.0,1450.0,1400.0,1400.0,1400.0,1400.0,1400.0,1362.5,1400.0
33069,Pompano Beach,FL,Miami-Fort Lauderdale,Broward,,,,,1100.0,1100.0,1100.0,1100.0,1100.0,1125.0,1135.0,1150.0,1150.0,1150.0,1150.0,1150.0,1100.0,1150.0,1150.0,1150.0,1150.0,1150.0,1150.0,1175.0,1150.0,1200.0,1150.0,1150.0,1100.0,1100.0,1100.0,1100.0,1150.0,1150.0,1150.0,1100.0,1150.0,1200.0,1200.0,1200.0,1200.0,1200.0,1175.0,1197.0,1150.0,1150.0,1150.0,1200.0,1200.0,1200.0,1200.0,1162.5,1200.0,1200.0,1250.0,1295.0,1300.0,1300.0,1292.5,1275.0,1250.0,1262.5,1250.0,1250.0,1292.5,1300.0,1300.0,1325.0,1300.0,1300.0,1300.0,1299.0,1300.0,1399.5,1300.0,1300.0,1337.5,1300.0,1350.0,1350.0,1350.0,1375.0,1400.0,1375.0,1400.0,1400.0,1362.5,1350.0,1375.0,1350.0,1400.0
33441,Deerfield Beach,FL,Miami-Fort Lauderdale,Broward,,,,,,,,,,,,,,,,,,,,,,,,,,,,,,,,,,,1300.0,1450.0,1600.0,1662.5,1800.0,1770.0,1500.0,1420.0,1450.0,1500.0,1400.0,1400.0,1400.0,1550.0,1440.0,1440.0,1595.0,1500.0,1595.0,1500.0,1600.0,1695.0,1650.0,1625.0,1450.0,1495.0,1550.0,1600.0,1500.0,1500.0,1412.5,1400.0,1375.0,1500.0,1500.0,1440.0,1375.0,1325.0,1400.0,1350.0,1400.0,1495.0,1420.0,1440.0,1500.0,1500.0,1500.0,1500.0,1600.0,1525.0,1600.0,1450.0,1450.0,1512.5,1500.0,1470.0,1500.0
33138,Miami,FL,Miami-Fort Lauderdale,Miami-Dade,,,,,1650.0,1650.0,1695.0,1600.0,1725.0,1700.0,1687.5,1600.0,1675.0,1650.0,1700.0,1737.5,1750.0,1750.0,1750.0,1800.0,1850.0,1887.5,1800.0,1750.0,1750.0,1800.0,1850.0,1795.0,1737.5,1850.0,1850.0,1800.0,1900.0,1900.0,1900.0,1875.0,1875.0,1895.0,1895.0,1950.0,1900.0,1950.0,2000.0,2000.0,2000.0,1950.0,1950.0,1925.0,2000.0,2112.5,2100.0,2100.0,2000.0,2100.0,2300.0,2400.0,2395.0,2300.0,2250.0,2100.0,2200.0,2200.0,2200.0,2200.0,2125.0,2150.0,2250.0,2200.0,2150.0,2175.0,2150.0,2395.0,2200.0,2100.0,2200.0,2200.0,2200.0,2200.0,2200.0,2200.0,2400.0,2282.5,2242.5,2215.0,2300.0,2200.0,2175.0,2150.0,2175.0,2195.0,2150.0
33326,Weston,FL,Miami-Fort Lauderdale,Broward,,,,,1350.0,1325.0,1300.0,1345.0,1350.0,1380.0,1400.0,1350.0,1350.0,1350.0,1350.0,1365.0,1380.0,1380.0,1350.0,1350.0,1400.0,1400.0,1400.0,1400.0,1400.0,1400.0,1400.0,1400.0,1450.0,1450.0,1440.0,1400.0,1425.0,1440.0,1440.0,1450.0,1450.0,1450.0,1450.0,1450.0,1450.0,1450.0,1450.0,1450.0,1450.0,1475.0,1500.0,1500.0,1500.0,1500.0,1550.0,1500.0,1500.0,1499.0,1500.0,1500.0,1500.0,1550.0,1550.0,1575.0,1600.0,1600.0,1600.0,1600.0,1600.0,1600.0,1600.0,1600.0,1600.0,1600.0,1600.0,1600.0,1550.0,1587.5,1637.5,1600.0,1650.0,1650.0,1650.0,1650.0,1650.0,1675.0,1675.0,1675.0,1650.0,1650.0,1650.0,1650.0,1650.0,1650.0,1650.0
33156,Pinecrest,FL,Miami-Fort Lauderdale,Miami-Dade,,,,,,,,,,,,,,,,,,,,,,,,,,,,,,,,,,,,,,,,,,,,,,,,,,,,,,,,,,,,,,,,,,,,,,,,,,,,2150.0,2250.0,2250.0,2200.0,2175.0,2200.0,2150.0,2000.0,1989.0,1976.0,1890.0,2100.0,2006.0,2100.0,2300.0,2300.0
33183,Kendale Lakes,FL,Miami-Fort Lauderdale,Miami-Dade,,,,,,1237.5,1200.0,1250.0,1300.0,1299.5,1250.0,1299.5,1250.0,1280.0,1200.0,1200.0,1200.0,1200.0,1200.0,1250.0,1250.0,1250.0,1297.5,1300.0,1300.0,1300.0,1250.0,1250.0,1250.0,1250.0,1250.0,1285.0,1300.0,1350.0,1300.0,1350.0,1350.0,1350.0,1350.0,1300.0,1300.0,1300.0,1300.0,1300.0,1300.0,1350.0,1350.0,1387.5,1375.0,1350.0,1350.0,1350.0,1350.0,1350.0,1350.0,1397.5,1400.0,1400.0,1400.0,1400.0,1400.0,1400.0,1450.0,1425.0,1437.5,1425.0,1400.0,1400.0,1400.0,1400.0,1430.0,1500.0,1400.0,1400.0,1400.0,1400.0,1450.0,1500.0,1500.0,1500.0,1500.0,1500.0,1500.0,1500.0,1450.0,1450.0,1460.0,1500.0,1450.0,1487.5,1500.0
33409,West Palm Beach,FL,Miami-Fort Lauderdale,Palm Beach,,,,,,,,,950.0,980.0,999.0,1000.0,992.0,995.0,982.5,989.0,999.0,1000.0,1000.0,1000.0,1000.0,1000.0,992.0,999.5,1000.0,1000.0,1000.0,1000.0,1000.0,1000.0,1000.0,1000.0,1000.5,1000.0,1020.0,1047.5,1000.0,1095.0,1075.0,1080.0,1100.0,1100.0,1100.0,1100.0,1100.0,1100.0,1150.0,1150.0,1150.0,1150.0,1150.0,1150.0,1150.0,1150.0,1175.0,1200.0,1200.0,1250.0,1200.0,1225.0,1300.0,1250.0,1300.0,1300.0,1295.0,1275.0,1300.0,1339.0,1250.0,1250.0,1295.0,1295.0,1300.0,1250.0,1300.0,1250.0,1300.0,1300.0,1313.0,1325.0,1318.0,1350.0,1375.0,1350.0,1350.0,1350.0,1350.0,1350.0,1300.0,1325.0,1350.0
33407,West Palm Beach,FL,Miami-Fort Lauderdale,Palm Beach,,,,,,,,,,,,,,,,,,,,,,,,,,,,,,,,1150.0,1150.0,1150.0,1175.0,1100.0,1200.0,1200.0,1200.0,1200.0,1200.0,1200.0,1200.0,1200.0,1200.0,1200.0,1212.5,1250.0,1250.0,1250.0,1250.0,1250.0,1250.0,1250.0,1250.0,1350.0,1350.0,1357.5,1400.0,1350.0,1300.0,1295.0,1300.0,1350.0,1350.0,1400.0,1400.0,1400.0,1400.0,1400.0,1350.0,1400.0,1350.0,1350.0,1325.0,1297.5,1350.0,1400.0,1375.0,1400.0,1400.0,1395.0,1400.0,1400.0,1400.0,1400.0,1397.5,1437.5,1400.0,1400.0,1400.0
33173,Kendall,FL,Miami-Fort Lauderdale,Miami-Dade,,,,,,,,,,,,,,,,,,,,,,,,,,,,,,,,,,,,,,,,,,,,,,,,,,,,,,,,,,,,,,,,,,,,,,,,,,,,,1672.5,1650.0,1600.0,1550.0,1587.5,1550.0,1600.0,1600.0,1595.0,1600.0,1600.0,1600.0,1625.0,1600.0,1600.0
33073,Coconut Creek,FL,Miami-Fort Lauderdale,Broward,,,,,,,,,,1250.0,1225.0,1250.0,1237.5,1200.0,1200.0,1200.0,1200.0,1200.0,1245.0,1250.0,1250.0,1250.0,1265.0,1255.0,1250.0,1250.0,1272.0,1280.0,1275.0,1250.0,1272.0,1260.0,1250.0,1250.0,1300.0,1300.0,1300.0,1300.0,1275.0,1295.0,1295.0,1300.0,1300.0,1300.0,1300.0,1300.0,1300.0,1300.0,1300.0,1350.0,1300.0,1350.0,1350.0,1350.0,1350.0,1353.0,1396.0,1367.5,1395.0,1400.0,1400.0,1450.0,1450.0,1445.0,1482.0,1450.0,1450.0,1437.5,1450.0,1450.0,1550.0,1550.0,1550.0,1471.0,1475.0,1500.0,1550.0,1550.0,1645.5,1638.0,1631.0,1594.0,1633.0,1604.0,1624.0,1829.0,1695.0,1680.0,1730.0,1810.0,1775.0
33026,Pembroke Pines,FL,Miami-Fort Lauderdale,Broward,,,,,,1200.0,1175.0,1175.0,1200.0,1250.0,1297.5,1287.5,1275.0,1265.0,1250.0,1250.0,1200.0,1200.0,1237.5,1250.0,1212.5,1250.0,1250.0,1275.0,1250.0,1219.5,1282.5,1250.0,1250.0,1300.0,1300.0,1300.0,1300.0,1300.0,1300.0,1300.0,1300.0,1350.0,1375.0,1350.0,1350.0,1375.0,1390.0,1399.0,1375.0,1389.5,1390.0,1400.0,1400.0,1400.0,1400.0,1400.0,1400.0,1439.0,1400.0,1394.5,1400.0,1400.0,1450.0,1450.0,1450.0,1419.5,1562.5,1595.0,1514.0,1500.0,1450.0,1500.0,1450.0,1485.0,1450.0,1450.0,1500.0,1450.0,1450.0,1450.0,1500.0,1500.0,1500.0,1500.0,1500.0,1500.0,1500.0,1589.0,1562.5,1597.5,1550.0,1535.0,1575.0,1600.0,1595.0
33426,Boynton Beach,FL,Miami-Fort Lauderdale,Palm Beach,,,,,,,,,1250.0,1200.0,1175.0,1200.0,1200.0,1185.0,1136.0,1185.0,1200.0,1200.0,1175.0,1162.5,1210.0,1197.5,1183.5,1170.0,1199.5,1185.0,1195.0,1212.5,1200.0,1200.0,1200.0,1200.0,1200.0,1200.0,1230.0,1230.0,1250.0,1275.0,1300.0,1300.0,1300.0,1350.0,1350.0,1350.0,1350.0,1300.0,1350.0,1349.0,1350.0,1350.0,1350.0,1350.0,1350.0,1380.0,1400.0,1432.5,1425.0,1450.0,1425.0,1468.0,1400.0,1450.0,1481.0,1500.0,1500.0,1500.0,1500.0,1500.0,1500.0,1416.0,1450.0,1450.0,1449.0,1500.0,1475.0,1450.0,1460.0,1500.0,1450.0,1493.0,1500.0,1479.0,1496.0,1496.0,1488.0,1450.0,1475.0,1500.0,1500.0,1500.0,1550.0
33137,Miami,FL,Miami-Fort Lauderdale,Miami-Dade,,,,,1855.0,1850.0,1860.0,1925.0,1950.0,1925.0,2000.0,1975.0,1975.0,1975.0,1975.0,1962.5,2100.0,2200.0,2300.0,2200.0,2250.0,2200.0,2250.0,2300.0,2300.0,2350.0,2300.0,2300.0,2350.0,2300.0,2400.0,2400.0,2499.0,2500.0,2500.0,2500.0,2550.0,2565.0,2600.0,2600.0,2500.0,2500.0,2500.0,2500.0,2582.5,2500.0,2450.0,2500.0,2500.0,2505.0,2500.0,2500.0,2500.0,2600.0,2600.0,2600.0,2550.0,2700.0,2750.0,2750.0,2800.0,2800.0,2900.0,2950.0,2900.0,2900.0,2900.0,2800.0,2737.5,2800.0,2650.0,2762.5,2700.0,2700.0,2700.0,2700.0,2700.0,2721.5,2800.0,2850.0,2850.0,2846.0,2800.0,2900.0,2900.0,2900.0,2850.0,2800.0,2800.0,2865.0,2900.0
33304,Fort Lauderdale,FL,Miami-Fort Lauderdale,Broward,,,,,,,,,,,,,,,,,,,,,,,,,1700.0,1600.0,1600.0,1570.0,1732.0,1732.0,1900.0,1950.0,1800.0,1700.0,1700.0,1650.0,1550.0,1500.0,1500.0,1500.0,1500.0,1500.0,1500.0,1500.0,1575.0,1550.0,1550.0,1500.0,1550.0,1800.0,1834.0,1750.0,1800.0,1750.0,1897.5,1800.0,1700.0,1800.0,1800.0,1675.0,1750.0,2000.0,2000.0,1900.0,1900.0,2000.0,2146.0,2174.5,2127.0,1941.0,1950.0,2105.0,2152.0,1854.0,1900.0,2026.0,2048.5,2018.5,2058.5,2065.0,2000.0,2071.0,2186.0,2250.0,2300.0,2000.0,2000.0,2000.0,2100.0,2115.0,2100.0
33487,Boca Raton,FL,Miami-Fort Lauderdale,Palm Beach,,,,,,,,,,,,,,,,,,,,,,,,,,,,,,,,,,,,,,,,,,,,,,,,,,,,,,,,,,,,,,,,,,,,,,,,,,,,,2400.0,2000.0,2300.0,2250.0,2239.0,2255.0,2267.0,2300.0,2326.0,2306.0,2397.5,2400.0,2386.0,2303.5,2280.5
33145,Miami,FL,Miami-Fort Lauderdale,Miami-Dade,,,,,1600.0,1650.0,1697.5,1700.0,1700.0,1700.0,1780.0,1780.0,1780.0,1750.0,1697.5,1700.0,1750.0,1700.0,1750.0,1750.0,1750.0,1799.0,1900.0,1895.0,1800.0,1800.0,1800.0,1800.0,1800.0,1800.0,1850.0,1850.0,1900.0,1900.0,1900.0,1950.0,1950.0,1950.0,1950.0,1997.5,2000.0,2000.0,2000.0,2000.0,2000.0,2000.0,2000.0,2000.0,2100.0,2000.0,2000.0,2000.0,2000.0,2100.0,2050.0,2050.0,2000.0,2000.0,2000.0,2037.5,2200.0,2200.0,2242.5,2150.0,2150.0,2200.0,2200.0,2150.0,2150.0,2205.0,2100.0,2000.0,2100.0,2000.0,2000.0,2000.0,2000.0,2000.0,1982.5,2000.0,2000.0,2200.0,2200.0,2200.0,2175.0,2100.0,2100.0,2100.0,2100.0,2100.0,2100.0
33408,North Palm Beach,FL,Miami-Fort Lauderdale,Palm Beach,,,,,,,,,,,,,,,,,,,,,,,,,,,,,,,,,,,,,,,,,,,,,,,,,,,,,,,,,,,,,,,,,,,,,,,,,,,,,,2200.0,2200.0,2044.5,2150.0,2200.0,2400.0,2400.0,2300.0,2300.0,2300.0,2500.0,2225.0,2225.0,2000.0
33496,Boca Raton,FL,Miami-Fort Lauderdale,Palm Beach,,,,,,,,,,,,,,,,,,,,,,,,,,,,,,,,,,,,,,,,,,,,,,,,,,,,,,,,,,,,,,,,,,,,,,,,,,,,,1799.5,1741.5,1904.5,2209.5,2216.0,2302.5,2350.0,2340.0,2412.0,2418.5,2373.5,2275.0,2191.5,2063.0,2322.0
33325,Davie,FL,Miami-Fort Lauderdale,Broward,,,,,,,,,,,,,,,,,,,,,,,,,,,,,,,,,,,,,,,,,,,,,,,,,,,,,,,,,,,,,,,,,,,,,,,,,,,1575.0,1543.0,1600.0,1600.0,1618.0,1600.0,1597.0,1600.0,1600.0,1650.0,1625.0,1560.0,1560.0,1599.5,1575.0,1622.5,1599.0
33301,Fort Lauderdale,FL,Miami-Fort Lauderdale,Broward,,,,,,,,,,,,,1950.0,2000.0,2000.0,2000.0,2000.0,1935.0,1950.0,2103.5,2150.0,2100.0,2200.0,2100.0,2000.0,2000.0,2002.0,2000.0,2000.0,2047.0,2000.0,2050.0,2100.0,2200.0,2100.0,2200.0,2250.0,2300.0,2100.0,2150.0,2270.0,2200.0,2150.0,2150.0,2270.0,2360.0,2350.0,2400.0,2375.0,2400.0,2350.0,2295.0,2300.0,2342.5,2300.0,2355.0,2335.0,2400.0,2375.0,2289.5,2187.0,2250.0,2400.0,2377.0,2430.0,2400.0,2622.5,2300.0,2300.0,2287.0,2107.0,2244.5,2400.0,2100.0,2250.0,2200.0,2347.5,2393.5,2346.5,2409.5,2400.0,2359.0,2600.0,2635.0,2530.0,2500.0,2500.0,2529.5,2500.0,2467.0,2450.0
33328,Davie,FL,Miami-Fort Lauderdale,Broward,,,,,,,,,,,,,,,,,,,,,,,,,,,,,,,,,,,,,,,,,,,,,,,,,,,,,,,,,,,,,,,,,,,,,,,,,,,,,1700.0,1750.0,1815.0,1806.5,1728.0,1675.0,1700.0,1728.0,1550.0,1550.0,1595.0,1600.0,1650.0,1650.0,1650.0
33066,Coconut Creek,FL,Miami-Fort Lauderdale,Broward,,,,,,,,,,,,,,,1100.0,1087.5,1000.0,1075.0,1100.0,1150.0,1100.0,1100.0,1150.0,1150.0,1151.0,1150.0,1171.5,1192.5,1150.0,1152.0,1150.0,1152.0,1200.0,1200.0,1200.0,1200.0,1250.0,1230.0,1200.0,1199.0,1199.0,1200.0,1200.0,1199.0,1200.0,1200.0,1225.0,1250.0,1270.0,1250.0,1248.0,1217.5,1250.0,1250.0,1250.0,1221.0,1240.5,1300.0,1286.0,1270.5,1250.0,1250.0,1250.0,1300.0,1300.0,1300.0,1275.5,1250.0,1300.0,1300.0,1300.0,1300.0,1309.5,1250.0,1298.0,1292.0,1293.0,1300.0,1300.0,1263.5,1310.5,1350.0,1401.5,1407.0,1350.0,1364.0,1401.0,1395.0,1395.0,1400.0,1400.0
33067,Coral Springs,FL,Miami-Fort Lauderdale,Broward,,,,,,,,,,,,,,,,,,,,,,,,,,,,,,,,,,,,,,,,,,,,,,,,,,,,,,,,,,,,,,,,,,,,,,,,,,,1450.0,1550.0,1500.0,1500.0,1512.0,1550.0,1550.0,1538.0,1550.0,1514.0,1503.0,1400.0,1400.0,1450.0,1500.0,1497.0,1500.0
33480,Palm Beach,FL,Miami-Fort Lauderdale,Palm Beach,,,,,,,,,,,,,,,,,,,,,,,,,,,,,,,,,,,,,,,,,,,,,,,,,,,,,,,,,,,,,,,,,,,,,,,,,,,,,,,,3850.0,3900.0,3900.0,3900.0,3825.0,3987.5,3750.0,3995.0,4500.0,4000.0,4000.0,3750.0
33444,Delray Beach,FL,Miami-Fort Lauderdale,Palm Beach,,,,,,,1300.0,1300.0,1300.0,1375.0,1400.0,1400.0,1400.0,1425.0,1400.0,1400.0,1497.5,1450.0,1500.0,1500.0,1400.0,1500.0,1500.0,1485.0,1475.0,1475.0,1500.0,1495.0,1450.0,1500.0,1500.0,1500.0,1525.0,1550.0,1506.0,1575.0,1750.0,1750.0,1575.0,1645.0,1750.0,1600.0,1577.5,1577.5,1600.0,1575.0,1537.5,1637.5,1625.0,1650.0,1700.0,1700.0,1750.0,1700.0,1685.0,1600.0,1597.5,1750.0,1775.0,1800.0,1800.0,1800.0,1925.0,1887.5,1975.0,1865.0,1832.5,1830.0,1600.0,1830.0,1830.0,1600.0,1700.0,1750.0,1750.0,1700.0,1784.0,1750.0,1772.5,1697.5,1650.0,1672.5,1700.0,1750.0,1748.0,1750.0,1775.0,1750.0,1774.0,1756.5,1700.0
33127,Miami,FL,Miami-Fort Lauderdale,Miami-Dade,,,,,,,,,,,,,,,,,,,,,,,,,,,,,,,,,,,,,,,,,,,,,,,,,,,,,,,,,,,,,,,,,,,,,,,,,,,,,,,,1600.0,1600.0,1712.5,1700.0,1780.0,1745.0,1662.5,1800.0,1800.0,1700.0,1699.5,1750.0
33166,Miami Springs,FL,Miami-Fort Lauderdale,Miami-Dade,,,,,,,,,,,,,,,,,,,,,,,,,,,,,,,,,,,,,,,,,,,,,,,,,,,,,,,,,,,,,,,,,,,,,,,,,,,,,1700.0,1700.0,2000.0,2100.0,1750.0,1700.0,1700.0,1650.0,1700.0,1685.0,1650.0,1700.0,1650.0,1650.0,1650.0
33486,Boca Raton,FL,Miami-Fort Lauderdale,Palm Beach,,,,,,,,,,,,,,,,,,,,,,,,,,,,,,,,,,,,,,,,,,,,,,,,,,,,,,,,,,,,,,,,,,,,,,,,,,,,,,1625.0,1687.5,1600.0,1625.0,1772.5,1772.5,1600.0,1540.0,1580.0,1750.0,1650.0,1800.0,1600.0,1600.0
33154,Bal Harbour,FL,Miami-Fort Lauderdale,Miami-Dade,3000.0,2850.0,2850.0,3000.0,2600.0,2500.0,2400.0,2400.0,2400.0,2400.0,2200.0,2400.0,2400.0,2500.0,2600.0,2500.0,2500.0,2500.0,2500.0,2700.0,2750.0,2600.0,2600.0,2600.0,2800.0,2800.0,2800.0,2700.0,2700.0,2800.0,2800.0,2625.0,2625.0,2775.0,2850.0,2850.0,2800.0,2750.0,2900.0,2750.0,2800.0,2750.0,2775.0,2750.0,2750.0,2625.0,2600.0,2750.0,2687.5,2650.0,2875.0,2800.0,2800.0,3000.0,2925.0,3000.0,3000.0,3000.0,3200.0,3000.0,2900.0,3100.0,2750.0,2750.0,3175.0,3100.0,2995.0,3200.0,2950.0,3100.0,2850.0,3150.0,3000.0,2800.0,3000.0,2800.0,2775.0,2800.0,2850.0,2850.0,2950.0,3000.0,2925.0,3000.0,2997.0,2950.0,2992.5,2950.0,2850.0,2874.5,2725.0
33004,Dania Beach,FL,Miami-Fort Lauderdale,Broward,,,,,,,,,1100.0,1150.0,1200.0,1200.0,1200.0,1150.0,1200.0,1250.0,1225.0,1225.0,1300.0,1320.0,1265.0,1250.0,1320.0,1300.0,1237.5,1250.0,1270.0,1295.0,1290.0,1350.0,1350.0,1285.0,1275.0,1200.0,1250.0,1200.0,1255.0,1250.0,1250.0,1382.5,1350.0,1325.0,1330.0,1365.0,1400.0,1450.0,1450.0,1400.0,1450.0,1422.5,1355.0,1390.0,1400.0,1450.0,1450.0,1400.0,1380.0,1350.0,1400.0,1452.5,1481.0,1481.0,1475.0,1485.0,1475.0,1543.0,1495.5,1531.0,1500.0,1510.0,1595.0,1585.0,1499.0,1456.0,1500.0,1455.0,1540.5,1584.0,1623.0,1611.0,1648.0,1625.5,1589.0,1591.0,1576.0,1550.0,1500.0,1575.0,1500.0,1500.0,1525.0
33483,Delray Beach,FL,Miami-Fort Lauderdale,Palm Beach,,,,,,,,,,,,,,,,,,,,,,,,,,,,,,,,,,,,,,,,,,,,,,,,,,,,,,,,,,,,,,,,,,,,,,,,,,,,,2495.0,2493.0,2495.0,2484.0,2380.0,2450.0,2400.0,2465.0,2375.0,2350.0,2300.0,2400.0,2314.5,2327.0,2314.5
33181,North Miami,FL,Miami-Fort Lauderdale,Miami-Dade,,,,,1350.0,1300.0,1300.0,1300.0,1380.0,1337.5,1395.0,1400.0,1400.0,1440.0,1450.0,1450.0,1450.0,1400.0,1450.0,1500.0,1450.0,1437.5,1400.0,1492.5,1450.0,1412.5,1389.5,1437.5,1387.5,1450.0,1500.0,1467.5,1512.5,1700.0,1750.0,1737.5,1750.0,1800.0,1850.0,1900.0,1937.5,1999.0,1999.0,2000.0,1895.0,1850.0,1782.5,1795.0,1800.0,1925.0,1850.0,1837.5,1900.0,1800.0,1875.0,1900.0,1900.0,1900.0,1625.0,1700.0,1725.0,1850.0,1850.0,1800.0,1825.0,1850.0,2000.0,1900.0,1700.0,1700.0,1650.0,1700.0,1875.0,1900.0,1600.0,1650.0,1690.0,1700.0,1693.0,1750.0,1800.0,1800.0,1750.0,1753.5,1700.0,1700.0,1750.0,1750.0,1750.0,1750.0,1714.0
33323,Sunrise,FL,Miami-Fort Lauderdale,Broward,,,,,,,1850.0,1900.0,1900.0,1900.0,1850.0,1850.0,1850.0,1900.0,1800.0,1800.0,1800.0,1750.0,1800.0,1800.0,1837.5,1800.0,1800.0,1850.0,1900.0,1850.0,1850.0,1800.0,1800.0,1825.0,1897.5,1850.0,1900.0,1900.0,1900.0,1900.0,1855.0,1850.0,1875.0,1850.0,1837.5,1800.0,1850.0,1850.0,1850.0,1845.0,1849.5,1900.0,1900.0,1900.0,1895.0,1895.0,1900.0,1900.0,1900.0,1900.0,1895.0,1900.0,1900.0,1897.5,1944.0,2029.0,2060.0,2074.0,2054.0,2000.0,2000.0,1941.0,2010.0,2100.0,1895.0,1900.0,2184.0,2164.0,1997.5,1900.0,2114.0,2089.0,2109.0,2129.0,2119.0,2129.0,2119.0,2099.5,2100.0,2094.0,2100.0,2109.0,2099.0,2139.0,2119.0
33431,Boca Raton,FL,Miami-Fort Lauderdale,Palm Beach,,,,,,,,,,,,,,,,,,,,,,,,,,,,,,,,,,,,,,,,,,,,,,,,,,,,,,,,,,,,,,,,,,,,,,,,,,,1750.0,1800.0,1600.0,1700.0,1650.0,1650.0,1600.0,1600.0,1600.0,1650.0,1700.0,1600.0,1700.0,1965.0,1950.0,1712.5,1960.0
33129,Miami,FL,Miami-Fort Lauderdale,Miami-Dade,,,1935.0,2000.0,2015.0,2099.0,2200.0,2200.0,2300.0,2147.5,2297.5,2150.0,2169.0,2200.0,2200.0,2125.0,2189.0,2237.5,2225.0,2400.0,2400.0,2312.5,2339.5,2204.5,2200.0,2200.0,2200.0,2225.0,2200.0,2200.0,2400.0,2500.0,2600.0,2550.0,2450.0,2500.0,2500.0,2524.5,2500.0,2500.0,2500.0,2500.0,2500.0,2500.0,2502.0,2400.0,2500.0,2400.0,2600.0,2537.5,2500.0,2500.0,2400.0,2450.0,2450.0,2514.0,2650.0,2559.0,2532.0,2500.0,2514.0,2600.0,2625.0,2650.0,2600.0,2700.0,2600.0,2600.0,2550.0,2597.5,2550.0,2550.0,2600.0,2550.0,2500.0,2504.0,2600.0,2559.0,2600.0,2500.0,2579.5,2600.0,2500.0,2500.0,2400.0,2500.0,2499.0,2504.0,2550.0,2500.0,2600.0
33132,Miami,FL,Miami-Fort Lauderdale,Miami-Dade,2700.0,2600.0,2625.0,2525.0,2500.0,2500.0,2500.0,2375.0,2450.0,2500.0,2500.0,2550.0,2600.0,2600.0,2600.0,2500.0,2600.0,2600.0,2600.0,2650.0,2685.0,2700.0,2750.0,2700.0,2700.0,2750.0,2700.0,2800.0,2800.0,2850.0,2850.0,2850.0,2800.0,2800.0,2700.5,2750.0,2800.0,2800.0,2750.0,2750.0,2800.0,2750.0,2797.5,2750.0,2990.0,2950.0,2900.0,2900.0,2850.0,2700.0,2650.0,2650.0,2695.0,2600.0,2700.0,2995.0,3000.0,3000.0,3000.0,3000.0,2995.0,2962.5,3000.0,3000.0,3000.0,2925.0,2900.0,2900.0,2800.0,2900.0,2800.0,2800.0,2815.0,2795.0,2900.0,2700.0,2700.0,2750.0,2800.0,2800.0,2799.0,2800.0,2800.0,2900.0,2900.0,2850.0,2800.0,2800.0,2897.0,2850.0,2850.0
33316,Fort Lauderdale,FL,Miami-Fort Lauderdale,Broward,,,,,,,,,,,,,,,,,,,,,,,,,,,,,,,,,,,,,,,,,,,,,,,,,,,,,1850.0,1895.0,1850.0,1800.0,1750.0,1750.0,1825.0,1850.0,1900.0,1850.0,1900.0,1800.0,1900.0,1900.0,1995.0,1800.0,1800.0,1825.0,1950.0,1800.0,1825.0,1797.5,2050.0,1800.0,2007.0,1971.0,2029.5,2000.0,2059.0,2059.0,2029.5,2004.5,2059.0,2029.5,1997.5,2000.0,1950.0,2000.0,2029.5
33149,Key Biscayne,FL,Miami-Fort Lauderdale,Miami-Dade,3200.0,3175.0,3100.0,3150.0,3200.0,2950.0,2950.0,2975.0,3000.0,3295.0,3200.0,3175.0,3200.0,3300.0,3500.0,3400.0,3150.0,3000.0,3300.0,3325.0,3300.0,3500.0,3575.0,3850.0,3850.0,3800.0,3800.0,3500.0,3500.0,3600.0,3600.0,3800.0,3800.0,3825.0,3900.0,3950.0,4000.0,4000.0,4000.0,3850.0,4000.0,4000.0,4000.0,3925.0,4000.0,4000.0,4000.0,4000.0,3975.0,3990.0,4050.0,4600.0,4600.0,4800.0,4800.0,4695.0,4800.0,4650.0,4500.0,4300.0,4245.0,4900.0,4950.0,4500.0,4500.0,4450.0,4500.0,4397.5,4250.0,4400.0,3950.0,4200.0,4500.0,4300.0,4300.0,4000.0,4100.0,4250.0,4000.0,4000.0,4000.0,4000.0,4100.0,4200.0,4100.0,4100.0,4150.0,4100.0,4125.0,4200.0,4200.0
33305,Fort Lauderdale,FL,Miami-Fort Lauderdale,Broward,,,,,,,,,,,,,,,,,,,,,,,,,,,,,,,,,,,,,,,,,,,,,,,,,,,,,,,,,,,,,,,,,,2150.0,1850.0,1670.0,1425.0,1650.0,1500.0,1595.0,1500.0,1425.0,1600.0,1425.0,1500.0,1700.0,1800.0,1800.0,1999.0,1999.0,1999.0,1950.0,1999.0,1999.0,1787.5,1999.0,1999.0,1950.0,1825.0
33315,Fort Lauderdale,FL,Miami-Fort Lauderdale,Broward,,,,,,,,,,,1617.5,1650.0,1562.5,1500.0,1500.0,1450.0,1250.0,1322.5,1500.0,1400.0,1297.5,1300.0,1297.5,1300.0,1250.0,1300.0,1300.0,1375.0,1250.0,1300.0,1400.0,1350.0,1350.0,1500.0,1300.0,1250.0,1250.0,1475.0,1500.0,1327.5,1300.0,1300.0,1300.0,1300.0,1300.0,1300.0,1350.0,1300.0,1300.0,1500.0,1500.0,1500.0,1400.0,1365.0,1500.0,1487.5,1599.5,1600.0,1562.5,1500.0,1524.0,1500.0,1562.5,1525.0,1512.5,1450.0,1500.0,1650.0,1525.0,1500.0,1500.0,1500.0,1500.0,1500.0,1550.0,1500.0,1500.0,1500.0,1550.0,1572.5,1650.0,1700.0,1650.0,1650.0,1650.0,1500.0,1500.0,1500.0,1500.0,1500.0,1597.5
33136,Miami,FL,Miami-Fort Lauderdale,Miami-Dade,,,,,,,,,,,,,,,,,,,,,,,,,,,,,,,,,,,,,,,,,,,,,,,,,,,,,,,,,,,,,,,,,,,,,,,,,,,,,,1800.0,1800.0,1850.0,1850.0,1800.0,1800.0,1850.0,1765.0,1850.0,1850.0,1850.0,1757.5,1750.0,1900.0
33403,Lake Park,FL,Miami-Fort Lauderdale,Palm Beach,,,,,,,,,,,,,,,,,,,,,,,,,,,,,,,,,,,,,,,,,,,,,,,,,,,,,,,,,,,,,,,,,,,,,,,,,,,,,,,,1599.0,1589.0,1606.0,1638.5,1550.0,1500.0,1544.0,1550.0,1450.0,1500.0,1550.0,1700.0
33413,Greenacres,FL,Miami-Fort Lauderdale,Palm Beach,,,,,,,,,,,,,,,,,,,,,,,,,,,,,,,,,,,,,,,,,,,,,,,,,,,,,,,,,,,,,,,,,,,,,,,,,,,,,,,1340.0,1398.0,1352.0,1370.0,1360.0,1297.0,1279.5,1320.0,1341.5,1394.5,1375.0,1353.0,1406.0
33035,Homestead,FL,Miami-Fort Lauderdale,Miami-Dade,,,,,,,,,,,,,,,,,,,,,,,,,,,,,,,,,,,,,,,,,,,,,,,,,,,,,,,,,,,,,,,,,,,,,,,,,,1150.0,1200.0,1100.0,1200.0,1200.0,1200.0,1200.0,1200.0,1200.0,1200.0,1225.0,1250.0,1237.5,1200.0,1200.0,1200.0,1200.0,1212.5
33146,Coral Gables,FL,Miami-Fort Lauderdale,Miami-Dade,,,,,,,,,,,,,,,,,,,,,,,,,,,,,,,,,,,,,,,,,,,,,,,,,,,,,,,,,,,,,,,,,,,,,,,,,,,2545.0,2663.5,2850.0,2976.0,2569.0,2692.5,2607.0,2685.0,2600.0,2550.0,2550.0,2500.0,2450.0,2450.0,2645.0,2594.5,2750.0
