RegionID,Zip,city,state,metro,county,2010-10,2010-11,2010-12,2011-01,2011-02,2011-03,2011-04,2011-05,2011-06,2011-07,2011-08,2011-09,2011-10,2011-11,2011-12,2012-01,2012-02,2012-03,2012-04,2012-05,2012-06,2012-07,2012-08,2012-09,2012-10,2012-11,2012-12,2013-01,2013-02,2013-03,2013-04,2013-05,2013-06,2013-07,2013-08,2013-09,2013-10,2013-11,2013-12,2014-01,2014-02,2014-03,2014-04,2014-05,2014-06,2014-07,2014-08,2014-09,2014-10,2014-11,2014-12,2015-01,2015-02,2015-03,2015-04,2015-05,2015-06,2015-07,2015-08,2015-09,2015-10,2015-11,2015-12,2016-01,2016-02,2016-03,2016-04,2016-05,2016-06,2016-07,2016-08,2016-09,2016-10,2016-11,2016-12,2017-01,2017-02,2017-03,2017-04,2017-05,2017-06,2017-07,2017-08,2017-09,2017-10,2017-11,2017-12,2018-01,2018-02,2018-03
72463,33160,Sunny Isles Beach,FL,Miami-Fort Lauderdale,Miami-Dade,10.51,10.53,10.51,10.45,10.41,10.53,10.5,10.51,10.45,10.4,10.39,10.45,10.35,10.33,10.36,10.43,10.5,10.64,10.79,10.75,10.9,11.0,10.85,11.04,11.09,11.29,11.49,11.69,11.78,11.97,12.2,12.33,12.39,12.5,12.36,12.22,12.5,12.44,12.46,12.44,12.54,12.57,12.6,12.74,12.95,12.76,12.75,12.58,12.54,12.55,12.43,12.47,12.43,12.43,12.4,12.31,12.26,12.51,12.42,12.55,12.51,12.57,12.51,12.36,12.4,12.36,12.41,12.39,12.31,12.2,12.28,12.4,12.49,12.76,12.88,12.89,12.93,12.7,12.5,12.39,12.47,12.46,12.45,12.45,12.56,12.48,12.37,12.31,12.37,12.37
72363,33025,Miramar,FL,Miami-Fort Lauderdale,Broward,6.1,6.15,6.21,6.22,6.1,6.1,6.06,6.01,5.93,5.83,5.76,5.83,5.84,5.85,5.85,5.89,5.97,5.93,5.96,6.01,6.05,6.11,6.11,6.2,6.18,6.24,6.29,6.43,6.53,6.76,6.89,7.02,7.19,7.31,7.41,7.47,7.55,7.65,7.71,7.92,8.02,8.09,8.29,8.38,8.49,8.52,8.55,8.5,8.53,8.55,8.59,8.63,8.7,8.77,8.85,8.86,8.83,8.79,8.79,8.87,8.93,8.99,9.15,9.16,9.19,9.22,9.28,9.26,9.34,9.68,9.67,9.72,9.74,9.73,9.76,9.81,9.9,9.93,9.97,10.05,10.07,10.07,10.12,10.21,10.4,10.5,10.44,10.46,10.59,10.65
72578,33411,Royal Palm Beach,FL,Miami-Fort Lauderdale,Palm Beach,7.72,7.6,7.43,7.4,7.47,7.56,7.56,7.57,7.57,7.49,7.39,7.33,7.36,7.3,7.32,7.33,7.38,7.57,7.73,7.75,7.75,7.7,7.73,7.71,7.65,7.82,7.88,7.94,8.08,8.13,8.15,8.28,8.36,8.41,8.32,8.61,8.9,8.98,8.99,9.08,9.14,9.22,9.38,9.48,9.64,9.68,9.67,9.7,9.67,9.71,9.76,9.79,9.88,10.0,10.17,10.33,10.4,10.48,10.5,10.57,10.61,10.69,10.88,10.71,10.71,10.8,10.84,10.92,11.05,11.18,11.1,11.05,11.07,11.16,11.17,11.17,11.11,11.09,11.2,11.33,11.45,11.53,11.59,11.7,12.02,12.18,12.06,12.18,12.25,12.17
72442,33139,Miami Beach,FL,Miami-Fort Lauderdale,Miami-Dade,11.45,11.53,11.4,11.25,11.05,11.31,11.29,11.39,11.35,11.27,11.31,11.33,11.43,11.68,11.84,11.84,11.91,11.94,12.05,12.15,12.48,12.37,12.52,12.63,12.52,12.53,12.59,12.89,12.87,13.04,13.33,13.51,13.67,13.55,13.66,13.56,13.94,13.91,14.16,14.21,14.13,14.08,13.93,14.04,13.89,13.74,13.4,13.65,13.96,14.04,13.99,14.03,13.98,13.95,13.7,13.56,13.72,13.79,13.73,13.93,14.09,14.18,13.58,13.33,13.39,13.51,13.38,12.72,12.99,12.92,13.15,13.19,13.26,13.47,13.71,13.78,13.82,13.77,13.51,13.5,13.58,13.77,13.79,13.79,13.96,13.9,13.79,13.68,13.83,13.65
72362,33024,Pembroke Pines,FL,Miami-Fort Lauderdale,Broward,7.17,7.15,7.21,7.15,7.04,6.96,6.94,6.86,6.79,6.62,6.53,6.61,6.66,6.71,6.72,6.76,6.72,6.78,6.8,6.87,6.97,7.0,7.0,7.11,7.11,7.09,7.15,7.21,7.3,7.41,7.49,7.59,7.66,7.82,7.94,8.02,8.09,8.14,8.17,8.28,8.4,8.55,8.7,8.82,8.9,8.97,9.01,8.99,9.07,9.14,9.22,9.2,9.25,9.32,9.34,9.46,9.53,9.58,9.68,9.81,9.91,10.0,10.05,10.05,10.02,10.0,10.0,9.94,10.02,10.4,10.46,10.47,10.52,10.61,10.68,10.79,10.91,11.03,11.07,11.1,11.12,11.08,11.13,11.25,11.45,11.57,11.51,11.6,11.78,11.8
72347,33009,Hallandale,FL,Miami-Fort Lauderdale,Broward,7.76,7.71,7.71,7.7,7.7,7.8,7.75,7.65,7.51,7.41,7.29,7.4,7.39,7.54,7.61,7.53,7.53,7.72,7.95,8.03,8.16,8.17,8.29,8.36,8.33,8.31,8.37,8.67,8.86,9.12,9.12,9.24,9.27,9.29,9.4,9.51,9.6,9.56,9.55,9.7,9.74,9.77,9.74,9.77,9.81,9.85,9.8,9.82,9.71,9.84,9.71,9.5,9.51,9.6,9.73,9.73,9.79,9.78,9.73,9.81,9.82,9.81,9.88,9.79,9.86,9.85,9.86,9.72,9.77,9.94,9.93,10.02,10.02,10.03,9.96,9.98,10.06,10.14,10.18,10.2,10.25,10.28,10.34,10.48,10.64,10.74,10.56,10.51,10.59,10.61
72488,33186,The Crossings,FL,Miami-Fort Lauderdale,Miami-Dade,8.67,8.55,8.51,8.56,8.64,8.65,8.69,8.57,8.48,8.4,8.29,8.23,8.2,8.23,8.26,8.22,8.27,8.3,8.25,8.26,8.41,8.38,8.4,8.43,8.47,8.49,8.6,8.67,8.68,8.81,8.99,9.02,9.07,9.12,9.19,9.19,9.39,9.41,9.45,9.55,9.69,9.86,10.05,10.13,10.14,10.17,10.23,10.2,10.23,10.27,10.34,10.39,10.44,10.43,10.54,10.63,10.69,10.74,10.71,10.78,10.83,10.91,10.96,10.98,10.92,10.93,10.86,10.98,11.06,11.19,11.22,11.28,11.36,11.46,11.53,11.58,11.57,11.56,11.56,11.61,11.68,11.75,11.81,11.87,12.13,12.15,12.12,12.16,12.32,12.32
72350,33012,Hialeah,FL,Miami-Fort Lauderdale,Miami-Dade,6.86,6.74,6.67,6.67,6.46,6.41,6.32,6.24,6.27,6.11,5.92,5.87,6.01,6.12,6.14,6.08,6.04,6.0,5.78,5.68,5.74,5.91,5.94,6.21,6.25,6.28,6.59,6.7,6.84,6.97,7.0,7.1,7.2,7.14,7.16,7.02,6.98,7.03,7.12,7.27,7.38,7.53,7.55,7.66,7.71,7.75,7.79,7.74,7.86,8.03,8.21,8.26,8.22,8.21,8.18,8.25,8.33,8.29,8.28,8.35,8.39,8.43,8.56,8.52,8.44,8.43,8.53,8.52,8.61,9.33,9.17,9.09,9.13,9.22,9.33,9.37,9.22,9.33,9.25,9.43,9.51,9.69,9.9,9.96,10.32,10.43,10.33,10.34,10.62,10.7
72365,33027,Miramar,FL,Miami-Fort Lauderdale,Broward,8.56,8.52,8.52,8.49,8.46,8.49,8.5,8.48,8.49,8.5,8.48,8.4,8.41,8.37,8.34,8.46,8.61,8.59,8.53,8.57,8.64,8.7,8.82,9.02,9.01,9.12,9.14,9.17,9.2,9.34,9.35,9.43,9.48,9.66,9.82,10.02,10.05,10.14,10.16,10.28,10.46,10.64,10.77,10.83,10.89,10.93,10.89,10.9,10.85,10.89,10.96,11.0,11.09,11.21,11.21,11.22,11.19,11.09,11.09,11.13,11.16,11.21,11.22,11.21,11.17,11.17,11.18,11.18,11.2,11.4,11.45,11.5,11.51,11.53,11.52,11.56,11.59,11.57,11.55,11.59,11.54,11.53,11.56,11.62,11.8,11.96,11.94,11.99,12.09,12.07
72392,33063,Margate,FL,Miami-Fort Lauderdale,Broward,5.73,5.62,5.52,5.44,5.37,5.37,5.27,5.19,5.2,5.11,5.03,4.99,5.02,4.98,4.95,4.92,4.96,4.97,5.13,5.15,5.11,5.21,5.18,5.26,5.34,5.46,5.55,5.66,5.74,5.83,5.93,6.05,6.16,6.39,6.53,6.66,6.79,6.92,7.04,7.08,7.17,7.25,7.3,7.32,7.35,7.41,7.43,7.47,7.5,7.5,7.56,7.54,7.56,7.64,7.62,7.65,7.75,7.72,7.76,7.83,7.93,8.01,8.13,8.1,8.03,8.06,8.09,8.03,8.05,8.27,8.28,8.3,8.31,8.38,8.43,8.55,8.66,8.71,8.72,8.87,8.92,8.98,9.09,9.19,9.34,9.42,9.37,9.38,9.56,9.67
72538,33319,Lauderhill,FL,Miami-Fort Lauderdale,Broward,4.67,4.61,4.57,4.46,4.36,4.3,4.33,4.23,4.13,4.01,4.01,4.04,4.05,4.04,4.12,4.14,4.12,4.09,4.09,4.09,4.14,4.26,4.16,4.2,4.26,4.32,4.37,4.49,4.54,4.61,4.64,4.8,4.83,4.86,4.93,4.97,5.05,5.02,5.11,5.14,5.27,5.36,5.39,5.38,5.47,5.47,5.48,5.57,5.55,5.59,5.57,5.6,5.59,5.59,5.56,5.53,5.49,5.5,5.5,5.45,5.45,5.43,5.6,5.63,5.6,5.59,5.56,5.42,5.46,5.61,5.6,5.6,5.66,5.72,5.86,5.94,5.96,5.92,6.02,6.18,6.14,6.15,6.16,6.25,6.36,6.43,6.35,6.31,6.46,6.56
72540,33321,Tamarac,FL,Miami-Fort Lauderdale,Broward,6.24,6.15,6.13,5.99,5.9,5.91,5.87,5.87,5.76,5.71,5.63,5.61,5.67,5.66,5.59,5.6,5.55,5.5,5.56,5.54,5.55,5.52,5.49,5.54,5.59,5.69,5.74,5.85,5.96,6.08,6.17,6.28,6.39,6.6,6.63,6.72,6.95,7.01,7.1,7.18,7.3,7.38,7.49,7.56,7.62,7.71,7.82,7.91,7.88,7.89,7.93,7.92,7.94,7.95,7.94,7.93,7.93,7.92,7.93,8.03,8.13,8.19,8.21,8.22,8.15,8.24,8.24,8.47,8.55,8.74,8.71,8.75,8.77,8.84,8.92,8.96,9.03,9.09,9.13,9.28,9.35,9.45,9.55,9.61,9.74,9.8,9.69,9.74,9.89,9.95
72626,33467,Greenacres,FL,Miami-Fort Lauderdale,Palm Beach,8.31,8.25,8.16,8.12,8.14,8.19,8.31,8.3,8.2,8.07,8.02,8.05,8.0,7.95,7.93,7.78,7.78,7.88,8.0,8.02,8.01,8.09,8.16,8.1,7.97,7.99,7.95,7.93,8.01,8.13,8.16,8.32,8.45,8.61,8.62,8.66,8.74,8.83,9.0,9.07,8.98,9.03,9.23,9.46,9.67,9.65,9.71,9.71,9.64,9.64,9.74,9.85,9.95,10.03,10.24,10.33,10.34,10.44,10.41,10.52,10.62,10.69,10.89,10.79,10.72,10.81,10.83,10.9,10.96,11.05,11.06,11.13,11.2,11.34,11.31,11.25,11.24,11.21,11.3,11.38,11.32,11.29,11.32,11.44,11.78,11.91,11.75,11.91,11.97,11.92
72460,33157,Village of Palmetto Bay,FL,Miami-Fort Lauderdale,Miami-Dade,7.89,7.7,7.55,7.43,7.48,7.49,7.59,7.52,7.54,7.48,7.44,7.46,7.48,7.51,7.49,7.45,7.49,7.63,7.61,7.68,7.65,7.69,7.63,7.7,7.6,7.62,7.76,7.84,7.93,8.07,8.09,8.2,8.27,8.4,8.5,8.49,8.53,8.55,8.69,8.95,9.12,9.24,9.36,9.38,9.38,9.4,9.54,9.56,9.6,9.56,9.62,9.69,9.7,9.8,10.05,10.05,10.05,10.08,10.01,10.12,10.33,10.47,10.65,10.7,10.58,10.51,10.51,10.72,10.8,10.98,11.02,11.1,11.28,11.47,11.56,11.63,11.52,11.47,11.45,11.57,11.67,11.83,11.92,12.02,12.32,12.36,12.4,12.53,12.8,12.85
72617,33458,Jupiter,FL,Miami-Fort Lauderdale,Palm Beach,8.81,8.64,8.39,8.46,8.53,8.73,8.86,8.99,9.11,9.14,9.13,9.23,9.2,9.09,9.06,9.04,9.01,9.24,9.53,9.63,9.7,9.82,9.82,9.91,9.84,9.78,9.79,9.97,9.89,9.99,10.09,10.15,10.19,10.09,10.08,10.15,10.41,10.49,10.58,10.7,10.6,10.53,10.64,10.77,10.93,10.99,10.98,10.96,10.88,10.92,10.88,10.97,11.05,11.17,11.26,11.33,11.36,11.4,11.44,11.48,11.49,11.36,11.23,11.15,11.02,11.19,11.33,11.24,11.37,11.75,11.68,11.63,11.62,11.64,11.65,11.64,11.65,11.65,11.77,11.91,11.88,11.93,11.96,11.97,12.21,12.29,12.16,12.33,12.51,12.51
72581,33414,Wellington,FL,Miami-Fort Lauderdale,Palm Beach,9.19,9.05,8.92,9.02,8.96,9.05,9.12,9.22,9.2,9.17,9.08,9.02,9.07,8.95,8.96,8.94,8.99,9.07,9.33,9.31,9.44,9.53,9.56,9.4,9.27,9.15,9.07,9.09,9.13,9.46,9.52,9.82,10.01,10.15,10.16,10.22,10.28,10.34,10.45,10.54,10.62,10.72,10.94,11.1,11.39,11.49,11.46,11.44,11.3,11.24,11.14,11.2,11.34,11.43,11.53,11.59,11.6,11.55,11.53,11.51,11.37,11.25,11.13,11.08,11.13,11.4,11.5,11.51,11.69,11.75,11.77,11.7,11.54,11.47,11.39,11.38,11.36,11.48,11.75,11.94,12.03,12.14,12.17,12.19,12.36,12.26,12.02,12.14,12.25,12.31
72599,33433,Boca Raton,FL,Miami-Fort Lauderdale,Palm Beach,8.28,8.26,8.2,8.29,8.27,8.28,8.29,8.31,8.24,8.13,8.01,8.0,7.92,7.95,8.09,8.13,8.1,8.13,8.27,8.44,8.44,8.36,8.39,8.38,8.28,8.31,8.34,8.36,8.48,8.61,8.64,8.74,8.84,8.99,9.1,9.16,9.19,9.17,9.19,9.41,9.32,9.36,9.46,9.56,9.69,9.7,9.71,9.72,9.72,9.75,9.66,9.72,9.76,9.82,9.95,10.09,10.2,10.36,10.34,10.41,10.38,10.27,10.28,10.19,10.21,10.26,10.28,10.01,10.09,10.33,10.3,10.34,10.39,10.51,10.62,10.7,10.79,10.8,10.78,10.76,10.65,10.63,10.66,10.75,11.01,11.12,10.99,11.12,11.2,11.22
72353,33015,Country Club,FL,Miami-Fort Lauderdale,Miami-Dade,7.21,7.07,6.93,6.99,7.01,7.09,7.08,7.01,7.01,6.98,6.88,6.87,6.85,6.86,6.82,6.84,6.78,6.73,6.76,6.75,6.81,6.91,6.95,7.07,7.11,7.12,7.33,7.39,7.37,7.5,7.49,7.61,7.59,7.56,7.63,7.49,7.63,7.78,7.87,7.96,8.04,8.09,8.35,8.57,8.65,8.79,8.77,8.84,8.8,8.83,9.08,9.22,9.13,9.2,9.29,9.34,9.36,9.42,9.35,9.35,9.41,9.43,9.44,9.33,9.3,9.39,9.52,9.44,9.5,10.01,9.89,9.85,9.89,9.94,10.08,10.14,10.22,10.28,10.32,10.41,10.48,10.57,10.68,10.93,11.16,11.16,11.2,11.24,11.4,11.41
72444,33141,Miami Beach,FL,Miami-Fort Lauderdale,Miami-Dade,9.37,9.57,9.45,9.25,9.14,9.02,9.02,9.04,9.0,8.94,8.91,8.9,8.88,8.88,9.0,8.93,8.9,9.02,9.24,9.33,9.37,9.49,9.53,9.67,9.9,10.05,10.16,10.26,10.38,10.45,10.52,10.72,10.74,10.95,11.1,10.98,11.2,11.19,11.34,11.45,11.63,11.76,11.62,11.71,11.73,11.54,11.53,11.62,11.65,11.73,11.81,11.84,11.76,11.61,11.64,11.43,11.4,11.59,11.59,11.67,11.61,11.72,11.41,11.38,11.22,11.06,11.33,11.23,11.23,11.64,11.69,11.71,11.61,11.67,11.77,11.78,11.74,11.69,11.71,11.69,11.65,11.63,11.7,11.68,11.85,11.83,11.81,11.8,11.99,11.93
72602,33436,Boynton Beach,FL,Miami-Fort Lauderdale,Palm Beach,7.95,7.84,7.71,7.7,7.63,7.62,7.6,7.63,7.63,7.59,7.58,7.63,7.56,7.51,7.47,7.47,7.49,7.53,7.48,7.35,7.36,7.47,7.53,7.54,7.45,7.42,7.54,7.63,7.71,7.87,7.97,8.05,8.11,8.21,8.18,8.17,8.16,8.16,8.21,8.32,8.33,8.31,8.49,8.65,8.78,8.83,8.9,8.98,8.95,8.91,9.01,9.06,9.12,9.23,9.27,9.3,9.32,9.43,9.54,9.69,9.78,9.82,9.87,9.78,9.79,9.91,10.04,9.92,10.01,10.13,10.19,10.2,10.15,10.24,10.34,10.43,10.47,10.54,10.62,10.62,10.63,10.7,10.74,10.8,11.06,11.17,11.06,11.24,11.32,11.31
72622,33463,Greenacres,FL,Miami-Fort Lauderdale,Palm Beach,6.84,6.63,6.55,6.55,6.5,6.46,6.38,6.26,6.07,5.93,5.83,5.77,5.74,5.68,5.54,5.49,5.5,5.52,5.4,5.41,5.4,5.43,5.43,5.42,5.43,5.49,5.6,5.63,5.67,5.73,5.77,5.84,5.95,6.12,6.21,6.23,6.2,6.19,6.21,6.36,6.38,6.4,6.65,6.85,7.03,7.23,7.36,7.41,7.37,7.49,7.6,7.71,7.78,7.78,7.78,7.84,7.91,7.99,8.25,8.52,8.67,8.79,8.97,8.99,8.99,9.11,9.17,9.1,9.14,9.5,9.47,9.41,9.44,9.47,9.57,9.79,9.9,10.03,10.12,10.1,10.13,10.24,10.35,10.5,10.77,10.9,10.74,10.9,11.06,11.1
72359,33021,Hollywood,FL,Miami-Fort Lauderdale,Broward,8.02,8.04,8.02,8.0,7.94,7.97,7.93,7.91,7.78,7.65,7.54,7.56,7.51,7.56,7.62,7.7,7.71,7.91,7.98,8.15,8.28,8.33,8.27,8.32,8.32,8.34,8.41,8.48,8.51,8.66,8.77,8.88,8.88,9.15,9.31,9.4,9.46,9.66,9.74,9.87,9.99,10.16,10.15,10.25,10.31,10.3,10.32,10.22,10.22,10.21,10.22,10.19,10.2,10.25,10.29,10.25,10.25,10.17,10.39,10.47,10.56,10.6,10.54,10.51,10.49,10.51,10.48,10.48,10.48,10.49,10.55,10.6,10.68,10.8,10.81,10.95,11.06,11.08,11.16,11.24,11.2,11.23,11.28,11.37,11.54,11.6,11.48,11.5,11.64,11.63
72543,33324,Plantation,FL,Miami-Fort Lauderdale,Broward,7.6,7.53,7.55,7.53,7.47,7.37,7.32,7.2,7.12,7.08,6.98,6.93,6.87,6.87,6.9,7.03,7.02,7.14,7.17,7.21,7.3,7.31,7.37,7.44,7.4,7.35,7.45,7.42,7.44,7.59,7.57,7.72,7.83,7.97,8.17,8.31,8.39,8.47,8.54,8.74,8.89,9.02,9.08,8.99,8.98,9.07,9.18,9.16,9.14,9.16,9.12,9.12,9.1,9.11,9.11,9.12,9.16,9.21,9.28,9.35,9.41,9.42,9.37,9.41,9.38,9.53,9.6,9.5,9.51,9.66,9.7,9.77,9.85,9.94,10.0,10.02,10.1,10.2,10.2,10.29,10.37,10.43,10.43,10.49,10.64,10.72,10.64,10.62,10.75,10.82
72527,33308,Fort Lauderdale,FL,Miami-Fort Lauderdale,Broward,11.02,10.84,10.71,10.74,10.74,10.91,11.02,11.03,11.01,10.95,10.94,10.85,10.94,10.81,10.8,10.95,11.05,11.22,11.23,11.31,11.4,11.54,11.68,11.84,11.85,11.92,11.98,11.93,11.96,12.01,12.05,12.12,12.2,12.35,12.32,12.36,12.3,12.39,12.45,12.68,12.84,12.98,12.86,12.87,13.09,13.0,12.82,12.77,12.8,12.76,12.71,12.72,12.69,12.73,12.82,12.82,12.83,12.78,12.76,12.77,12.68,12.6,12.12,12.07,12.18,12.39,12.53,12.26,12.26,12.33,12.42,12.42,12.45,12.56,12.66,12.65,12.71,12.77,12.79,12.92,12.99,12.93,12.95,13.0,13.13,13.12,12.87,12.89,13.01,13.03
72531,33312,Fort Lauderdale,FL,Miami-Fort Lauderdale,Broward,7.52,7.52,7.46,7.38,7.27,7.23,7.17,7.17,7.08,6.9,6.87,6.84,6.88,6.85,7.05,7.17,7.14,7.26,7.28,7.41,7.63,7.69,7.65,7.78,7.9,8.08,8.22,8.29,8.38,8.48,8.54,8.59,8.56,8.74,8.83,8.86,9.07,9.24,9.22,9.36,9.46,9.51,9.58,9.76,9.82,9.79,9.75,9.77,9.75,9.88,9.89,9.89,9.93,10.0,10.06,10.05,10.13,10.09,10.11,10.18,10.27,10.35,10.23,10.22,10.18,10.23,10.24,10.05,10.08,10.26,10.37,10.49,10.56,10.72,10.8,10.91,11.02,11.06,11.12,11.16,11.1,11.11,11.18,11.37,11.64,11.71,11.6,11.62,11.74,11.82
72603,33437,Boynton Beach,FL,Miami-Fort Lauderdale,Palm Beach,8.66,8.58,8.56,8.54,8.49,8.58,8.66,8.74,8.66,8.5,8.49,8.43,8.37,8.36,8.4,8.45,8.44,8.49,8.64,8.62,8.67,8.68,8.72,8.72,8.6,8.57,8.56,8.59,8.75,8.89,8.89,8.99,9.07,9.21,9.22,9.19,9.2,9.27,9.33,9.51,9.53,9.62,9.72,9.85,10.03,9.99,10.07,10.22,10.21,10.22,10.22,10.23,10.3,10.35,10.44,10.34,10.35,10.46,10.43,10.55,10.64,10.69,10.77,10.64,10.58,10.7,10.7,10.67,10.7,10.79,10.8,10.8,10.77,10.76,10.77,10.82,10.96,11.0,11.01,11.02,10.94,10.91,10.97,11.0,11.27,11.34,11.2,11.31,11.38,11.38
72585,33418,Palm Beach Gardens,FL,Miami-Fort Lauderdale,Palm Beach,9.69,9.48,9.3,9.36,9.34,9.6,9.77,9.97,10.03,9.98,10.0,10.05,9.96,9.97,10.07,10.11,9.89,10.04,10.21,10.23,10.21,10.26,10.24,10.11,10.15,10.04,9.87,9.99,10.11,10.2,10.27,10.5,10.55,10.61,10.39,10.5,10.63,10.8,10.87,10.89,10.88,11.02,11.47,11.62,11.87,11.98,12.03,12.03,11.9,11.88,11.89,11.94,11.96,11.96,11.92,11.88,11.83,11.92,12.02,12.17,12.16,12.04,11.7,11.66,11.42,11.59,11.66,11.64,11.76,11.75,11.84,11.93,12.02,12.14,12.15,11.92,11.47,11.4,11.45,11.54,11.64,11.81,11.96,12.07,12.35,12.45,12.3,12.47,12.51,12.57
72394,33065,Coral Springs,FL,Miami-Fort Lauderdale,Broward,6.32,6.4,6.28,6.19,6.06,5.96,5.98,5.95,6.01,5.86,5.9,5.94,6.11,5.96,6.0,6.0,5.89,5.92,6.14,6.12,6.08,6.23,6.1,6.06,6.07,6.05,6.06,6.24,6.29,6.39,6.47,6.57,6.74,6.9,7.02,7.09,7.22,7.4,7.61,7.76,7.8,7.88,8.04,8.11,8.25,8.15,8.2,8.34,8.4,8.51,8.6,8.71,8.65,8.64,8.59,8.41,8.55,8.49,8.43,8.47,8.56,8.7,8.81,8.89,8.85,8.94,9.01,8.6,8.62,8.89,8.93,8.94,9.03,9.11,9.1,9.14,9.31,9.44,9.51,9.59,9.62,9.67,9.73,9.79,9.89,9.9,9.83,9.82,10.0,10.12
72478,33176,Kendall,FL,Miami-Fort Lauderdale,Miami-Dade,9.7,9.66,9.45,9.42,9.37,9.23,9.2,9.08,9.03,8.95,8.91,9.02,8.94,8.86,8.89,8.96,9.01,9.14,9.16,9.21,9.09,8.89,8.94,8.97,8.85,8.87,8.99,9.11,9.16,9.29,9.36,9.46,9.58,9.6,9.69,9.72,9.84,9.85,9.81,9.88,10.01,10.14,10.31,10.35,10.4,10.41,10.4,10.5,10.56,10.68,10.81,10.81,10.79,10.78,10.77,10.76,10.74,10.81,10.9,10.88,10.88,10.82,10.86,10.88,10.83,10.84,10.84,10.94,10.94,11.05,11.06,11.05,11.11,11.23,11.25,11.33,11.28,11.26,11.26,11.35,11.45,11.53,11.57,11.64,11.97,12.02,12.07,12.12,12.32,12.39
72541,33322,Sunrise,FL,Miami-Fort Lauderdale,Broward,5.42,5.28,5.28,5.2,5.14,5.08,5.02,4.96,4.87,4.78,4.72,4.75,4.81,4.83,4.9,4.88,4.93,4.97,5.06,5.09,5.18,5.22,5.29,5.33,5.34,5.38,5.47,5.6,5.65,5.72,5.74,5.85,6.0,6.11,6.19,6.21,6.31,6.39,6.59,6.71,6.83,7.0,7.02,7.0,7.11,7.31,7.47,7.49,7.52,7.49,7.52,7.52,7.51,7.56,7.54,7.66,7.57,7.48,7.46,7.46,7.59,7.75,7.88,7.79,7.7,7.67,7.78,7.85,7.97,7.97,8.09,8.22,8.25,8.32,8.4,8.54,8.56,8.62,8.68,8.78,8.81,8.92,9.01,9.13,9.28,9.33,9.23,9.25,9.36,9.38
72480,33178,Doral,FL,Miami-Fort Lauderdale,Miami-Dade,9.94,9.94,9.93,9.93,10.01,10.08,10.18,10.21,10.06,9.98,9.91,9.93,9.9,9.91,9.98,9.93,9.93,9.95,9.96,10.09,10.18,10.27,10.33,10.42,10.42,10.46,10.65,10.77,10.84,11.06,11.14,11.2,11.32,11.37,11.41,11.31,11.43,11.41,11.51,11.63,11.67,11.81,11.99,12.14,12.21,12.28,12.28,12.3,12.26,12.19,12.27,12.28,12.3,12.24,12.19,12.03,11.97,11.97,11.9,11.85,11.85,11.87,11.74,11.64,11.77,11.8,11.86,11.81,11.79,11.53,11.6,11.69,11.75,11.89,12.01,12.08,11.96,11.87,11.79,11.82,11.86,11.85,11.9,11.94,12.16,12.13,12.02,12.02,12.15,12.02
72391,33062,Pompano Beach,FL,Miami-Fort Lauderdale,Broward,10.73,10.66,10.49,10.54,10.67,10.81,10.88,10.92,11.0,10.93,10.91,10.81,10.78,10.59,10.55,10.51,10.56,10.77,10.94,10.96,11.08,11.26,11.5,11.58,11.59,11.56,11.65,11.43,11.35,11.56,11.65,11.74,11.91,11.99,11.83,11.91,12.0,12.26,12.13,12.26,12.4,12.62,12.51,12.57,12.88,12.83,12.71,12.59,12.47,12.34,12.2,12.11,12.06,12.25,12.48,12.69,12.72,12.62,12.69,12.59,12.37,12.14,11.83,11.8,11.87,12.03,12.26,11.91,12.05,12.21,12.22,12.28,12.32,12.41,12.44,12.49,12.52,12.54,12.69,12.86,12.92,12.92,12.95,12.98,13.13,13.11,12.85,12.88,13.0,13.08
72482,33180,Aventura,FL,Miami-Fort Lauderdale,Miami-Dade,11.31,11.49,11.47,11.44,11.49,11.58,11.7,11.81,11.75,11.69,11.66,11.71,11.84,11.84,11.87,11.94,11.92,12.02,12.13,12.23,12.21,12.2,12.17,12.03,12.07,12.25,12.55,12.6,12.71,12.65,12.82,13.05,13.14,13.25,13.21,13.28,13.4,13.28,13.24,13.27,13.41,13.72,13.55,13.74,13.78,13.55,13.4,13.35,13.25,13.28,13.23,13.29,13.24,12.98,12.83,12.83,12.94,13.12,13.23,13.02,12.79,12.87,12.62,12.49,12.39,12.49,12.59,12.68,12.64,12.48,12.61,12.76,12.79,12.79,12.87,13.0,12.93,12.98,12.93,12.91,12.96,12.88,12.7,12.73,12.91,12.81,12.66,12.58,12.65,12.48
72397,33068,North Lauderdale,FL,Miami-Fort Lauderdale,Broward,5.81,5.75,5.69,5.49,5.36,5.33,5.29,5.25,5.2,5.13,5.09,5.07,5.05,5.02,4.99,5.03,5.1,5.23,5.31,5.36,5.39,5.42,5.43,5.48,5.58,5.62,5.65,5.71,5.79,5.81,5.87,5.95,6.05,6.23,6.34,6.36,6.5,6.59,6.72,6.77,6.92,7.03,7.19,7.29,7.36,7.53,7.61,7.65,7.62,7.64,7.7,7.71,7.71,7.72,7.71,7.73,7.78,7.82,7.8,7.9,7.99,8.1,8.19,8.2,8.15,8.14,8.07,8.36,8.38,8.63,8.61,8.63,8.67,8.75,8.81,8.86,8.98,9.12,9.19,9.3,9.37,9.46,9.56,9.66,9.84,9.95,9.88,9.93,10.1,10.21
72481,33179,Ives Estates,FL,Miami-Fort Lauderdale,Miami-Dade,5.24,5.21,4.94,4.79,4.89,4.76,4.63,4.51,4.46,4.53,4.47,4.44,4.49,4.54,4.61,4.69,4.62,4.64,4.63,4.55,4.57,4.57,4.57,4.7,4.74,4.74,4.83,4.92,4.91,5.0,5.04,5.17,5.2,5.31,5.31,5.25,5.32,5.42,5.52,5.82,5.98,5.99,6.05,6.29,6.34,6.35,6.38,6.33,6.33,6.42,6.49,6.56,6.63,6.63,6.54,6.51,6.41,6.34,6.32,6.28,6.2,6.36,6.58,6.55,6.47,6.42,6.34,6.24,6.2,6.47,6.45,6.59,6.77,6.93,7.04,7.12,7.16,7.04,6.99,6.95,6.91,6.96,7.05,7.09,7.26,7.3,7.32,7.39,7.55,7.65
72429,33126,Miami,FL,Miami-Fort Lauderdale,Miami-Dade,6.73,6.6,6.5,6.48,6.32,6.22,6.12,6.01,5.94,5.81,5.74,5.65,5.58,5.59,5.65,5.61,5.61,5.56,5.66,5.74,5.76,5.87,5.9,6.06,6.24,6.25,6.39,6.5,6.56,6.76,6.83,6.95,7.03,7.05,7.05,7.01,7.13,7.37,7.54,7.58,7.81,7.97,8.22,8.22,8.34,8.48,8.51,8.51,8.46,8.55,8.62,8.64,8.67,8.58,8.57,8.55,8.57,8.55,8.54,8.55,8.56,8.56,8.58,8.56,8.61,8.61,8.73,8.74,8.79,8.97,8.92,8.95,8.97,9.03,9.14,9.1,9.12,9.12,9.11,9.07,9.17,9.11,9.16,9.24,9.45,9.52,9.51,9.62,9.71,9.76
72468,33165,University Park,FL,Miami-Fort Lauderdale,Miami-Dade,9.29,9.24,9.12,9.03,9.08,9.12,9.07,8.95,8.88,8.87,8.81,8.74,8.64,8.55,8.66,8.84,8.79,8.81,8.99,9.01,9.2,9.1,9.1,9.28,9.14,9.05,9.05,9.2,9.4,9.56,9.77,9.96,10.06,10.11,10.15,10.05,10.05,10.06,9.96,10.08,10.25,10.13,10.26,10.38,10.37,10.29,10.27,10.41,10.29,10.33,10.45,10.45,10.54,10.44,10.58,10.71,10.79,10.91,10.93,11.12,11.31,11.43,11.47,11.54,11.46,11.38,11.29,11.67,11.76,11.81,11.89,12.02,12.2,12.34,12.48,12.53,12.46,12.38,12.25,12.23,12.26,12.28,12.34,12.51,12.85,12.96,12.96,12.91,13.06,12.96
72601,33435,Boynton Beach,FL,Miami-Fort Lauderdale,Palm Beach,6.19,6.13,6.04,5.86,5.88,5.94,5.9,5.89,5.84,5.73,5.59,5.47,5.4,5.31,5.29,5.25,5.24,5.31,5.23,5.2,5.26,5.35,5.39,5.34,5.19,5.14,5.21,5.32,5.36,5.42,5.55,5.67,5.7,5.8,5.91,5.89,5.94,5.97,5.9,5.94,5.88,5.9,6.1,6.26,6.47,6.6,6.76,6.89,6.95,7.09,7.18,7.2,7.21,7.16,7.23,7.31,7.29,7.39,7.47,7.61,7.64,7.55,7.55,7.55,7.5,7.65,7.68,7.59,7.67,8.18,8.14,8.14,8.11,8.17,8.17,8.29,8.34,8.41,8.5,8.52,8.58,8.55,8.63,8.74,8.92,8.92,8.83,9.05,9.16,9.33
72477,33175,Tamiami,FL,Miami-Fort Lauderdale,Miami-Dade,9.04,9.04,9.01,8.99,8.99,9.07,9.12,9.01,8.84,8.78,8.72,8.61,8.49,8.49,8.53,8.64,8.62,8.63,8.77,8.78,8.89,8.85,8.87,8.97,9.02,8.96,8.99,9.21,9.35,9.49,9.64,9.75,9.82,9.93,9.99,9.92,10.04,9.96,9.88,10.01,10.12,10.0,10.09,10.3,10.4,10.26,10.23,10.3,10.32,10.33,10.47,10.51,10.56,10.47,10.43,10.47,10.52,10.64,10.67,10.82,10.95,11.07,11.16,11.28,11.16,11.18,11.18,11.45,11.49,11.52,11.54,11.58,11.71,11.83,11.92,11.91,11.9,11.91,11.87,11.94,11.99,12.05,12.13,12.23,12.52,12.58,12.56,12.6,12.79,12.62
72479,33177,South Miami Heights,FL,Miami-Fort Lauderdale,Miami-Dade,7.02,6.9,6.77,6.73,6.77,6.84,6.81,6.77,6.79,6.8,6.85,6.82,6.78,6.78,6.83,6.77,6.77,6.83,6.85,6.79,6.83,6.98,6.92,6.94,6.98,7.01,7.13,7.21,7.28,7.47,7.52,7.51,7.46,7.57,7.57,7.58,7.72,7.75,7.9,8.13,8.32,8.57,8.73,8.93,8.92,8.89,8.89,9.12,9.19,9.25,9.24,9.33,9.4,9.51,9.6,9.68,9.74,9.76,9.78,9.98,10.2,10.33,10.41,10.45,10.31,10.15,10.15,10.56,10.69,10.83,10.9,10.97,11.08,11.21,11.26,11.36,11.36,11.34,11.31,11.38,11.49,11.59,11.69,11.78,12.07,12.1,12.08,12.12,12.34,12.4
72612,33446,Delray Beach,FL,Miami-Fort Lauderdale,Palm Beach,6.8,6.63,6.36,6.36,6.24,6.26,6.24,6.23,5.81,5.57,5.64,5.61,5.65,5.74,5.71,5.71,5.77,5.79,5.83,5.8,5.8,5.56,5.4,5.53,5.41,5.44,5.47,5.35,5.36,5.36,5.52,5.65,5.7,5.78,5.79,5.71,5.58,5.62,5.87,5.82,5.78,5.77,5.98,6.25,6.31,6.57,6.81,6.9,6.6,6.81,6.89,6.94,7.07,7.24,7.42,7.52,7.65,7.69,7.66,7.7,7.76,7.77,7.71,7.68,7.71,7.82,7.68,7.64,7.7,7.84,7.67,7.56,7.46,7.47,7.53,7.72,7.82,7.88,7.76,7.6,7.69,7.91,7.94,7.9,8.07,8.07,7.99,8.25,8.49,8.72
72620,33461,Palm Springs,FL,Miami-Fort Lauderdale,Palm Beach,5.51,5.41,5.33,5.21,5.11,5.07,5.06,5.04,4.93,4.76,4.62,4.53,4.46,4.42,4.37,4.43,4.53,4.56,4.44,4.4,4.36,4.36,4.36,4.37,4.36,4.37,4.47,4.46,4.48,4.53,4.59,4.72,4.75,4.85,4.97,5.01,4.99,4.97,5.02,5.14,5.19,5.3,5.55,5.7,5.76,5.9,5.97,6.03,6.07,6.19,6.29,6.33,6.43,6.48,6.52,6.63,6.77,6.96,7.14,7.39,7.55,7.58,7.76,7.78,7.77,7.74,7.7,7.56,7.6,8.04,8.05,8.19,8.19,8.23,8.19,8.27,8.23,8.28,8.4,8.51,8.59,8.62,8.72,8.83,9.1,9.27,9.16,9.35,9.42,9.53
72433,33130,Miami,FL,Miami-Fort Lauderdale,Miami-Dade,9.28,9.29,9.49,9.67,9.65,9.63,9.67,9.77,9.7,9.62,9.58,9.74,9.73,9.7,9.72,9.69,9.71,9.81,10.1,10.32,10.57,10.67,10.79,10.95,11.12,11.2,11.38,11.61,11.84,12.14,12.27,12.45,12.66,12.75,12.83,12.72,12.93,12.96,13.02,13.13,13.19,13.18,12.83,12.86,12.88,12.76,12.59,12.6,12.69,12.6,12.62,12.52,12.45,12.36,12.16,11.93,11.83,11.85,11.78,11.77,11.77,11.92,11.92,11.91,11.76,11.6,11.44,11.44,11.37,11.6,11.6,11.55,11.59,11.68,11.8,11.87,11.72,11.66,11.67,11.74,11.68,11.5,11.45,11.36,11.47,11.37,11.25,11.27,11.52,11.56
72437,33134,Coral Gables,FL,Miami-Fort Lauderdale,Miami-Dade,12.49,12.42,12.34,12.37,12.44,12.39,12.46,12.44,12.37,12.35,12.23,11.96,11.88,12.12,12.16,12.09,12.29,12.39,12.48,12.64,12.71,12.84,12.6,12.65,12.93,13.14,12.93,13.23,13.17,13.18,13.37,13.54,13.69,13.81,13.98,13.77,14.02,13.99,14.21,14.29,14.45,14.57,14.39,14.37,14.3,14.22,13.98,14.05,14.11,14.13,14.23,14.35,14.43,14.39,14.21,14.24,14.25,14.25,13.98,13.92,13.95,14.04,13.62,13.44,13.54,13.61,13.82,13.66,13.6,13.15,13.39,13.51,13.65,13.97,14.19,14.3,14.16,14.06,14.01,14.05,14.25,14.28,14.29,14.32,14.55,14.61,14.63,14.68,14.9,14.85
72611,33445,Delray Beach,FL,Miami-Fort Lauderdale,Palm Beach,6.26,6.23,6.07,5.94,6.04,6.13,6.11,6.02,5.8,5.63,5.56,5.4,5.33,5.29,5.28,5.21,5.32,5.33,5.34,5.3,5.2,5.12,5.12,5.11,5.07,5.15,5.29,5.36,5.42,5.54,5.68,5.8,5.92,6.05,6.1,6.05,5.94,5.87,5.92,5.96,5.93,5.87,6.19,6.46,6.76,6.82,6.92,6.99,6.98,6.98,6.95,7.03,7.14,7.17,7.31,7.42,7.42,7.48,7.53,7.49,7.54,7.5,7.49,7.48,7.47,7.59,7.77,7.85,7.85,8.03,8.0,7.95,7.95,8.04,8.09,8.11,8.15,8.19,8.32,8.44,8.39,8.39,8.42,8.48,8.73,8.81,8.71,8.92,9.01,9.09
72497,33196,The Hammocks,FL,Miami-Fort Lauderdale,Miami-Dade,8.84,8.82,8.82,8.84,8.83,8.81,8.87,8.79,8.65,8.53,8.53,8.49,8.33,8.41,8.44,8.41,8.48,8.58,8.56,8.55,8.65,8.62,8.69,8.74,8.74,8.79,8.85,8.85,8.88,8.98,9.11,9.2,9.28,9.47,9.46,9.34,9.56,9.57,9.61,9.73,9.85,9.94,10.12,10.25,10.37,10.39,10.45,10.5,10.52,10.62,10.66,10.75,10.81,10.75,10.84,10.95,10.97,11.0,11.07,11.07,11.09,11.22,11.24,11.23,11.2,11.23,11.2,11.18,11.24,11.4,11.45,11.52,11.61,11.73,11.83,11.86,11.83,11.83,11.87,11.96,12.06,12.13,12.19,12.22,12.47,12.48,12.42,12.45,12.61,12.61
72577,33410,Palm Beach Gardens,FL,Miami-Fort Lauderdale,Palm Beach,9.34,9.33,9.14,9.21,9.2,9.28,9.29,9.4,9.48,9.4,9.28,9.32,9.29,9.22,9.28,9.34,9.2,9.2,9.39,9.53,9.7,9.85,9.96,9.95,10.01,9.96,10.01,10.01,10.02,10.1,10.19,10.3,10.3,10.21,10.17,10.29,10.53,10.66,10.72,10.77,10.72,10.82,10.94,11.06,11.21,11.23,11.08,11.01,10.91,10.93,10.93,11.08,11.13,11.13,11.21,11.31,11.39,11.47,11.6,11.69,11.74,11.7,11.43,11.31,11.2,11.19,11.18,11.2,11.31,11.53,11.6,11.66,11.7,11.75,11.76,11.76,11.73,11.8,11.85,11.9,11.97,11.94,11.93,11.94,12.16,12.32,12.17,12.35,12.43,12.45
72640,33484,Delray Beach,FL,Miami-Fort Lauderdale,Palm Beach,5.42,5.34,5.25,5.16,5.17,5.18,5.13,4.95,4.79,4.69,4.67,4.63,4.51,4.48,4.48,4.47,4.59,4.63,4.64,4.64,4.56,4.52,4.5,4.52,4.36,4.4,4.47,4.55,4.6,4.67,4.81,4.87,4.98,5.11,5.09,4.89,4.86,4.69,4.91,4.93,4.95,5.0,5.07,5.19,5.29,5.32,5.46,5.6,5.7,5.78,5.79,5.84,5.98,6.04,6.18,6.29,6.29,6.28,6.41,6.54,6.66,6.68,6.79,6.79,6.65,6.71,6.67,6.68,6.62,6.82,6.64,6.48,6.42,6.5,6.54,6.6,6.78,6.9,6.94,6.93,7.04,7.07,7.16,7.21,7.33,7.39,7.24,7.34,7.39,7.67
72354,33016,Hialeah,FL,Miami-Fort Lauderdale,Miami-Dade,6.16,5.87,5.68,5.61,5.47,5.57,5.52,5.4,5.32,5.2,5.04,5.01,5.0,4.97,4.93,4.92,4.95,4.96,5.03,5.0,5.03,5.11,5.15,5.28,5.33,5.28,5.41,5.54,5.58,5.67,5.73,5.84,5.95,6.02,5.87,5.78,5.97,6.19,6.36,6.39,6.49,6.59,6.82,7.0,7.11,7.27,7.42,7.49,7.48,7.62,7.6,7.74,7.75,7.76,7.72,7.68,7.68,7.61,7.66,7.65,7.65,7.76,7.8,7.82,7.79,7.91,7.95,7.85,7.84,8.27,8.13,8.02,8.1,8.29,8.41,8.43,8.44,8.54,8.5,8.46,8.58,8.71,8.8,8.89,9.08,9.1,9.06,9.14,9.34,9.35
72594,33428,Boca Raton,FL,Miami-Fort Lauderdale,Palm Beach,7.79,7.72,7.59,7.49,7.47,7.48,7.47,7.39,7.23,7.04,6.99,6.93,6.84,6.8,6.84,6.82,6.98,7.28,7.47,7.62,7.56,7.6,7.71,7.82,7.7,7.75,7.79,7.78,7.74,7.85,8.01,8.12,8.17,8.34,8.44,8.55,8.94,8.95,9.01,9.12,9.12,9.22,9.29,9.32,9.43,9.46,9.54,9.57,9.64,9.6,9.57,9.64,9.7,9.71,9.73,9.94,10.1,10.15,10.27,10.3,10.21,10.05,10.09,9.98,10.07,10.18,10.2,10.41,10.44,10.75,10.72,10.65,10.62,10.61,10.66,10.69,10.82,10.81,10.85,10.86,10.89,10.88,10.88,10.96,11.25,11.4,11.37,11.56,11.64,11.62
72474,33172,Fountainbleau,FL,Miami-Fort Lauderdale,Miami-Dade,6.41,6.37,6.36,6.37,6.29,6.28,6.31,6.21,6.04,5.91,5.82,5.68,5.68,5.66,5.69,5.74,5.7,5.65,5.7,5.76,5.66,5.73,5.74,5.89,5.99,6.04,6.18,6.18,6.25,6.39,6.43,6.53,6.63,6.74,6.73,6.72,6.93,7.09,7.27,7.29,7.39,7.48,7.67,7.67,7.84,7.95,8.0,7.88,7.9,8.03,8.04,8.14,8.15,8.15,8.14,8.05,8.07,8.17,8.24,8.28,8.26,8.35,8.4,8.32,8.3,8.3,8.38,8.25,8.26,8.54,8.54,8.55,8.57,8.74,8.73,8.78,8.86,8.78,8.79,8.87,8.95,8.96,9.0,9.07,9.3,9.42,9.4,9.41,9.53,9.5
72434,33131,Miami,FL,Miami-Fort Lauderdale,Miami-Dade,11.41,11.41,11.56,11.55,11.62,11.65,11.79,11.88,12.1,12.07,11.96,11.96,11.87,11.81,11.96,12.08,12.13,12.25,12.52,12.68,12.86,12.92,12.96,12.94,13.04,13.29,13.47,13.61,13.75,13.95,14.0,14.17,14.33,14.46,14.62,14.65,14.85,14.83,14.87,14.97,15.05,15.12,14.83,14.74,14.74,14.63,14.42,14.34,14.52,14.42,14.48,14.53,14.41,14.29,14.16,13.96,13.89,13.95,13.83,13.81,13.87,14.02,13.72,13.54,13.48,13.42,13.39,13.29,13.23,13.16,13.24,13.26,13.35,13.49,13.63,13.72,13.7,13.65,13.55,13.45,13.47,13.36,13.23,13.19,13.41,13.44,13.37,13.32,13.4,13.28
72458,33155,Coral Terrace,FL,Miami-Fort Lauderdale,Miami-Dade,10.11,9.98,9.78,9.6,9.62,9.74,9.69,9.54,9.39,9.35,9.24,9.14,9.06,8.98,8.99,9.14,9.15,9.16,9.28,9.39,9.75,9.69,9.64,9.71,9.61,9.74,9.79,9.94,10.01,10.27,10.4,10.43,10.42,10.53,10.57,10.54,10.83,10.76,10.56,10.77,10.95,10.84,10.94,11.03,11.03,10.96,10.97,11.06,10.97,11.05,11.05,11.16,11.23,11.16,11.36,11.24,11.26,11.41,11.42,11.52,11.69,11.85,11.93,11.93,11.91,11.85,11.79,11.91,12.06,12.24,12.24,12.43,12.54,12.66,12.83,12.92,12.81,12.69,12.6,12.61,12.69,12.77,12.92,13.02,13.27,13.4,13.45,13.48,13.67,13.58
72494,33193,Kendall West,FL,Miami-Fort Lauderdale,Miami-Dade,7.91,7.98,8.04,8.04,7.81,7.78,7.81,7.72,7.69,7.65,7.49,7.49,7.47,7.48,7.53,7.48,7.42,7.46,7.41,7.42,7.46,7.48,7.51,7.61,7.62,7.79,8.0,8.01,8.05,8.12,8.08,8.19,8.14,8.25,8.16,8.05,8.2,8.35,8.48,8.52,8.59,8.79,9.06,9.26,9.21,9.25,9.25,9.28,9.32,9.37,9.39,9.41,9.32,9.27,9.31,9.4,9.48,9.63,9.68,9.68,9.72,9.84,10.13,10.24,10.21,10.35,10.28,10.43,10.55,10.75,10.81,10.83,10.91,11.04,11.17,11.25,11.23,11.25,11.24,11.3,11.31,11.43,11.43,11.46,11.68,11.69,11.59,11.68,11.87,11.71
72352,33014,Hialeah,FL,Miami-Fort Lauderdale,Miami-Dade,7.52,7.46,7.26,7.35,7.3,7.24,7.2,7.08,7.0,6.96,6.94,6.78,6.76,6.86,6.95,6.99,7.05,7.05,7.11,7.12,7.21,7.29,7.32,7.3,7.29,7.27,7.46,7.55,7.36,7.52,7.46,7.62,7.63,7.69,7.75,7.71,7.8,7.9,7.97,8.09,8.22,8.25,8.35,8.47,8.51,8.5,8.65,8.77,8.68,8.73,8.8,8.87,8.78,8.78,8.71,8.69,8.69,8.68,8.71,8.81,8.83,8.86,8.96,8.93,8.98,9.12,9.28,9.25,9.33,9.66,9.65,9.64,9.71,9.89,10.03,10.08,10.05,10.06,9.99,10.17,10.15,10.27,10.34,10.39,10.68,10.75,10.8,10.78,10.83,10.73
72568,33401,West Palm Beach,FL,Miami-Fort Lauderdale,Palm Beach,7.62,7.46,7.3,7.07,6.99,7.19,7.03,6.99,6.9,6.88,6.87,6.84,6.9,6.8,6.76,6.78,6.86,6.97,7.04,7.1,7.26,7.4,7.62,7.74,7.72,7.77,7.88,8.01,8.1,8.37,8.52,8.66,8.82,8.97,9.16,9.14,9.22,9.2,9.04,9.03,9.0,9.0,9.27,9.38,9.58,9.55,9.53,9.46,9.43,9.5,9.5,9.57,9.58,9.62,9.68,9.72,9.75,9.86,9.92,10.19,10.37,10.29,10.06,9.83,9.89,9.84,9.87,10.01,9.99,9.78,9.84,9.92,10.1,10.26,10.33,10.39,10.42,10.26,10.32,10.51,10.64,10.57,10.55,10.53,10.77,10.81,10.66,10.89,10.91,10.94
72356,33018,Hialeah,FL,Miami-Fort Lauderdale,Miami-Dade,8.14,8.13,8.17,8.32,8.33,8.3,8.36,8.31,8.23,8.13,8.06,8.2,8.15,8.18,8.24,8.24,8.25,8.31,8.38,8.44,8.56,8.41,8.42,8.59,8.4,8.3,8.41,8.36,8.55,8.59,8.67,8.65,8.69,8.8,8.83,8.61,8.62,8.65,8.77,8.92,9.19,9.51,9.66,9.81,9.83,10.0,10.16,10.09,9.96,10.05,10.27,10.28,10.29,10.16,10.16,10.23,10.03,10.21,10.25,10.4,10.5,10.57,10.6,10.47,10.4,10.22,10.38,10.44,10.5,10.69,10.72,10.72,10.77,10.88,10.97,11.06,11.08,11.1,11.06,11.17,11.34,11.51,11.61,11.62,11.78,11.75,11.61,11.7,11.94,11.91
72436,33133,Miami,FL,Miami-Fort Lauderdale,Miami-Dade,12.83,12.74,12.72,12.87,13.04,13.01,13.1,13.15,13.04,12.95,12.9,12.82,12.87,12.96,12.95,13.06,13.14,13.3,13.51,13.57,13.62,13.6,13.5,13.55,13.47,13.63,13.61,13.81,13.87,14.0,14.05,14.14,14.42,14.52,14.67,14.64,14.75,14.73,14.77,14.92,15.04,15.17,14.84,14.72,14.7,14.59,14.43,14.54,14.58,14.73,14.71,14.93,15.0,14.84,14.72,14.5,14.55,14.62,14.55,14.63,14.64,14.77,14.13,14.01,14.25,14.18,14.23,13.8,13.71,13.56,13.68,13.84,13.92,14.28,14.61,14.64,14.55,14.55,14.46,14.48,14.59,14.56,14.48,14.58,14.91,14.91,14.89,14.91,15.1,15.03
72348,33010,Hialeah,FL,Miami-Fort Lauderdale,Miami-Dade,7.52,7.52,7.44,7.5,7.44,7.47,7.38,7.26,7.23,7.34,7.4,7.31,7.31,7.24,7.19,7.21,7.3,7.29,7.36,7.53,7.59,7.7,7.74,7.95,8.02,7.97,8.11,8.08,7.99,8.11,8.12,8.23,8.21,8.29,8.2,7.89,7.84,7.81,7.84,8.07,8.12,8.13,8.28,8.47,8.58,8.55,8.53,8.65,8.72,8.69,8.94,9.12,9.11,9.11,9.15,9.02,9.08,9.08,9.11,9.26,9.44,9.58,9.84,9.95,9.86,9.95,9.86,10.04,10.08,10.22,10.26,10.27,10.44,10.59,10.78,10.89,11.02,11.16,11.14,10.99,11.01,11.12,11.26,11.41,11.81,11.91,11.88,12.07,12.37,12.34
72370,33032,Princeton,FL,Miami-Fort Lauderdale,Miami-Dade,5.67,5.61,5.49,5.58,5.54,5.59,5.51,5.43,5.35,5.36,5.32,5.29,5.25,5.17,5.13,5.13,5.16,5.19,5.29,5.32,5.27,5.29,5.26,5.24,5.26,5.34,5.43,5.52,5.56,5.67,5.8,6.0,6.16,6.24,6.31,6.26,6.46,6.61,6.7,6.88,6.88,7.0,7.15,7.44,7.54,7.64,7.85,7.88,7.91,8.02,8.13,8.15,8.24,8.44,8.57,8.46,8.43,8.43,8.47,8.58,8.68,8.74,8.93,8.88,8.79,8.77,8.96,9.22,9.31,9.55,9.58,9.63,9.69,9.84,9.97,10.15,10.15,10.19,10.28,10.37,10.54,10.65,10.75,10.87,11.16,11.21,11.21,11.24,11.4,11.44
72389,33060,Pompano Beach,FL,Miami-Fort Lauderdale,Broward,7.7,7.59,7.52,7.39,7.15,7.22,7.13,6.99,6.95,6.84,6.66,6.73,6.76,6.71,6.67,6.8,6.71,6.88,7.02,7.11,7.18,7.3,7.18,7.11,7.07,7.2,7.22,7.33,7.35,7.59,7.65,7.81,8.08,8.39,8.53,8.7,8.85,9.02,8.96,8.95,8.87,8.98,9.01,8.94,8.87,8.89,8.92,8.87,8.95,8.97,8.91,8.75,8.81,8.78,8.82,8.88,8.95,8.86,8.9,8.97,9.05,9.11,9.03,8.99,9.01,9.2,9.23,9.6,9.6,9.47,9.53,9.55,9.64,9.85,9.86,9.93,10.09,10.26,10.25,10.33,10.43,10.46,10.57,10.65,10.83,10.89,10.87,10.95,11.25,11.35
72443,33140,Miami Beach,FL,Miami-Fort Lauderdale,Miami-Dade,12.63,12.61,12.65,12.8,12.91,12.87,13.14,13.28,13.23,13.08,12.97,13.0,12.98,13.12,13.2,13.25,13.29,13.34,13.51,13.62,13.71,13.71,13.75,13.75,13.72,13.78,13.8,13.82,13.91,13.99,14.12,14.18,14.41,14.54,14.65,14.53,14.7,14.64,14.75,14.79,14.97,15.13,14.82,14.71,14.7,14.55,14.47,14.57,14.63,14.67,14.63,14.72,14.72,14.61,14.63,14.24,14.27,14.62,14.59,14.65,14.65,14.8,14.35,14.13,14.52,14.16,14.33,13.94,14.08,14.19,14.25,14.39,14.4,14.59,14.84,14.86,14.81,14.69,14.52,14.46,14.5,14.58,14.53,14.53,14.79,14.73,14.61,14.67,14.88,14.76
72621,33462,Lantana,FL,Miami-Fort Lauderdale,Palm Beach,7.61,7.53,7.36,7.22,7.15,7.11,7.1,6.97,6.91,6.82,6.76,6.7,6.57,6.48,6.31,6.31,6.38,6.43,6.45,6.48,6.6,6.69,6.78,6.86,6.82,6.86,6.93,7.05,7.09,7.22,7.28,7.3,7.25,7.32,7.4,7.45,7.49,7.5,7.54,7.59,7.52,7.54,7.82,7.96,8.19,8.25,8.32,8.42,8.39,8.36,8.38,8.37,8.41,8.49,8.57,8.63,8.72,8.92,9.11,9.36,9.53,9.58,9.67,9.6,9.47,9.57,9.72,9.7,9.7,9.88,9.94,9.92,9.88,9.98,10.16,10.23,10.24,10.37,10.29,10.24,10.31,10.46,10.6,10.73,10.97,11.03,10.88,11.15,11.28,11.41
72367,33029,Pembroke Pines,FL,Miami-Fort Lauderdale,Broward,10.08,10.02,9.96,9.96,9.85,9.86,9.84,9.74,9.74,9.82,9.83,9.64,9.6,9.61,9.61,9.76,9.84,9.98,9.96,10.0,10.05,10.16,10.19,10.37,10.34,10.47,10.36,10.51,10.57,10.67,10.63,10.8,10.92,11.07,11.13,11.15,11.21,11.25,11.23,11.47,11.67,11.81,11.87,11.91,11.98,11.94,11.87,11.93,11.99,12.03,12.02,12.0,12.03,12.07,12.12,12.08,12.15,12.08,12.06,12.13,12.21,12.24,12.14,12.15,12.12,12.13,12.11,12.17,12.2,12.37,12.4,12.47,12.49,12.54,12.52,12.53,12.61,12.68,12.79,12.87,12.91,12.9,12.91,12.93,13.1,13.17,13.08,13.15,13.29,13.23
72571,33404,Riviera Beach,FL,Miami-Fort Lauderdale,Palm Beach,6.15,6.13,6.0,5.95,6.01,6.15,6.06,6.02,5.83,5.74,5.61,5.51,5.34,5.24,5.19,5.21,5.2,5.47,5.5,5.45,5.34,5.25,5.27,5.44,5.59,6.01,5.95,5.97,6.06,6.08,6.08,6.07,6.19,6.34,6.48,6.5,7.03,7.21,6.98,6.94,6.92,6.87,7.22,7.32,7.42,7.5,7.47,7.46,7.44,7.49,7.53,7.71,7.81,7.85,8.1,8.31,8.53,8.68,8.75,8.62,8.56,8.5,8.47,8.53,8.62,8.57,8.53,8.41,8.49,8.86,8.84,8.88,9.01,9.15,9.27,9.28,9.29,9.16,9.21,9.37,9.43,9.67,9.86,10.03,10.21,10.17,9.98,10.34,10.29,10.36
72400,33071,Coral Springs,FL,Miami-Fort Lauderdale,Broward,9.98,9.71,9.39,9.39,9.38,9.45,9.48,9.42,9.34,9.35,9.4,9.29,9.35,9.35,9.4,9.44,9.48,9.62,9.62,9.61,9.68,9.6,9.69,9.86,9.95,10.04,10.1,10.14,10.1,10.2,10.24,10.37,10.37,10.5,10.69,10.74,10.83,10.95,11.01,11.16,11.14,11.31,11.4,11.54,11.59,11.52,11.4,11.51,11.53,11.51,11.49,11.55,11.64,11.56,11.59,11.52,11.44,11.31,11.3,11.38,11.49,11.59,11.64,11.69,11.66,11.67,11.64,11.85,11.9,11.9,12.03,12.17,12.21,12.24,12.27,12.32,12.43,12.43,12.46,12.54,12.51,12.54,12.6,12.66,12.82,12.88,12.78,12.85,12.98,12.9
72446,33143,Glenvar Heights,FL,Miami-Fort Lauderdale,Miami-Dade,11.77,11.58,11.47,11.44,11.6,11.75,11.81,11.77,11.71,11.7,11.68,11.6,11.58,11.74,11.77,11.85,11.87,11.85,11.98,12.11,12.32,12.53,12.45,12.54,12.75,12.73,12.57,12.77,12.88,13.06,13.28,13.1,13.36,13.31,13.41,13.24,13.43,13.21,13.38,13.41,13.55,13.63,13.53,13.64,13.46,13.23,12.92,13.08,13.08,13.1,13.17,13.11,13.29,13.19,13.29,13.35,13.55,13.6,13.3,13.24,13.21,13.34,13.24,13.05,12.93,13.03,13.31,12.72,12.84,12.79,13.09,13.24,13.47,13.92,14.24,14.33,14.07,13.94,13.73,13.72,13.94,13.91,13.97,14.03,14.25,14.18,14.01,13.98,14.03,13.99
72552,33334,Oakland Park,FL,Miami-Fort Lauderdale,Broward,7.57,7.53,7.58,7.39,7.29,7.24,7.24,7.16,6.93,6.75,6.68,6.68,6.72,6.76,6.85,7.05,7.11,7.23,7.19,7.33,7.49,7.6,7.69,7.75,7.87,7.88,7.9,7.95,8.04,8.21,8.2,8.25,8.33,8.45,8.56,8.6,8.77,8.73,8.88,9.06,9.13,9.25,9.18,9.25,9.27,9.46,9.49,9.47,9.54,9.55,9.6,9.53,9.69,9.84,9.88,9.93,10.0,10.02,10.05,10.19,10.27,10.34,10.2,10.1,10.2,10.11,10.17,10.0,10.02,10.26,10.32,10.33,10.38,10.44,10.47,10.53,10.53,10.74,10.77,10.81,10.96,11.04,11.15,11.27,11.49,11.6,11.51,11.5,11.66,11.79
72598,33432,Boca Raton,FL,Miami-Fort Lauderdale,Palm Beach,10.6,10.42,10.31,10.58,10.77,11.08,11.2,11.35,11.38,11.53,11.64,11.48,11.11,11.11,11.15,11.24,11.36,11.54,11.56,11.58,11.75,11.73,11.66,11.46,11.41,11.3,11.33,11.42,11.59,11.73,12.04,12.19,12.23,12.36,12.32,12.26,12.27,12.35,12.39,12.49,12.53,12.68,12.67,12.77,13.04,13.04,13.02,13.01,12.92,12.74,12.9,13.14,13.28,13.39,13.33,13.37,13.4,13.4,13.32,13.23,13.16,13.03,12.45,12.45,12.76,12.84,12.98,12.5,12.42,12.21,12.45,12.54,12.47,12.55,12.57,12.59,12.66,12.59,12.67,12.77,12.76,12.82,12.77,12.88,13.05,12.94,12.66,12.77,12.84,12.9
72563,33351,Sunrise,FL,Miami-Fort Lauderdale,Broward,6.47,6.41,6.36,6.23,6.07,6.06,6.01,5.98,5.9,5.74,5.65,5.51,5.5,5.54,5.67,5.75,5.87,5.8,5.98,6.03,6.1,6.22,6.3,6.48,6.65,6.74,6.75,6.85,6.79,6.85,6.79,6.82,6.94,7.04,7.07,7.15,7.25,7.39,7.46,7.54,7.62,7.79,7.99,8.04,8.15,8.24,8.37,8.42,8.44,8.47,8.49,8.49,8.52,8.48,8.45,8.47,8.5,8.47,8.43,8.52,8.6,8.61,8.64,8.68,8.74,8.85,9.0,8.96,9.04,9.25,9.3,9.37,9.35,9.33,9.33,9.46,9.64,9.84,9.83,9.9,9.86,9.85,9.91,9.99,10.18,10.26,10.2,10.27,10.44,10.54
72536,33317,Plantation,FL,Miami-Fort Lauderdale,Broward,8.27,8.15,8.1,8.11,8.08,8.18,8.06,8.06,8.03,7.9,7.93,7.91,7.97,7.95,8.1,8.24,8.31,8.38,8.33,8.35,8.37,8.55,8.61,8.77,8.9,9.09,9.03,9.15,9.17,9.26,9.27,9.33,9.22,9.27,9.42,9.59,9.85,10.08,10.07,10.32,10.49,10.64,10.51,10.65,10.72,10.56,10.49,10.42,10.43,10.42,10.61,10.64,10.62,10.61,10.62,10.57,10.69,10.55,10.62,10.74,10.94,11.07,11.04,10.98,11.08,10.94,10.79,11.02,11.1,11.15,11.13,11.21,11.25,11.27,11.38,11.53,11.65,11.73,11.78,11.83,11.88,11.92,11.96,12.04,12.27,12.41,12.29,12.25,12.35,12.38
72398,33069,Pompano Beach,FL,Miami-Fort Lauderdale,Broward,6.21,6.1,6.09,6.11,5.99,6.05,6.0,6.04,5.95,5.78,5.58,5.54,5.55,5.6,5.6,5.69,5.74,5.82,6.02,6.04,6.04,5.91,6.0,6.06,6.08,6.17,6.16,6.34,6.49,6.73,6.75,6.81,6.84,6.93,7.05,7.14,7.31,7.26,7.31,7.47,7.57,7.61,7.74,7.71,7.78,7.82,7.9,7.94,8.0,8.04,8.04,8.04,8.02,8.02,8.01,7.88,7.82,7.79,7.82,7.88,7.94,8.03,8.07,8.06,7.98,7.95,7.88,7.87,7.9,7.98,8.02,8.06,8.07,8.07,8.01,8.05,8.1,8.15,8.16,8.28,8.32,8.34,8.33,8.41,8.5,8.5,8.42,8.47,8.61,8.65
72387,33055,Miami Gardens,FL,Miami-Fort Lauderdale,Miami-Dade,6.58,6.48,6.36,6.36,6.17,6.23,6.17,6.02,6.06,6.14,6.1,5.94,6.01,6.11,6.05,6.1,6.15,6.14,6.09,6.1,6.04,6.07,6.11,6.29,6.31,6.27,6.39,6.49,6.49,6.57,6.79,6.94,6.96,7.02,7.13,7.05,7.0,7.09,7.25,7.39,7.46,7.49,7.57,7.76,7.84,7.87,7.96,7.98,7.98,8.01,8.13,8.25,8.25,8.29,8.52,8.53,8.52,8.53,8.46,8.5,8.56,8.63,8.87,8.91,8.87,8.94,9.03,9.13,9.23,9.57,9.54,9.55,9.68,9.82,10.0,10.15,10.14,10.17,10.17,10.37,10.5,10.67,10.78,10.86,11.14,11.3,11.4,11.52,11.75,11.71
72441,33138,Miami,FL,Miami-Fort Lauderdale,Miami-Dade,10.21,10.35,10.38,10.37,10.41,10.47,10.43,10.44,10.61,10.74,10.69,10.58,10.59,10.58,10.68,10.92,10.63,10.7,10.92,10.87,11.02,11.29,11.32,11.54,11.53,11.97,12.01,12.28,12.15,12.23,12.54,12.75,13.17,13.14,13.02,13.02,13.25,12.99,13.06,13.1,13.17,13.17,12.85,12.66,12.87,12.66,12.49,12.28,12.17,12.33,12.35,12.38,12.36,12.35,12.29,12.3,12.36,12.54,12.83,13.01,13.06,13.18,13.03,13.0,13.14,13.14,13.17,13.65,13.69,13.31,13.54,13.78,13.88,14.04,14.14,14.16,14.1,13.91,13.89,14.02,14.24,14.3,14.29,14.36,14.6,14.63,14.61,14.62,14.85,14.83
72545,33326,Weston,FL,Miami-Fort Lauderdale,Broward,9.06,9.1,9.03,8.97,8.92,8.98,9.0,8.95,8.87,8.91,8.86,8.73,8.77,8.76,8.69,8.7,8.8,8.83,8.94,8.99,9.11,9.18,9.29,9.41,9.42,9.49,9.54,9.59,9.53,9.66,9.75,9.94,10.08,10.33,10.52,10.58,10.57,10.51,10.55,10.72,10.79,10.89,10.93,10.99,11.09,11.05,11.1,11.15,11.12,11.19,11.28,11.19,11.18,11.29,11.3,11.31,11.24,11.14,11.19,11.28,11.32,11.3,11.25,11.22,11.25,11.24,11.23,11.24,11.27,11.57,11.6,11.61,11.59,11.64,11.65,11.68,11.69,11.71,11.76,11.84,11.9,11.95,11.99,12.02,12.16,12.24,12.14,12.19,12.39,12.35
72459,33156,Pinecrest,FL,Miami-Fort Lauderdale,Miami-Dade,12.88,12.79,12.77,12.95,13.13,13.12,13.25,13.34,13.26,13.26,13.24,13.25,13.22,13.31,13.23,13.29,13.34,13.47,13.67,13.73,13.69,13.67,13.72,13.67,13.7,13.81,13.84,13.86,13.94,14.04,14.08,14.07,14.25,14.44,14.66,14.68,14.68,14.63,14.76,14.9,15.06,15.26,15.02,14.99,14.94,14.76,14.65,14.75,14.88,15.07,15.16,15.21,15.24,15.11,15.06,14.77,14.75,14.76,14.68,14.76,14.84,14.93,14.36,14.29,13.97,14.02,14.11,13.69,13.8,13.67,13.89,14.04,14.27,14.63,14.8,14.72,14.54,14.48,14.26,14.25,14.4,14.45,14.45,14.55,14.92,14.94,14.86,14.82,14.99,14.9
72405,33076,Coral Springs,FL,Miami-Fort Lauderdale,Broward,11.09,11.01,10.85,10.82,10.78,10.8,10.79,10.81,10.87,10.82,10.87,10.82,10.88,10.89,11.06,11.1,11.06,11.18,11.12,11.13,10.95,11.1,11.23,11.39,11.39,11.61,11.58,11.56,11.66,11.62,11.67,11.84,11.8,11.92,11.92,11.95,12.01,12.02,11.94,12.18,12.3,12.4,12.46,12.66,12.74,12.7,12.58,12.54,12.61,12.63,12.67,12.54,12.6,12.61,12.64,12.48,12.49,12.41,12.4,12.41,12.46,12.54,12.37,12.48,12.11,12.22,12.28,12.11,12.18,12.25,12.3,12.39,12.48,12.64,12.73,12.77,12.85,12.87,12.85,12.81,12.83,12.85,12.87,12.9,13.08,13.19,13.1,13.18,13.34,13.32
72485,33183,Kendale Lakes,FL,Miami-Fort Lauderdale,Miami-Dade,7.22,7.2,7.08,7.17,7.09,7.08,7.08,7.03,6.99,6.86,6.74,6.7,6.72,6.7,6.71,6.59,6.55,6.52,6.57,6.55,6.48,6.49,6.4,6.45,6.46,6.47,6.63,6.66,6.75,6.85,6.87,7.04,7.12,7.26,7.37,7.44,7.58,7.82,7.98,8.02,8.19,8.31,8.36,8.38,8.34,8.36,8.46,8.52,8.51,8.54,8.68,8.72,8.71,8.71,8.73,8.75,8.86,8.78,8.71,8.84,8.88,8.91,8.93,8.85,8.91,9.0,9.1,9.26,9.37,9.95,9.86,9.81,9.78,9.79,9.9,9.94,9.95,9.94,9.95,10.08,10.19,10.34,10.45,10.54,10.8,10.89,10.89,10.96,11.14,11.06
72576,33409,West Palm Beach,FL,Miami-Fort Lauderdale,Palm Beach,5.81,5.76,5.58,5.48,5.48,5.51,5.51,5.4,5.25,5.03,4.98,5.01,4.94,4.9,4.78,4.76,4.81,4.93,4.89,4.87,4.97,4.98,5.05,5.08,5.15,5.21,5.3,5.43,5.55,5.61,5.66,5.79,5.81,5.84,5.89,5.92,6.01,6.03,6.16,6.27,6.31,6.36,6.49,6.64,6.78,6.86,6.97,7.01,7.0,7.0,7.03,7.08,7.16,7.21,7.27,7.26,7.24,7.27,7.41,7.58,7.73,7.76,7.83,7.78,7.75,7.75,7.77,7.77,7.88,8.23,8.2,8.24,8.29,8.32,8.31,8.48,8.5,8.48,8.48,8.57,8.63,8.67,8.67,8.83,9.13,9.15,9.09,9.26,9.36,9.36
72600,33434,Boca Raton,FL,Miami-Fort Lauderdale,Palm Beach,6.58,6.46,6.18,6.02,5.82,5.79,5.82,5.65,5.41,5.33,5.31,5.28,5.2,5.23,5.07,4.87,5.0,4.92,5.03,5.1,5.1,5.25,5.47,5.42,5.26,5.1,5.04,4.91,4.93,5.1,5.17,5.23,5.26,5.6,5.6,5.47,5.28,5.13,5.13,5.07,5.13,5.35,5.64,5.58,5.83,6.13,6.23,6.3,6.39,6.5,6.62,6.77,6.94,6.95,6.99,7.02,7.06,7.09,6.98,6.9,6.76,6.67,6.73,6.61,6.5,6.53,6.59,6.68,6.84,6.89,6.78,6.73,6.68,6.66,6.53,6.5,6.65,6.82,6.9,7.34,7.41,7.44,7.28,7.19,7.26,7.17,7.25,7.52,7.74,7.78
72574,33407,West Palm Beach,FL,Miami-Fort Lauderdale,Palm Beach,6.29,6.17,5.98,5.84,5.83,5.91,5.85,5.72,5.61,5.49,5.39,5.41,5.38,5.35,5.29,5.28,5.31,5.35,5.32,5.26,5.32,5.41,5.48,5.42,5.39,5.4,5.43,5.46,5.62,5.75,5.87,6.18,6.28,6.4,6.54,6.66,6.69,6.74,6.81,6.9,6.92,6.89,6.83,6.88,6.96,7.03,7.1,7.19,7.18,7.2,7.21,7.22,7.27,7.36,7.43,7.57,7.66,7.75,7.82,7.96,8.03,8.04,8.01,8.0,8.01,8.02,8.09,8.11,8.21,8.54,8.54,8.54,8.56,8.61,8.72,8.78,8.78,8.78,8.82,8.94,9.02,9.05,9.12,9.33,9.68,9.77,9.75,10.01,10.04,10.23
72475,33173,Kendall,FL,Miami-Fort Lauderdale,Miami-Dade,9.78,9.71,9.62,9.59,9.69,9.81,9.76,9.68,9.62,9.5,9.41,9.27,9.09,8.94,9.05,9.13,9.1,9.28,9.26,9.3,9.33,9.26,9.25,9.37,9.53,9.48,9.51,9.73,9.89,9.94,10.07,10.1,10.25,10.4,10.31,10.22,10.11,10.13,10.15,10.16,10.24,10.14,10.23,10.41,10.36,10.32,10.33,10.37,10.31,10.43,10.63,10.71,10.78,10.7,10.65,10.68,10.72,10.86,10.89,11.03,11.13,11.2,11.24,11.33,11.42,11.52,11.4,11.36,11.41,11.24,11.32,11.44,11.59,11.72,11.77,11.78,11.72,11.7,11.63,11.64,11.82,11.96,12.07,12.14,12.4,12.44,12.39,12.36,12.53,12.43
72402,33073,Coconut Creek,FL,Miami-Fort Lauderdale,Broward,9.23,9.1,8.95,8.96,8.93,8.92,8.93,8.9,8.93,8.91,8.89,8.83,8.95,8.89,8.94,8.9,8.99,9.04,9.05,9.15,9.21,9.13,9.24,9.36,9.49,9.57,9.58,9.61,9.64,9.76,9.82,9.78,9.83,10.03,10.26,10.37,10.47,10.62,10.68,10.78,10.86,10.9,10.92,10.99,10.98,11.03,11.08,11.1,11.04,11.05,11.12,11.15,11.25,11.25,11.28,11.3,11.35,11.25,11.2,11.26,11.35,11.45,11.55,11.58,11.59,11.52,11.42,11.42,11.43,11.51,11.64,11.77,11.85,11.94,12.0,12.07,12.13,12.13,12.15,12.15,12.14,12.19,12.25,12.32,12.47,12.54,12.4,12.47,12.64,12.68
72364,33026,Pembroke Pines,FL,Miami-Fort Lauderdale,Broward,7.77,7.73,7.7,7.65,7.52,7.54,7.57,7.58,7.43,7.29,7.14,7.06,7.07,7.03,7.07,7.18,7.28,7.31,7.32,7.43,7.47,7.54,7.59,7.68,7.71,7.78,7.91,7.94,8.0,8.13,8.22,8.21,8.28,8.4,8.43,8.52,8.62,8.72,8.77,8.99,9.15,9.3,9.37,9.45,9.52,9.56,9.65,9.67,9.65,9.7,9.77,9.76,9.79,9.88,10.06,10.05,10.1,10.1,10.13,10.22,10.3,10.33,10.28,10.29,10.3,10.31,10.36,10.33,10.38,10.69,10.68,10.67,10.7,10.72,10.77,10.84,10.95,11.0,11.03,11.14,11.15,11.12,11.14,11.21,11.39,11.55,11.46,11.5,11.6,11.62
72592,33426,Boynton Beach,FL,Miami-Fort Lauderdale,Palm Beach,7.16,7.09,7.03,6.95,6.96,6.92,6.88,6.86,6.8,6.72,6.67,6.56,6.51,6.46,6.35,6.34,6.4,6.4,6.32,6.23,6.22,6.32,6.37,6.4,6.27,6.23,6.35,6.48,6.53,6.54,6.71,6.83,6.9,7.08,7.12,7.21,7.25,7.19,7.3,7.38,7.18,7.19,7.17,7.32,7.49,7.57,7.72,7.67,7.68,7.68,7.68,7.74,7.78,7.93,8.06,8.13,8.2,8.24,8.42,8.54,8.56,8.62,8.79,8.76,8.85,8.97,9.15,9.27,9.36,9.57,9.58,9.5,9.34,9.24,9.23,9.31,9.35,9.39,9.41,9.42,9.51,9.65,9.67,9.83,10.05,10.14,10.02,10.15,10.22,10.29
72523,33304,Fort Lauderdale,FL,Miami-Fort Lauderdale,Broward,10.27,10.18,10.17,10.12,10.04,10.17,10.17,10.08,10.05,10.02,9.91,9.83,9.85,10.02,10.3,10.27,10.31,10.53,10.78,11.05,11.16,11.38,11.58,11.66,11.62,11.65,11.68,11.73,11.78,11.71,11.8,11.95,12.06,12.3,12.25,12.3,12.24,12.35,12.38,12.55,12.64,12.84,12.63,12.62,12.73,12.79,12.61,12.53,12.58,12.6,12.63,12.51,12.47,12.43,12.5,12.46,12.53,12.59,12.49,12.62,12.59,12.63,12.16,12.13,12.27,12.38,12.46,11.99,12.07,12.09,12.19,12.26,12.12,12.13,12.29,12.43,12.46,12.53,12.63,12.68,12.71,12.71,12.81,12.85,13.0,13.02,12.91,12.93,13.02,12.88
72357,33019,Hollywood,FL,Miami-Fort Lauderdale,Broward,10.37,10.36,10.24,10.28,10.37,10.6,10.67,10.74,10.79,10.77,10.76,10.88,10.81,10.75,10.85,10.91,10.97,11.14,11.09,11.25,11.32,11.47,11.69,11.85,11.81,11.87,11.91,11.89,11.99,12.06,12.12,12.24,12.3,12.4,12.43,12.52,12.49,12.53,12.56,12.71,12.79,12.95,12.87,12.94,13.03,13.02,12.94,12.89,12.88,12.84,12.82,12.68,12.72,12.72,12.82,12.89,12.9,12.78,12.85,12.89,12.88,12.88,12.67,12.7,12.96,12.87,12.83,12.64,12.69,12.78,12.85,12.89,12.88,12.84,12.81,12.77,12.75,12.79,12.88,12.98,13.05,13.09,13.11,13.08,13.22,13.19,13.06,13.05,13.15,13.15
72642,33487,Boca Raton,FL,Miami-Fort Lauderdale,Palm Beach,10.49,10.33,10.2,10.27,10.33,10.53,10.63,10.59,10.48,10.52,10.45,10.42,10.38,10.45,10.6,10.54,10.44,10.51,10.62,10.6,10.75,10.84,10.81,10.7,10.65,10.61,10.66,10.76,10.9,11.18,11.41,11.51,11.67,11.72,11.65,11.64,11.63,11.81,11.85,11.86,11.9,12.06,12.16,12.08,12.09,12.02,11.98,11.89,11.85,11.9,11.78,11.7,11.66,11.68,11.69,11.76,11.88,12.01,12.14,12.23,12.19,12.13,11.94,11.85,11.89,12.06,12.21,12.39,12.52,12.49,12.55,12.52,12.49,12.45,12.28,12.24,12.24,12.37,12.46,12.42,12.35,12.47,12.54,12.63,12.89,12.89,12.64,12.74,12.89,12.93
72448,33145,Miami,FL,Miami-Fort Lauderdale,Miami-Dade,9.68,9.55,9.55,9.37,9.3,9.4,9.21,9.01,9.15,9.29,9.06,9.02,9.18,9.29,9.02,9.23,9.33,9.57,9.74,9.66,9.77,9.78,10.08,10.33,10.18,10.0,10.1,10.55,10.6,10.9,11.04,11.28,11.38,11.6,11.65,11.45,11.53,11.58,11.6,11.61,11.67,11.64,11.54,11.54,11.61,11.67,11.69,11.81,11.67,11.64,11.7,11.77,11.86,11.83,11.97,11.94,11.84,11.9,11.9,11.88,11.89,12.03,12.19,12.26,12.52,12.56,12.53,13.29,13.38,13.41,13.62,13.8,13.77,13.77,13.94,14.09,14.02,13.99,13.69,13.49,13.65,13.67,13.71,13.77,13.91,13.89,13.84,13.91,14.19,14.22
72575,33408,North Palm Beach,FL,Miami-Fort Lauderdale,Palm Beach,10.13,9.99,9.72,9.78,9.9,10.08,10.07,10.15,10.28,10.29,10.08,10.01,9.97,9.8,9.75,9.81,9.73,9.81,9.99,10.0,10.28,10.29,10.43,10.26,10.29,10.35,10.3,10.38,10.53,10.73,10.87,10.92,10.92,10.82,10.83,10.89,11.03,11.18,11.01,10.83,10.83,10.8,10.97,11.16,11.52,11.52,11.46,11.3,11.2,11.12,11.01,11.01,11.05,11.28,11.48,11.69,11.75,11.98,11.98,12.08,12.14,12.03,11.4,11.26,11.3,11.38,11.54,11.59,11.68,11.7,11.85,11.95,12.08,12.09,11.91,11.8,11.76,11.87,11.87,11.92,12.01,12.15,12.26,12.23,12.43,12.58,12.39,12.51,12.56,12.64
72645,33496,Boca Raton,FL,Miami-Fort Lauderdale,Palm Beach,9.55,9.27,9.19,9.36,9.39,9.45,9.54,9.55,9.47,9.53,9.45,9.47,9.44,9.42,9.6,9.67,9.62,9.73,9.78,9.8,9.85,9.97,9.76,9.55,9.37,9.3,9.28,9.38,9.44,9.7,9.79,9.96,10.1,10.23,10.26,10.11,10.12,10.09,10.11,10.33,10.31,10.41,10.49,10.56,10.63,10.67,10.85,11.0,11.01,11.04,11.13,11.15,11.17,11.13,11.03,10.84,10.77,10.78,10.83,10.8,10.87,10.85,10.88,10.89,10.59,10.93,11.15,11.18,11.26,11.37,11.37,11.3,11.29,11.34,11.31,11.33,11.27,11.35,11.43,11.5,11.49,11.49,11.48,11.47,11.65,11.66,11.58,11.77,11.9,11.99
72544,33325,Davie,FL,Miami-Fort Lauderdale,Broward,10.13,9.98,9.84,9.75,9.58,9.63,9.63,9.58,9.59,9.58,9.6,9.57,9.59,9.55,9.6,9.68,9.75,9.83,9.9,10.02,10.19,10.17,10.23,10.22,10.25,10.42,10.38,10.45,10.47,10.56,10.58,10.79,10.89,11.12,11.14,11.18,11.08,11.04,11.09,11.35,11.5,11.58,11.56,11.68,11.72,11.69,11.57,11.5,11.55,11.52,11.53,11.5,11.59,11.67,11.69,11.66,11.64,11.55,11.59,11.67,11.76,11.81,11.71,11.71,11.64,11.68,11.74,11.69,11.75,11.96,11.99,12.05,12.12,12.21,12.23,12.23,12.28,12.29,12.34,12.4,12.41,12.45,12.5,12.51,12.63,12.68,12.56,12.66,12.88,12.87
72476,33174,Fountainbleau,FL,Miami-Fort Lauderdale,Miami-Dade,8.11,8.11,7.98,7.94,7.77,7.75,7.83,7.74,7.68,7.63,7.7,7.72,7.63,7.66,7.61,7.63,7.59,7.53,7.55,7.67,7.71,7.66,7.71,7.75,7.65,7.6,7.71,7.68,7.84,7.98,8.07,8.16,8.33,8.5,8.6,8.48,8.49,8.64,8.8,8.93,9.06,9.1,9.25,9.46,9.56,9.53,9.42,9.64,9.69,9.67,9.86,9.93,9.81,9.73,9.78,9.82,9.88,10.01,9.8,9.81,9.84,9.97,10.09,10.06,10.11,10.14,10.21,10.1,10.26,10.49,10.49,10.48,10.54,10.62,10.69,10.7,10.68,10.62,10.59,10.68,10.79,10.79,10.88,10.95,11.15,11.19,11.13,11.22,11.39,11.32
72520,33301,Fort Lauderdale,FL,Miami-Fort Lauderdale,Broward,11.23,11.16,10.99,10.97,10.93,11.01,11.04,11.03,11.04,11.01,10.98,10.95,11.0,10.98,11.1,11.11,11.13,11.32,11.33,11.4,11.49,11.62,11.74,11.91,11.96,12.08,12.15,12.15,12.18,12.17,12.2,12.28,12.37,12.48,12.43,12.44,12.43,12.5,12.56,12.74,12.89,13.02,13.02,13.03,13.19,13.17,13.03,13.01,12.99,12.98,13.01,12.9,12.91,12.92,12.96,12.99,13.0,12.9,12.88,12.91,12.92,13.01,12.67,12.73,13.14,12.98,12.91,12.2,12.2,12.27,12.37,12.47,12.52,12.7,12.9,12.91,12.98,12.96,12.94,12.92,12.95,12.99,13.1,13.12,13.35,13.46,13.28,13.28,13.36,13.32
72547,33328,Davie,FL,Miami-Fort Lauderdale,Broward,9.82,9.74,9.68,9.65,9.6,9.73,9.77,9.73,9.71,9.61,9.55,9.5,9.52,9.49,9.52,9.55,9.6,9.66,9.62,9.71,9.81,9.81,9.86,10.03,10.16,10.31,10.34,10.47,10.53,10.54,10.48,10.54,10.54,10.69,10.84,10.93,10.99,11.15,11.13,11.29,11.42,11.46,11.51,11.65,11.72,11.64,11.5,11.55,11.56,11.51,11.47,11.44,11.51,11.54,11.58,11.59,11.51,11.42,11.47,11.53,11.62,11.67,11.59,11.62,11.66,11.71,11.67,11.62,11.65,11.74,11.74,11.82,11.89,12.03,12.12,12.18,12.28,12.31,12.35,12.41,12.42,12.46,12.51,12.56,12.74,12.83,12.73,12.78,12.89,12.83
72395,33066,Coconut Creek,FL,Miami-Fort Lauderdale,Broward,5.15,5.11,5.02,5.0,4.92,4.84,4.76,4.77,4.81,4.66,4.61,4.49,4.41,4.4,4.37,4.4,4.41,4.45,4.64,4.64,4.63,4.7,4.67,4.69,4.69,4.78,4.95,4.99,5.06,5.2,5.2,5.34,5.48,5.58,5.63,5.71,5.83,5.85,5.94,6.06,6.18,6.27,6.29,6.32,6.31,6.36,6.32,6.45,6.45,6.41,6.45,6.41,6.45,6.43,6.48,6.52,6.51,6.5,6.4,6.44,6.55,6.63,6.7,6.6,6.69,6.79,6.74,6.65,6.75,6.87,6.85,6.92,6.86,6.83,6.81,6.81,6.84,6.89,6.97,6.98,7.1,7.24,7.28,7.21,7.32,7.38,7.41,7.49,7.6,7.72
72396,33067,Coral Springs,FL,Miami-Fort Lauderdale,Broward,11.07,10.93,10.69,10.59,10.6,10.55,10.52,10.58,10.58,10.44,10.43,10.31,10.37,10.33,10.57,10.65,10.52,10.66,10.68,10.71,10.64,10.66,10.74,10.8,11.01,11.12,10.95,10.99,11.18,11.21,11.22,11.32,11.25,11.45,11.62,11.67,11.75,11.85,11.76,12.08,12.09,12.25,12.29,12.45,12.54,12.48,12.34,12.29,12.25,12.34,12.33,12.28,12.32,12.3,12.36,12.27,12.31,12.27,12.24,12.29,12.31,12.39,12.24,12.32,12.1,12.14,12.1,11.98,12.07,12.26,12.35,12.46,12.57,12.75,12.82,12.8,12.85,12.91,12.92,12.93,12.9,12.89,12.92,12.96,13.14,13.25,13.13,13.24,13.44,13.42
72636,33480,Palm Beach,FL,Miami-Fort Lauderdale,Palm Beach,10.87,10.72,10.52,10.71,10.91,11.19,11.5,11.75,11.92,12.01,12.05,12.06,11.97,11.88,11.95,11.96,11.89,11.92,12.01,12.02,12.11,12.06,12.01,11.87,11.9,11.82,11.67,11.67,11.79,12.02,12.24,12.37,12.4,12.44,12.32,12.28,12.21,12.32,12.23,12.28,12.29,12.55,12.51,12.6,12.87,12.84,12.79,12.91,12.91,13.02,13.18,13.24,13.27,13.4,13.49,13.59,13.66,13.56,13.46,13.47,13.44,13.34,12.72,12.41,12.6,12.79,12.97,12.05,12.1,11.79,11.87,11.86,11.98,12.18,12.32,12.35,12.49,12.52,12.68,12.84,13.0,13.05,13.08,13.12,13.39,13.37,13.11,13.29,13.36,13.4
72447,33144,Miami,FL,Miami-Fort Lauderdale,Miami-Dade,9.65,9.53,9.5,9.35,9.38,9.26,9.05,8.91,8.9,8.84,8.55,8.54,8.39,8.37,8.38,8.5,8.59,8.62,8.77,8.91,9.19,9.11,9.14,9.35,9.24,9.28,9.35,9.36,9.37,9.49,9.56,9.45,9.57,9.75,9.72,9.65,9.87,9.81,9.91,10.1,10.34,10.2,10.28,10.41,10.38,10.22,10.21,10.31,10.1,10.22,10.34,10.44,10.4,10.34,10.47,10.49,10.48,10.54,10.48,10.58,10.67,10.82,10.91,10.95,10.8,10.74,10.72,11.04,11.11,11.52,11.54,11.6,11.73,11.78,11.87,11.9,11.87,11.89,11.83,11.85,11.98,12.12,12.26,12.43,12.73,12.85,12.85,12.79,12.91,12.85
72610,33444,Delray Beach,FL,Miami-Fort Lauderdale,Palm Beach,7.85,7.75,7.58,7.52,7.52,7.6,7.6,7.62,7.54,7.51,7.43,7.35,7.16,7.1,7.05,7.01,7.13,7.16,7.16,7.07,7.12,7.25,7.2,7.28,7.39,7.44,7.48,7.42,7.52,7.62,7.63,7.65,7.68,7.79,7.89,8.02,8.15,8.13,8.0,8.17,8.25,8.33,8.37,8.4,8.57,8.58,8.64,8.7,8.67,8.7,8.7,8.64,8.69,8.85,8.98,9.22,9.44,9.64,9.64,9.67,9.58,9.54,9.42,9.29,9.35,9.43,9.55,9.47,9.63,10.04,9.93,9.87,9.73,9.72,9.78,9.89,10.01,10.08,10.22,10.27,10.31,10.35,10.38,10.47,10.76,10.86,10.7,11.0,10.99,11.25
72629,33470,Loxahatchee Groves,FL,Miami-Fort Lauderdale,Palm Beach,7.63,7.7,7.62,7.62,7.81,7.71,7.66,7.71,7.68,7.58,7.58,7.49,7.54,7.52,7.7,7.84,7.97,8.79,9.25,9.5,9.11,8.75,8.8,9.2,9.38,10.02,10.29,10.02,10.34,10.06,9.9,9.94,9.45,9.33,9.01,9.76,10.91,11.65,12.56,12.49,12.15,11.55,10.85,10.42,10.48,10.37,10.33,10.11,9.89,9.87,9.88,9.91,10.0,10.13,10.15,10.21,10.25,10.45,10.47,10.57,10.61,10.65,10.85,10.79,10.97,11.13,11.25,11.28,11.47,11.66,11.52,11.47,11.46,11.56,11.69,11.81,11.95,11.97,12.05,12.08,12.14,12.18,12.15,12.23,12.54,12.64,12.49,12.56,12.74,12.73
72351,33013,Hialeah,FL,Miami-Fort Lauderdale,Miami-Dade,7.89,7.88,7.77,7.88,7.83,7.82,7.82,7.63,7.7,7.79,7.77,7.71,7.63,7.64,7.57,7.54,7.62,7.62,7.69,7.78,7.85,7.9,7.84,7.94,7.98,7.98,8.2,8.19,8.2,8.37,8.34,8.56,8.54,8.58,8.52,8.3,8.27,8.39,8.32,8.67,8.7,8.65,8.97,9.23,9.27,9.21,9.08,9.18,9.11,9.06,9.38,9.57,9.53,9.54,9.61,9.65,9.57,9.62,9.66,9.79,9.93,9.87,10.06,10.11,9.87,9.92,9.89,10.33,10.37,10.26,10.33,10.41,10.64,10.87,11.05,11.18,11.25,11.24,11.21,11.17,11.2,11.26,11.37,11.46,11.85,12.06,12.17,12.31,12.58,12.52
72469,33166,Miami Springs,FL,Miami-Fort Lauderdale,Miami-Dade,9.73,9.58,9.56,9.35,9.41,9.35,9.12,8.86,8.93,8.97,8.85,9.13,9.19,9.46,9.35,9.42,9.39,9.49,9.78,9.84,9.92,9.92,10.02,10.34,10.22,10.15,10.04,10.06,10.1,10.19,10.24,10.24,10.25,10.46,10.42,10.25,10.36,10.38,10.26,10.42,10.58,10.32,10.71,10.95,11.05,10.82,10.7,10.8,10.68,10.88,11.0,11.19,11.08,11.01,11.07,11.01,10.92,10.96,11.0,11.08,11.16,11.25,11.31,11.3,11.2,11.1,11.24,11.4,11.43,10.93,11.09,11.25,11.5,11.6,11.8,11.96,11.99,12.01,12.01,12.21,12.24,12.26,12.37,12.49,12.88,12.93,12.82,12.76,12.98,13.01
72641,33486,Boca Raton,FL,Miami-Fort Lauderdale,Palm Beach,9.82,9.8,9.68,9.8,9.84,9.82,9.88,9.83,9.76,9.8,9.7,9.71,9.63,9.51,9.58,9.58,9.7,9.81,10.09,9.96,10.11,10.28,10.24,10.14,10.17,10.18,10.21,10.29,10.45,10.71,10.9,11.12,11.32,11.47,11.44,11.5,11.62,11.71,11.82,11.73,11.7,11.6,11.68,11.73,11.8,11.69,11.56,11.58,11.56,11.63,11.57,11.58,11.68,11.75,11.84,11.86,11.86,11.9,11.85,11.98,12.13,12.18,11.91,11.8,11.94,12.01,12.17,11.83,11.93,11.93,12.0,12.01,12.08,12.26,12.42,12.45,12.45,12.38,12.36,12.34,12.33,12.31,12.34,12.42,12.65,12.71,12.56,12.71,12.8,12.87
72634,33477,Jupiter,FL,Miami-Fort Lauderdale,Palm Beach,10.71,10.64,10.38,10.5,10.7,11.08,11.23,11.47,11.55,11.71,11.84,12.0,11.99,11.88,11.87,11.87,11.79,11.83,11.92,11.94,12.07,12.02,11.89,11.77,11.71,11.59,11.32,11.34,11.29,11.47,11.92,12.1,12.22,12.28,12.3,12.18,12.21,12.29,12.28,12.15,12.18,12.26,12.24,12.44,12.84,12.92,12.98,12.88,12.71,12.66,12.34,12.13,12.02,12.08,12.29,12.66,12.86,12.85,12.79,12.93,12.71,12.46,11.83,11.67,11.82,12.11,12.51,12.4,12.57,12.95,12.97,12.92,12.78,12.38,11.88,11.62,11.62,11.86,12.18,12.38,12.45,12.56,12.62,12.63,12.69,12.6,12.19,12.28,12.44,12.61
72457,33154,Bal Harbour,FL,Miami-Fort Lauderdale,Miami-Dade,12.64,12.62,12.64,12.73,12.76,12.85,13.08,13.21,13.21,13.16,13.16,13.17,13.15,13.21,13.22,13.28,13.37,13.48,13.67,13.74,13.63,13.7,13.67,13.6,13.54,13.76,13.8,13.86,13.96,14.03,14.04,14.12,14.4,14.57,14.77,14.71,14.88,14.83,14.9,15.03,15.18,15.35,15.1,14.99,15.0,14.82,14.65,14.66,14.8,14.97,14.89,15.05,15.03,14.95,14.99,14.71,14.71,14.84,14.94,15.01,15.08,15.11,14.49,14.38,15.1,14.79,14.62,14.16,14.15,13.52,13.77,14.1,14.3,14.54,14.87,14.92,14.79,14.74,14.68,14.76,14.72,14.69,14.65,14.65,15.09,15.18,15.11,15.08,15.34,15.18
72491,33189,Cutler Bay,FL,Miami-Fort Lauderdale,Miami-Dade,7.03,6.96,6.95,6.83,6.75,6.81,6.87,6.87,6.88,6.8,6.85,6.93,6.9,6.88,6.97,6.95,6.98,6.93,6.85,6.87,6.76,6.88,6.88,6.95,7.02,7.12,7.25,7.33,7.46,7.61,7.82,7.94,8.1,8.3,8.37,8.31,8.4,8.34,8.49,8.68,8.74,8.87,8.99,9.25,9.26,9.29,9.38,9.5,9.46,9.48,9.52,9.61,9.75,9.69,9.81,9.77,9.72,9.79,9.81,9.91,10.08,10.17,10.25,10.17,10.09,10.03,9.96,10.24,10.33,10.59,10.62,10.65,10.8,11.01,11.14,11.25,11.21,11.2,11.19,11.22,11.28,11.35,11.4,11.53,11.77,11.81,11.8,11.82,12.07,12.08
72366,33028,Pembroke Pines,FL,Miami-Fort Lauderdale,Broward,10.04,9.98,9.94,9.87,9.75,9.74,9.72,9.69,9.63,9.66,9.65,9.53,9.55,9.52,9.59,9.74,9.74,9.76,9.72,9.78,9.88,9.95,10.04,10.25,10.2,10.35,10.28,10.4,10.46,10.59,10.58,10.71,10.87,11.04,11.08,11.09,11.17,11.21,11.22,11.42,11.57,11.7,11.82,11.86,11.93,11.91,11.79,11.88,11.92,11.96,11.97,11.98,11.99,12.02,12.04,11.99,12.02,11.95,11.9,11.95,12.0,12.06,12.03,12.09,12.07,12.09,12.11,12.05,12.06,12.19,12.24,12.31,12.34,12.41,12.41,12.45,12.52,12.55,12.6,12.71,12.71,12.71,12.72,12.73,12.89,12.98,12.87,12.94,13.09,13.1
72345,33004,Dania Beach,FL,Miami-Fort Lauderdale,Broward,7.66,7.68,7.58,7.46,7.43,7.44,7.46,7.28,7.19,7.01,6.82,6.59,6.5,6.82,6.88,7.3,7.41,7.37,7.44,7.67,7.75,7.81,7.93,7.89,7.8,7.9,8.04,8.12,7.92,7.94,7.81,7.87,8.0,8.07,8.11,8.25,8.48,8.63,8.64,8.8,8.79,8.9,8.9,8.82,8.88,8.92,8.85,8.75,8.67,8.69,8.77,8.67,8.75,8.83,8.84,8.77,8.75,8.69,8.72,8.73,8.77,8.75,8.73,8.69,8.59,8.71,8.69,8.58,8.64,9.03,8.96,9.01,9.03,9.09,9.17,9.33,9.38,9.4,9.41,9.45,9.51,9.6,9.61,9.64,9.83,9.91,9.94,9.96,10.08,10.27
72639,33483,Delray Beach,FL,Miami-Fort Lauderdale,Palm Beach,10.82,10.72,10.61,10.78,10.96,11.31,11.52,11.75,11.83,11.94,11.95,11.93,11.93,11.88,11.9,11.9,11.83,11.86,11.95,12.01,12.14,12.13,12.08,11.95,11.91,11.84,11.71,11.72,11.81,12.04,12.24,12.45,12.53,12.59,12.48,12.42,12.47,12.59,12.65,12.72,12.79,12.89,12.83,12.9,13.08,13.14,13.12,13.12,13.08,13.14,13.09,13.08,13.18,13.24,13.31,13.37,13.4,13.49,13.49,13.41,13.2,13.05,12.7,12.63,12.86,12.99,13.1,12.8,12.85,12.7,12.79,12.85,12.76,12.74,12.73,12.56,12.68,12.86,13.03,13.08,13.15,13.17,13.15,13.22,13.52,13.53,13.19,13.41,13.54,13.7
72483,33181,North Miami,FL,Miami-Fort Lauderdale,Miami-Dade,6.61,6.61,6.61,6.5,6.4,6.5,6.53,6.37,6.39,6.39,6.41,6.37,6.34,6.37,6.41,6.65,6.72,6.59,6.67,6.58,6.71,6.8,6.79,7.02,7.04,7.05,7.19,7.38,7.45,7.75,7.82,8.11,8.11,8.25,8.34,8.34,8.7,8.79,8.7,8.76,8.77,8.73,8.68,8.56,8.46,8.49,8.53,8.61,8.59,8.74,8.74,8.71,8.7,9.07,8.93,8.77,8.65,8.76,8.69,8.72,8.74,8.77,8.89,8.75,8.53,8.86,9.0,8.94,9.1,9.41,9.52,9.52,9.58,9.64,9.75,9.65,9.62,9.65,9.58,9.61,9.64,9.64,9.78,9.68,9.86,9.86,9.76,9.82,9.95,9.86
72542,33323,Sunrise,FL,Miami-Fort Lauderdale,Broward,,,,,,,,,,,,,,,,,,,,,,,,,,,,9.06,9.16,9.26,9.27,9.33,9.44,9.63,9.82,9.95,10.07,10.12,10.21,10.36,10.41,10.49,10.45,10.53,10.6,10.61,10.68,10.7,10.78,10.7,10.81,10.75,10.86,10.92,10.93,11.05,11.08,11.0,10.95,11.05,11.13,11.2,11.19,11.2,11.24,11.26,11.25,11.06,11.09,11.15,11.21,11.25,11.29,11.36,11.42,11.5,11.53,11.48,11.45,11.56,11.59,11.72,11.76,11.81,11.98,12.07,11.99,12.03,12.19,12.23
72487,33185,Kendall West,FL,Miami-Fort Lauderdale,Miami-Dade,9.43,9.46,9.47,9.47,9.44,9.52,9.6,9.58,9.51,9.46,9.38,9.28,9.2,9.15,9.24,9.17,9.21,9.3,9.3,9.25,9.31,9.33,9.48,9.58,9.55,9.46,9.49,9.78,9.82,9.92,9.99,10.06,10.27,10.34,10.33,10.39,10.55,10.46,10.41,10.51,10.54,10.53,10.71,10.92,11.04,11.06,11.15,11.16,11.29,11.39,11.4,11.43,11.51,11.47,11.47,11.42,11.47,11.58,11.59,11.73,11.81,11.87,11.93,11.91,11.86,11.92,11.91,11.93,11.95,11.85,11.92,12.03,12.13,12.26,12.39,12.46,12.43,12.47,12.36,12.4,12.55,12.61,12.57,12.61,12.89,13.0,12.97,12.96,13.06,12.97
72597,33431,Boca Raton,FL,Miami-Fort Lauderdale,Palm Beach,9.86,9.73,9.69,9.82,9.82,9.88,9.82,9.82,9.74,9.86,9.68,9.66,9.55,9.51,9.49,9.63,9.69,9.87,10.05,9.98,10.0,10.22,10.21,10.16,10.13,10.02,10.2,10.24,10.4,10.67,10.89,11.04,11.17,11.26,11.36,11.35,11.43,11.33,11.38,11.33,11.28,11.3,11.3,11.26,11.45,11.45,11.47,11.47,11.42,11.43,11.38,11.37,11.32,11.33,11.47,11.71,11.78,11.87,11.86,11.98,12.0,11.87,11.6,11.46,11.51,11.59,11.85,11.88,11.94,11.98,11.99,12.02,11.98,12.09,12.05,11.98,11.97,12.12,12.16,12.14,12.26,12.34,12.39,12.38,12.6,12.7,12.5,12.68,12.76,12.82
399573,33472,Boynton Beach,FL,Miami-Fort Lauderdale,Palm Beach,8.84,8.72,8.7,8.72,8.66,8.75,8.87,8.95,8.85,8.74,8.66,8.63,8.61,8.6,8.61,8.59,8.58,8.58,8.78,8.72,8.72,8.7,8.74,8.77,8.71,8.66,8.66,8.76,8.89,9.02,9.05,9.2,9.27,9.33,9.44,9.52,9.56,9.56,9.57,9.75,9.79,9.82,10.0,10.17,10.37,10.46,10.49,10.56,10.52,10.47,10.47,10.49,10.51,10.53,10.6,10.56,10.59,10.72,10.66,10.77,10.89,11.0,11.21,11.05,11.02,11.11,11.1,10.91,10.98,11.18,11.2,11.2,11.23,11.35,11.31,11.26,11.26,11.2,11.22,11.26,11.27,11.35,11.45,11.55,11.85,12.0,11.92,12.05,12.12,12.07
72628,33469,Tequesta,FL,Miami-Fort Lauderdale,Palm Beach,10.57,10.35,10.14,10.26,10.25,10.43,10.54,10.62,10.53,10.42,10.19,10.23,10.16,10.23,10.18,10.2,10.11,10.29,10.54,10.57,10.64,10.99,11.0,11.14,11.15,10.95,10.81,10.8,10.62,10.7,10.84,11.12,11.2,11.03,10.97,11.08,11.17,11.19,11.23,11.4,11.49,11.49,11.5,11.62,11.78,11.74,11.69,11.46,11.41,11.43,11.5,11.64,11.68,11.78,11.87,11.86,11.91,12.06,12.13,12.24,12.22,12.06,11.6,11.49,11.52,11.62,11.91,11.62,11.68,11.84,11.97,11.99,11.86,11.86,11.87,11.77,11.74,11.87,11.98,12.18,12.26,12.26,12.25,12.32,12.52,12.51,12.17,12.19,12.18,11.93
72432,33129,Miami,FL,Miami-Fort Lauderdale,Miami-Dade,11.36,11.17,11.21,11.13,11.14,11.2,11.3,11.47,11.47,11.39,11.31,11.34,11.42,11.56,11.51,11.46,11.7,11.74,11.91,12.18,12.34,12.32,12.12,12.17,12.24,12.54,12.65,12.95,13.01,13.14,13.46,13.58,13.72,13.96,14.12,14.07,14.28,14.25,14.39,14.59,14.64,14.62,14.37,14.4,14.5,14.35,14.35,14.38,14.41,14.55,14.57,14.62,14.56,14.5,14.45,14.28,14.28,14.36,14.18,14.24,14.24,14.42,13.91,13.77,14.04,14.02,14.14,14.03,13.8,13.49,13.74,13.86,13.96,14.23,14.39,14.44,14.45,14.37,14.29,14.19,14.38,14.29,14.26,14.23,14.4,14.36,14.35,14.34,14.5,14.42
72435,33132,Miami,FL,Miami-Fort Lauderdale,Miami-Dade,10.94,10.87,10.95,11.02,11.06,11.13,11.18,11.13,11.23,11.21,11.2,11.28,11.14,11.1,11.13,11.23,11.16,11.25,11.42,11.65,12.02,12.05,12.19,12.29,12.61,12.9,13.12,13.22,13.46,13.68,13.67,13.8,14.01,14.04,14.12,14.08,14.49,14.61,14.68,14.8,14.88,14.79,14.58,14.42,14.48,14.33,14.35,14.34,14.33,14.33,14.21,14.32,14.4,14.21,14.09,13.86,13.7,13.74,13.57,13.6,13.53,13.85,13.19,13.19,13.27,13.13,13.0,13.16,13.16,13.01,13.11,13.19,13.14,13.31,13.46,13.41,13.54,13.48,13.36,13.31,13.33,13.39,13.28,13.24,13.4,13.32,13.24,13.16,13.17,13.1
72572,33405,West Palm Beach,FL,Miami-Fort Lauderdale,Palm Beach,7.82,7.62,7.36,7.12,7.06,7.2,7.21,7.16,6.97,6.77,6.57,6.55,6.45,6.39,6.32,6.48,6.44,6.54,6.56,6.55,6.65,6.76,6.98,7.0,6.89,6.92,6.9,6.95,7.2,7.36,7.46,7.6,7.72,7.95,8.18,8.18,8.15,8.27,8.2,8.17,8.13,8.24,8.45,8.61,8.77,8.73,8.75,8.79,8.76,8.86,8.95,8.98,9.04,9.01,9.11,9.25,9.29,9.41,9.55,9.82,9.95,9.98,10.23,10.11,10.04,9.91,9.99,9.93,9.86,9.74,9.76,9.86,10.02,10.23,10.36,10.46,10.65,10.79,10.9,10.91,11.0,11.23,11.34,11.43,11.76,11.78,11.75,12.01,12.06,12.26
72550,33331,Weston,FL,Miami-Fort Lauderdale,Broward,11.12,11.03,10.86,10.85,10.78,10.88,10.94,10.87,10.9,10.93,10.91,10.92,10.92,10.9,10.97,11.0,10.97,11.1,11.16,11.25,11.25,11.39,11.52,11.7,11.62,11.64,11.59,11.61,11.7,11.72,11.85,12.01,12.19,12.33,12.29,12.31,12.29,12.36,12.39,12.64,12.81,12.92,12.84,12.82,12.95,12.94,12.82,12.77,12.79,12.78,12.77,12.69,12.63,12.66,12.66,12.73,12.77,12.68,12.67,12.7,12.75,12.76,12.49,12.51,12.5,12.5,12.53,12.33,12.4,12.53,12.55,12.61,12.63,12.72,12.8,12.88,12.93,12.93,12.91,12.92,12.96,13.0,13.06,13.14,13.33,13.39,13.26,13.35,13.5,13.47
72535,33316,Fort Lauderdale,FL,Miami-Fort Lauderdale,Broward,11.23,11.2,11.04,11.0,10.99,11.04,11.09,11.07,11.07,11.02,11.01,11.03,11.08,11.03,11.13,11.14,11.19,11.38,11.31,11.41,11.5,11.62,11.73,11.89,11.93,12.01,12.04,12.06,12.08,12.11,12.19,12.27,12.36,12.47,12.43,12.46,12.41,12.44,12.52,12.75,12.87,13.0,12.94,12.97,13.08,13.06,12.92,12.92,12.91,12.94,12.98,12.87,12.87,12.91,12.93,12.94,12.92,12.82,12.84,12.85,12.79,12.86,12.34,12.34,12.77,12.71,12.63,11.84,11.83,11.79,11.93,12.05,12.25,12.55,12.82,12.89,12.91,12.75,12.87,12.93,12.9,13.06,13.16,13.18,13.38,13.38,13.12,13.13,13.27,13.24
72452,33149,Key Biscayne,FL,Miami-Fort Lauderdale,Miami-Dade,12.92,12.96,12.96,13.1,13.26,13.34,13.36,13.42,13.37,13.36,13.39,13.44,13.42,13.43,13.49,13.54,13.54,13.71,13.95,14.14,14.1,14.01,13.98,13.98,14.01,14.04,14.01,14.06,14.12,14.22,14.3,14.44,14.72,14.82,15.0,14.95,15.07,15.06,15.17,15.33,15.45,15.61,15.51,15.43,15.4,15.19,15.03,15.04,15.1,15.19,15.23,15.31,15.27,15.16,15.15,14.88,14.91,14.95,14.85,14.95,15.11,15.22,15.09,14.9,15.94,15.3,15.02,14.67,14.44,14.4,14.42,14.46,14.61,14.78,14.98,15.02,15.01,14.93,14.88,14.87,14.86,14.86,14.73,14.81,15.19,15.28,15.23,15.23,15.42,15.4
72546,33327,Weston,FL,Miami-Fort Lauderdale,Broward,11.22,11.17,11.0,11.01,10.96,11.02,11.05,11.05,11.04,11.0,11.07,11.01,11.02,10.99,11.08,11.13,11.16,11.32,11.38,11.41,11.46,11.55,11.62,11.76,11.76,11.87,11.85,11.84,11.89,11.97,12.01,12.16,12.3,12.49,12.45,12.52,12.54,12.61,12.61,12.81,12.9,13.0,13.0,13.02,13.11,13.05,12.93,12.89,12.87,12.87,12.82,12.75,12.78,12.82,12.81,12.83,12.84,12.73,12.72,12.76,12.82,12.87,12.6,12.66,12.73,12.66,12.66,12.45,12.48,12.56,12.61,12.67,12.7,12.81,12.86,12.84,12.85,12.87,12.87,12.93,12.9,12.93,12.99,13.02,13.18,13.28,13.17,13.25,13.4,13.34
72524,33305,Fort Lauderdale,FL,Miami-Fort Lauderdale,Broward,10.88,10.64,10.63,10.72,10.65,10.79,10.86,10.89,10.83,10.76,10.73,10.66,10.75,10.78,10.96,10.99,11.05,11.23,11.27,11.36,11.42,11.5,11.66,11.82,11.86,11.96,11.96,12.0,12.02,12.03,12.09,12.14,12.24,12.36,12.33,12.4,12.35,12.41,12.5,12.67,12.83,12.97,12.8,12.78,12.91,12.99,12.86,12.84,12.8,12.84,12.87,12.79,12.84,12.85,12.92,12.91,12.92,12.85,12.84,12.84,12.84,12.84,12.54,12.57,12.77,12.74,12.75,12.21,12.23,12.2,12.25,12.33,12.42,12.63,12.81,12.86,12.92,12.91,12.97,13.04,13.04,13.09,13.19,13.23,13.37,13.39,13.25,13.31,13.43,13.34
72534,33315,Fort Lauderdale,FL,Miami-Fort Lauderdale,Broward,9.06,9.08,9.05,8.97,8.76,8.79,8.66,8.6,8.43,8.3,8.21,8.21,8.33,8.34,8.29,8.36,8.37,8.53,8.64,8.72,9.12,9.35,9.43,9.62,9.55,9.69,9.86,10.12,10.14,10.13,10.19,10.37,10.36,10.67,10.88,10.9,11.01,11.09,11.02,11.2,11.31,11.38,11.21,11.27,11.44,11.53,11.61,11.61,11.6,11.68,11.48,11.47,11.56,11.61,11.64,11.52,11.64,11.51,11.62,11.7,11.82,11.92,11.74,11.82,11.86,11.86,11.81,10.87,10.85,10.64,10.84,11.04,11.16,11.41,11.58,11.71,11.88,11.96,12.06,12.21,12.18,12.21,12.19,12.32,12.58,12.75,12.62,12.55,12.69,12.71
72486,33184,Tamiami,FL,Miami-Fort Lauderdale,Miami-Dade,8.76,8.68,8.7,8.76,8.79,8.77,8.74,8.59,8.5,8.49,8.41,8.37,8.31,8.43,8.4,8.31,8.34,8.39,8.48,8.45,8.57,8.58,8.71,8.9,9.02,8.97,8.9,9.09,9.22,9.34,9.41,9.51,9.57,9.7,9.75,9.68,9.74,9.62,9.65,9.88,10.09,10.03,10.1,10.33,10.42,10.27,10.3,10.32,10.34,10.38,10.47,10.53,10.47,10.36,10.37,10.38,10.47,10.66,10.72,10.78,10.83,10.97,11.03,10.99,10.86,10.79,10.88,11.26,11.3,11.34,11.44,11.51,11.58,11.72,11.83,11.79,11.82,11.85,11.81,11.81,11.93,12.02,12.1,12.21,12.48,12.49,12.44,12.48,12.68,12.5
72579,33412,West Palm Beach,FL,Miami-Fort Lauderdale,Palm Beach,9.15,9.0,8.89,8.99,9.01,9.19,9.13,9.19,9.07,9.0,8.99,8.92,8.96,8.74,9.01,8.94,8.99,9.55,9.99,10.25,10.01,9.89,9.98,10.05,10.15,10.25,10.3,10.33,10.61,10.66,10.42,10.45,10.26,10.29,9.95,10.36,10.97,11.42,11.59,11.59,11.42,11.36,11.42,11.34,11.41,11.53,11.56,11.45,11.44,11.41,11.34,11.3,11.37,11.33,11.22,11.26,11.35,11.51,11.56,11.71,11.69,11.59,11.55,11.48,11.24,11.48,11.6,11.74,11.9,12.09,12.08,12.11,12.22,12.27,12.24,12.12,12.05,12.0,12.08,12.15,12.22,12.26,12.3,12.45,12.85,13.0,12.81,12.89,12.95,12.94
72570,33403,Lake Park,FL,Miami-Fort Lauderdale,Palm Beach,7.15,7.06,6.85,6.71,6.62,6.51,6.43,6.42,6.27,6.15,6.02,5.93,5.81,5.8,5.72,5.76,5.71,5.72,5.5,5.52,5.61,5.76,5.9,6.04,5.93,5.96,6.13,6.19,6.35,6.46,6.62,6.75,6.86,7.09,7.25,7.37,7.43,7.44,7.44,7.49,7.41,7.43,7.74,7.9,8.04,8.13,8.25,8.22,8.14,8.13,8.07,8.11,8.14,8.17,8.29,8.46,8.62,8.84,9.07,9.23,9.28,9.25,9.55,9.54,9.58,9.75,9.81,9.55,9.56,9.76,9.69,9.75,9.8,9.95,9.95,9.9,9.99,10.12,10.24,10.12,10.19,10.23,10.35,10.47,10.76,10.84,10.73,10.88,11.01,11.14
72580,33413,Greenacres,FL,Miami-Fort Lauderdale,Palm Beach,8.02,7.95,7.81,7.8,7.78,7.76,7.71,7.71,7.66,7.67,7.66,7.62,7.6,7.53,7.49,7.43,7.44,7.46,7.5,7.5,7.59,7.62,7.62,7.62,7.5,7.63,7.66,7.68,7.82,7.94,8.04,8.14,8.21,8.33,8.23,8.28,8.39,8.47,8.63,8.81,8.85,8.89,9.07,9.31,9.49,9.54,9.56,9.6,9.58,9.5,9.56,9.61,9.66,9.8,9.92,10.07,10.11,10.21,10.17,10.26,10.35,10.29,10.48,10.35,10.25,10.32,10.33,10.79,10.86,11.01,10.99,11.05,11.05,11.07,11.1,11.12,11.17,11.13,11.16,11.18,11.22,11.28,11.35,11.49,11.83,11.94,11.83,11.98,12.04,12.01
72647,33498,Boca Raton,FL,Miami-Fort Lauderdale,Palm Beach,10.43,10.31,10.13,10.11,10.16,10.22,10.26,10.29,10.17,10.07,9.98,9.99,9.91,9.91,10.14,10.05,10.25,11.06,11.34,11.55,11.14,11.15,11.14,11.5,11.83,11.51,11.25,11.39,11.44,11.65,11.73,11.92,11.33,11.06,11.02,11.6,12.37,12.41,12.69,12.41,12.23,12.01,11.82,11.77,11.66,11.64,11.66,11.73,11.72,11.77,11.78,11.75,11.78,11.72,11.68,11.66,11.67,11.66,11.71,11.76,11.76,11.74,11.79,11.88,11.76,11.89,12.0,12.04,12.09,12.25,12.16,12.09,12.06,12.12,12.14,12.09,12.04,12.05,12.11,12.21,12.29,12.32,12.32,12.35,12.65,12.72,12.56,12.67,12.75,12.73
72489,33187,Richmond West,FL,Miami-Fort Lauderdale,Miami-Dade,8.89,8.92,8.98,9.16,9.35,9.38,9.42,9.46,9.3,9.23,9.12,8.86,8.72,8.76,8.65,8.65,8.85,9.09,9.24,9.37,9.42,9.4,9.26,9.24,9.28,9.36,9.3,9.32,9.32,9.47,9.68,9.72,9.81,9.92,9.94,9.87,10.06,10.0,9.99,10.15,10.24,10.29,10.35,10.48,10.55,10.55,10.58,10.63,10.68,10.74,10.77,10.82,10.83,10.77,10.97,11.04,11.01,11.01,11.1,11.15,11.2,11.34,11.47,11.62,11.59,11.68,11.66,11.89,11.87,11.71,11.82,11.9,12.0,12.09,12.17,12.26,12.3,12.35,12.26,12.31,12.36,12.42,12.52,12.55,12.85,12.93,12.87,12.91,13.17,13.28
72449,33146,Coral Gables,FL,Miami-Fort Lauderdale,Miami-Dade,12.96,12.87,12.86,13.03,13.2,13.2,13.35,13.46,13.43,13.39,13.35,13.3,13.34,13.47,13.5,13.54,13.57,13.66,13.86,13.95,13.96,13.9,13.89,13.87,13.92,14.05,14.02,14.04,14.09,14.17,14.22,14.32,14.6,14.72,14.91,14.91,15.0,14.97,15.03,15.16,15.29,15.4,15.14,15.13,15.15,14.96,14.88,14.97,15.09,15.22,15.29,15.37,15.38,15.24,15.2,14.92,14.92,14.97,14.88,14.88,14.99,15.09,14.69,14.52,14.66,14.51,14.53,14.77,14.6,14.23,14.28,14.41,14.7,14.98,15.12,14.95,14.69,14.62,14.5,14.54,14.63,14.66,14.7,14.76,15.13,15.15,15.16,15.2,15.43,15.33
72492,33190,Cutler Bay,FL,Miami-Fort Lauderdale,Miami-Dade,6.81,6.86,6.89,6.89,6.78,6.74,6.72,6.75,6.63,6.61,6.52,6.55,6.65,6.58,6.55,6.61,6.58,6.54,6.52,6.58,6.47,6.51,6.63,6.67,6.72,6.79,6.82,6.84,7.03,7.08,7.13,7.29,7.41,7.65,7.89,7.97,8.16,8.22,8.45,8.6,8.74,8.85,8.85,9.01,9.06,9.08,9.07,9.08,9.12,9.09,9.19,9.29,9.42,9.41,9.43,9.52,9.5,9.57,9.47,9.5,9.56,9.65,9.78,9.75,9.73,9.77,9.83,9.88,9.94,10.32,10.3,10.28,10.33,10.47,10.61,10.7,10.67,10.64,10.58,10.58,10.71,10.79,10.89,10.94,11.16,11.24,11.19,11.18,11.29,11.27
72635,33478,Jupiter,FL,Miami-Fort Lauderdale,Palm Beach,10.07,10.03,9.94,10.08,9.92,9.95,10.07,10.12,10.31,10.22,10.04,10.12,10.12,10.13,9.97,9.83,9.87,10.86,11.28,11.27,10.72,10.54,10.66,11.19,11.32,11.53,11.39,11.41,11.77,11.98,11.58,11.39,11.11,10.9,10.68,11.36,12.42,12.59,12.84,12.73,12.72,12.54,12.25,12.03,11.97,12.02,12.01,11.9,11.94,11.93,11.74,11.76,11.76,11.68,11.74,11.87,11.89,12.1,11.99,12.12,12.14,12.08,12.07,11.9,12.11,12.15,12.12,12.15,12.27,12.63,12.65,12.59,12.53,12.43,12.48,12.48,12.54,12.57,12.68,12.76,12.88,12.98,12.98,13.07,13.31,13.4,13.27,13.39,13.43,13.49
72549,33330,Cooper City,FL,Miami-Fort Lauderdale,Broward,11.16,11.06,10.9,10.93,10.88,10.98,11.04,11.02,11.01,10.97,10.98,10.99,11.0,10.96,11.06,11.11,11.13,11.28,11.28,11.4,11.42,11.52,11.66,11.83,11.8,11.88,11.93,11.92,11.94,11.97,12.02,12.12,12.21,12.35,12.28,12.3,12.33,12.4,12.45,12.69,12.8,12.95,12.89,12.91,13.03,13.01,12.85,12.82,12.84,12.85,12.86,12.75,12.78,12.81,12.84,12.87,12.84,12.75,12.75,12.77,12.79,12.78,12.28,12.34,12.32,12.35,12.42,12.25,12.35,12.38,12.48,12.6,12.72,12.86,12.92,12.92,12.91,12.95,12.99,12.9,12.91,12.99,13.09,13.18,13.37,13.4,13.27,13.38,13.58,13.59
72473,33170,Goulds,FL,Miami-Fort Lauderdale,Miami-Dade,7.01,6.85,6.66,6.68,6.59,6.53,6.51,6.52,6.49,6.43,6.35,6.37,6.45,6.38,6.44,6.46,6.53,6.56,6.58,6.63,6.52,6.62,6.65,6.68,6.74,6.69,6.78,6.81,6.86,7.04,7.13,7.25,7.3,7.42,7.49,7.51,7.68,7.74,7.87,7.98,8.04,8.14,8.25,8.5,8.51,8.49,8.58,8.84,8.85,8.95,8.93,8.93,8.95,9.09,9.23,9.16,9.13,9.13,9.18,9.32,9.38,9.46,9.63,9.57,9.41,9.34,9.41,10.19,10.33,10.61,10.68,10.68,10.67,10.7,10.76,10.89,10.91,10.9,10.93,11.02,11.13,11.2,11.26,11.38,11.66,11.74,11.68,11.7,11.84,11.92
72484,33182,Tamiami,FL,Miami-Fort Lauderdale,Miami-Dade,9.02,8.98,8.99,8.94,8.98,9.03,9.12,9.11,9.16,9.16,9.08,9.07,8.94,8.93,8.82,8.67,8.74,8.88,8.87,8.91,9.06,8.99,9.05,9.19,9.34,9.28,9.33,9.5,9.63,9.85,9.95,9.99,10.05,10.15,10.23,10.14,10.19,10.07,10.16,10.3,10.41,10.43,10.53,10.75,10.87,10.79,11.02,11.17,11.12,11.18,11.39,11.54,11.57,11.52,11.52,11.46,11.51,11.6,11.47,11.58,11.67,11.69,11.69,11.66,11.55,11.57,11.59,11.67,11.7,11.69,11.74,11.75,11.81,11.9,12.02,12.1,12.1,12.03,11.89,11.97,12.17,12.17,12.25,12.3,12.59,12.65,12.55,12.51,12.57,12.45
399574,33473,Boynton Beach,FL,Miami-Fort Lauderdale,Palm Beach,10.82,10.62,10.45,10.7,10.85,11.05,11.3,11.47,11.57,11.57,11.64,11.71,11.51,11.44,11.45,11.63,11.73,11.6,11.64,11.57,11.63,11.64,11.46,11.19,11.13,11.09,10.99,11.11,11.23,11.51,11.77,12.04,11.88,11.83,11.7,11.71,11.86,11.97,12.09,12.45,12.56,12.68,12.87,12.89,13.02,13.03,12.92,12.91,12.85,12.94,13.13,13.11,13.27,13.22,13.28,13.29,13.27,12.97,12.88,12.8,12.75,12.65,12.77,12.8,13.44,13.59,13.45,13.24,13.16,13.14,13.02,12.99,12.98,12.99,12.97,13.01,13.07,13.04,13.15,13.17,13.16,13.18,13.2,13.22,13.47,13.6,13.38,13.6,13.77,13.93
399572,33449,Wellington,FL,Miami-Fort Lauderdale,Palm Beach,10.4,10.17,9.99,10.21,10.32,10.5,10.68,10.72,10.7,10.7,10.6,10.72,10.62,10.51,10.65,10.63,10.62,10.79,11.05,11.19,11.1,11.21,11.29,11.12,11.05,11.0,10.9,11.12,11.32,11.42,11.59,11.59,11.52,11.57,11.55,11.8,12.0,11.89,11.97,11.97,12.13,12.02,12.1,12.36,12.39,12.6,12.4,12.39,12.43,12.42,12.34,12.39,12.45,12.33,12.34,12.39,12.31,12.23,12.11,12.12,12.09,12.06,11.94,11.99,11.78,12.07,12.29,12.4,12.58,12.31,12.5,12.56,12.53,12.47,12.33,12.22,12.19,12.29,12.47,12.62,12.7,12.82,12.86,12.89,13.08,13.07,12.76,12.78,12.81,12.86
72551,33332,Weston,FL,Miami-Fort Lauderdale,Broward,11.27,11.21,11.03,11.05,10.99,11.06,11.08,11.08,11.05,11.09,11.09,11.06,11.09,11.05,11.13,11.18,11.14,11.31,11.39,11.47,11.49,11.61,11.74,11.92,11.9,11.95,12.0,11.97,12.05,12.09,12.17,12.3,12.38,12.52,12.44,12.47,12.46,12.6,12.59,12.79,12.89,13.0,13.01,13.09,13.22,13.18,13.02,12.96,12.97,12.98,13.01,12.91,12.88,12.91,12.91,12.96,12.98,12.88,12.87,12.89,12.94,12.95,12.8,12.82,12.87,12.85,12.78,12.64,12.67,12.74,12.82,12.86,12.9,13.0,13.01,13.04,13.13,13.15,13.15,13.16,13.14,13.16,13.21,13.26,13.5,13.61,13.53,13.61,13.73,13.65
72431,33128,Miami,FL,Miami-Fort Lauderdale,Miami-Dade,,,,,,,,,,,,,,,,,,,,,,,,,,,,5.6,5.69,5.71,5.76,6.07,6.22,6.29,6.25,6.16,6.39,6.6,6.64,6.76,6.76,6.66,6.6,6.55,6.59,6.82,7.27,7.3,7.34,7.45,7.53,7.6,7.67,7.78,7.93,7.82,7.98,7.84,7.84,7.83,7.67,7.74,8.1,8.16,8.03,8.23,8.38,7.36,7.55,8.8,8.68,8.35,8.13,8.2,8.22,8.25,8.27,8.44,8.48,8.54,8.59,8.74,8.85,8.89,8.86,8.72,8.79,8.84,9.31,9.23
72461,33158,Village of Palmetto Bay,FL,Miami-Fort Lauderdale,Miami-Dade,12.95,12.89,12.86,13.13,13.24,13.26,13.36,13.47,13.35,13.3,13.25,13.29,13.22,13.26,13.16,13.19,13.3,13.46,13.7,13.85,13.65,13.57,13.65,13.62,13.61,13.81,13.77,13.57,13.7,13.86,13.82,13.6,14.09,14.36,14.65,14.63,14.73,14.68,14.82,14.73,14.94,15.24,14.98,14.81,14.73,14.65,14.5,14.68,14.78,14.99,15.03,15.06,15.12,15.06,14.91,14.59,14.51,14.4,14.27,14.4,14.47,14.61,14.31,14.42,13.73,14.09,14.16,14.49,14.61,14.44,14.53,14.56,14.65,14.8,14.9,14.93,14.88,14.75,14.5,14.44,14.44,14.44,14.56,14.56,14.91,15.0,14.97,15.03,15.36,15.26
72495,33194,Kendall,FL,Miami-Fort Lauderdale,Miami-Dade,8.95,8.92,8.89,8.87,8.8,8.8,8.83,8.87,8.87,8.9,8.8,8.68,8.52,8.51,8.6,8.53,8.59,8.62,8.65,8.86,8.85,9.02,9.17,9.25,9.08,9.1,9.09,9.11,9.12,9.21,9.3,9.26,9.41,9.54,9.7,9.66,9.9,9.88,10.09,10.22,10.25,10.25,10.46,10.71,10.73,10.74,10.69,10.81,10.85,10.78,10.91,11.1,11.21,11.16,11.3,11.22,11.12,11.33,11.27,11.07,11.08,11.27,11.3,11.42,11.2,11.08,11.03,11.24,11.28,11.48,11.48,11.53,11.67,11.78,11.86,11.84,11.85,11.91,11.92,11.89,12.0,12.11,12.22,12.31,12.57,12.61,12.58,12.62,12.7,12.62
72369,33031,Homestead,FL,Miami-Fort Lauderdale,Miami-Dade,11.68,11.57,11.56,11.4,11.55,11.27,10.99,11.28,11.52,11.47,11.81,11.48,11.73,11.6,11.85,11.73,11.24,11.29,11.19,11.16,11.72,11.63,11.61,11.44,11.3,11.72,11.58,11.94,11.5,11.57,11.33,11.31,11.73,11.78,11.87,11.85,11.9,11.83,11.71,12.15,12.44,12.07,12.42,12.43,12.39,12.33,12.42,12.55,12.7,12.8,12.82,12.71,12.63,12.49,12.82,12.65,12.47,12.47,12.62,12.72,12.88,13.13,13.06,12.82,12.27,12.32,12.5,12.53,12.7,12.73,13.03,13.15,13.32,13.58,13.81,13.96,13.93,13.89,13.69,13.69,13.94,14.06,14.04,13.93,14.05,13.78,13.5,13.53,13.88,14.17
72525,33306,Fort Lauderdale,FL,Miami-Fort Lauderdale,Broward,10.58,10.34,10.31,10.41,10.39,10.46,10.47,10.71,10.68,10.68,10.56,10.28,10.34,10.28,10.26,10.37,10.46,10.62,10.77,10.94,11.2,11.35,11.5,11.61,11.63,11.66,11.76,11.81,11.84,11.85,11.97,12.03,12.1,12.26,12.15,12.28,12.2,12.28,12.36,12.6,12.72,12.86,12.47,12.49,12.63,12.74,12.64,12.48,12.5,12.62,12.7,12.61,12.66,12.63,12.6,12.61,12.52,12.41,12.44,12.53,12.66,12.69,12.09,12.06,12.29,12.38,12.52,12.11,12.06,11.95,12.04,12.14,12.21,12.37,12.55,12.66,12.76,12.78,12.84,12.86,12.9,12.91,12.94,12.94,13.08,12.92,12.76,12.75,12.77,12.69
72418,33109,Fisher Island,FL,Miami-Fort Lauderdale,Miami-Dade,12.87,12.96,12.97,13.29,13.25,13.29,13.45,13.56,13.56,13.38,13.34,13.34,13.31,13.36,13.42,13.44,13.51,13.62,13.92,14.11,13.99,13.96,14.09,13.95,14.0,14.02,14.05,14.19,14.23,14.23,14.34,14.44,14.72,14.8,15.01,14.94,14.97,15.07,15.25,15.36,15.42,15.53,15.35,15.31,15.4,15.34,15.2,14.91,14.9,15.09,15.24,15.37,15.33,15.26,15.21,14.91,14.93,14.98,15.16,15.01,14.94,15.2,15.22,15.07,15.57,15.18,14.7,15.22,15.21,14.5,14.81,14.74,14.89,14.85,14.88,14.9,14.86,15.0,14.84,14.77,14.69,14.67,14.55,14.74,15.18,15.22,15.13,15.11,15.46,15.39
